Pheno,UKB ID,IDP short name,,Units,Type,Cat.,Category,modality,Category name,IDP description,N(disc),Npar(disc),Nnonpar(disc),N(rep),Npar(rep),Nnonpar(rep),N(all),Npar(all),Nnonpar(all),Heritability,Heritability(SE)
1,25001,IDP_T1_SIENAX_peripheral_grey_normalised_volume,,mm3,float,1,,,regional and tissue volume,"Volume of peripheral cortical grey matter (from T1 brain image, normalised for head size)",22138,22117,22126,11086,-,-,33224,33197,33209,2.59E-01,2.21E-02
2,25002,IDP_T1_SIENAX_peripheral_grey_unnormalised_volume,,mm3,float,1,,,regional and tissue volume,Volume of peripheral cortical grey matter (from T1 brain image),22138,22117,22126,11086,-,-,33224,33197,33209,2.57E-01,2.17E-02
3,25003,IDP_T1_SIENAX_CSF_normalised_volume,,mm3,float,1,,,regional and tissue volume,"Volume of ventricular cerebrospinal fluid (from T1 brain image, normalised for head size)",22138,22117,22126,11086,-,-,33224,33197,33209,2.88E-01,2.38E-02
4,25004,IDP_T1_SIENAX_CSF_unnormalised_volume,,mm3,float,1,,,regional and tissue volume,Volume of ventricular cerebrospinal fluid (from T1 brain image),22138,22117,22126,11086,-,-,33224,33197,33209,2.88E-01,2.39E-02
5,25005,IDP_T1_SIENAX_grey_normalised_volume,,mm3,float,1,,,regional and tissue volume,"Volume of grey matter (from T1 brain image, normalised for head size)",22138,22117,22126,11086,-,-,33224,33197,33209,2.31E-01,2.19E-02
6,25006,IDP_T1_SIENAX_grey_unnormalised_volume,,mm3,float,1,,,regional and tissue volume,Volume of grey matter (from T1 brain image),22138,22117,22126,11086,-,-,33224,33197,33209,2.27E-01,2.14E-02
7,25007,IDP_T1_SIENAX_white_normalised_volume,,mm3,float,1,,,regional and tissue volume,"Volume of white matter (from T1 brain image, normalised for head size)",22138,22117,22126,11086,-,-,33224,33197,33209,2.91E-01,2.53E-02
8,25008,IDP_T1_SIENAX_white_unnormalised_volume,,mm3,float,1,,,regional and tissue volume,Volume of white matter (from T1 brain image),22138,22117,22126,11086,-,-,33224,33197,33209,2.89E-01,2.55E-02
9,25009,IDP_T1_SIENAX_brain-normalised_volume,,mm3,float,1,,,regional and tissue volume,"Volume of brain, grey+white, from T1 brain image, normalised for head size",22138,22117,22126,11086,-,-,33224,33197,33209,2.51E-01,2.42E-02
10,25010,IDP_T1_SIENAX_brain-unnormalised_volume,,mm3,float,1,,,regional and tissue volume,"Volume of brain, grey+white, from T1 brain image",22138,22117,22126,11086,-,-,33224,33197,33209,2.49E-01,2.40E-02
11,25011,IDP_T1_FIRST_left_thalamus_volume,,mm3,float,1,Volume,S,regional and tissue volume,Volume of left thalamus (from T1 brain image),22128,22107,22116,11083,-,-,33211,33184,33196,2.57E-01,2.38E-02
12,25012,IDP_T1_FIRST_right_thalamus_volume,,mm3,float,1,Volume,S,regional and tissue volume,Volume of right thalamus (from T1 brain image),22128,22107,22116,11083,-,-,33211,33184,33196,2.60E-01,2.33E-02
13,25013,IDP_T1_FIRST_left_caudate_volume,,mm3,float,1,Volume,S,regional and tissue volume,Volume of left caudate (from T1 brain image),22128,22107,22116,11083,-,-,33211,33184,33196,3.45E-01,2.56E-02
14,25014,IDP_T1_FIRST_right_caudate_volume,,mm3,float,1,Volume,S,regional and tissue volume,Volume of right caudate (from T1 brain image),22128,22107,22116,11083,-,-,33211,33184,33196,3.47E-01,2.60E-02
15,25015,IDP_T1_FIRST_left_putamen_volume,,mm3,float,1,Volume,S,regional and tissue volume,Volume of left putamen (from T1 brain image),22128,22107,22116,11083,-,-,33211,33184,33196,2.53E-01,2.45E-02
16,25016,IDP_T1_FIRST_right_putamen_volume,,mm3,float,1,Volume,S,regional and tissue volume,Volume of right putamen (from T1 brain image),22128,22107,22116,11083,-,-,33211,33184,33196,2.88E-01,2.60E-02
17,25017,IDP_T1_FIRST_left_pallidum_volume,,mm3,float,1,Volume,S,regional and tissue volume,Volume of left pallidum (from T1 brain image),22128,22107,22116,11083,-,-,33211,33184,33196,2.14E-01,2.18E-02
18,25018,IDP_T1_FIRST_right_pallidum_volume,,mm3,float,1,Volume,S,regional and tissue volume,Volume of right pallidum (from T1 brain image),22128,22107,22116,11083,-,-,33211,33184,33196,2.31E-01,2.30E-02
19,25019,IDP_T1_FIRST_left_hippocampus_volume,,mm3,float,1,Volume,S,regional and tissue volume,Volume of left hippocampus (from T1 brain image),22128,22107,22116,11083,-,-,33211,33184,33196,1.71E-01,1.89E-02
20,25020,IDP_T1_FIRST_right_hippocampus_volume,,mm3,float,1,Volume,S,regional and tissue volume,Volume of right hippocampus (from T1 brain image),22128,22107,22116,11083,-,-,33211,33184,33196,1.67E-01,1.96E-02
21,25021,IDP_T1_FIRST_left_amygdala_volume,,mm3,float,1,Volume,S,regional and tissue volume,Volume of left amygdala (from T1 brain image),22128,22107,22116,11083,-,-,33211,33184,33196,1.09E-01,1.58E-02
22,25022,IDP_T1_FIRST_right_amygdala_volume,,mm3,float,1,Volume,S,regional and tissue volume,Volume of right amygdala (from T1 brain image),22128,22107,22116,11083,-,-,33211,33184,33196,9.61E-02,1.70E-02
23,25023,IDP_T1_FIRST_left_accumbens_volume,,mm3,float,1,Volume,S,regional and tissue volume,Volume of left accumbens (from T1 brain image),22128,22107,22116,11083,-,-,33211,33184,33196,1.51E-01,1.63E-02
24,25024,IDP_T1_FIRST_right_accumbens_volume,,mm3,float,1,Volume,S,regional and tissue volume,Volume of right accumbens (from T1 brain image),22128,22107,22116,11083,-,-,33211,33184,33196,1.78E-01,1.85E-02
25,25025,IDP_T1_FIRST_brain_stem+4th_ventricle_volume,,mm3,float,1,,,regional and tissue volume,Volume of brain stem + 4th ventricle (from T1 brain image),22128,22107,22116,11083,11077,11080,33211,33184,33196,2.77E-01,2.50E-02
1438,25026,IDP_SWI_T2star_left_thalamus,,ms,float,7,,,regional T2*,Median T2star in left thalamus (from SWI data),20043,20025,20032,10013,-,-,30056,30032,30042,9.41E-02,2.21E-02
1439,25027,IDP_SWI_T2star_right_thalamus,,ms,float,7,,,regional T2*,Median T2star in right thalamus (from SWI data),20043,20025,20032,10013,-,-,30056,30032,30042,1.44E-01,2.65E-02
1440,25028,IDP_SWI_T2star_left_caudate,,ms,float,7,,,regional T2*,Median T2star in left caudate (from SWI data),20043,20025,20032,10013,-,-,30056,30032,30042,1.99E-01,3.02E-02
1441,25029,IDP_SWI_T2star_right_caudate,,ms,float,7,,,regional T2*,Median T2star in right caudate (from SWI data),20043,20025,20032,10013,-,-,30056,30032,30042,2.07E-01,3.11E-02
1442,25030,IDP_SWI_T2star_left_putamen,,ms,float,7,,,regional T2*,Median T2star in left putamen (from SWI data),20043,20025,20032,10013,-,-,30056,30032,30042,3.02E-01,3.51E-02
1443,25031,IDP_SWI_T2star_right_putamen,,ms,float,7,,,regional T2*,Median T2star in right putamen (from SWI data),20043,20025,20032,10013,-,-,30056,30032,30042,3.05E-01,3.40E-02
1444,25032,IDP_SWI_T2star_left_pallidum,,ms,float,7,,,regional T2*,Median T2star in left pallidum (from SWI data),20043,20025,20032,10013,-,-,30056,30032,30042,2.74E-01,3.42E-02
1445,25033,IDP_SWI_T2star_right_pallidum,,ms,float,7,,,regional T2*,Median T2star in right pallidum (from SWI data),20043,20025,20032,10013,10007,10010,30056,30032,30042,2.69E-01,3.60E-02
1446,25034,IDP_SWI_T2star_left_hippocampus,,ms,float,7,,,regional T2*,Median T2star in left hippocampus (from SWI data),20043,20025,20032,10013,-,-,30056,30032,30042,1.16E-01,1.54E-02
1447,25035,IDP_SWI_T2star_right_hippocampus,,ms,float,7,,,regional T2*,Median T2star in right hippocampus (from SWI data),20043,20025,20032,10013,-,-,30056,30032,30042,9.74E-02,1.61E-02
1448,25036,IDP_SWI_T2star_left_amygdala,,ms,float,7,,,regional T2*,Median T2star in left amygdala (from SWI data),20043,20025,20032,10013,-,-,30056,30032,30042,8.41E-02,1.63E-02
1449,25037,IDP_SWI_T2star_right_amygdala,,ms,float,7,,,regional T2*,Median T2star in right amygdala (from SWI data),20043,20025,20032,10013,-,-,30056,30032,30042,6.75E-02,1.54E-02
1450,25038,IDP_SWI_T2star_left_accumbens,,ms,float,7,,,regional T2*,Median T2star in left accumbens (from SWI data),20043,20025,20032,10013,-,-,30056,30032,30042,1.33E-01,1.86E-02
1451,25039,IDP_SWI_T2star_right_accumbens,,ms,float,7,,,regional T2*,Median T2star in right accumbens (from SWI data),20043,20025,20032,10013,-,-,30056,30032,30042,1.07E-01,1.89E-02
2127,25040,IDP_tfMRI_median_BOLD_shapes,,%,float,14,,,tfMRI activation,Median BOLD (blood-oxygen-level dependent) effect (in group-defined mask) for shapes activation (in task fMRI data),18412,18401,18406,9251,9247,9248,27663,27648,27654,3.37E-02,1.68E-02
2129,25042,IDP_tfMRI_median_zstat_shapes,,Z,float,14,,,tfMRI activation,Median z-statistic (in group-defined mask) for shapes activation (in task fMRI data),18412,18401,18406,9251,-,-,27663,27648,27654,3.29E-02,1.83E-02
2131,25044,IDP_tfMRI_median_BOLD_faces,,%,float,14,,,tfMRI activation,Median BOLD (blood-oxygen-level dependent) effect (in group-defined mask) for faces activation (in task fMRI data),18412,18401,18406,9251,-,-,27663,27648,27654,2.69E-02,1.81E-02
2133,25046,IDP_tfMRI_median_zstat_faces,,Z,float,14,,,tfMRI activation,Median z-statistic (in group-defined mask) for faces activation (in task fMRI data),18412,18401,18406,9251,-,-,27663,27648,27654,2.39E-02,1.76E-02
2135,25048,IDP_tfMRI_median_BOLD_faces-shapes,,%,float,14,,,tfMRI activation,Median BOLD (blood-oxygen-level dependent) effect (in group-defined mask) for faces-shapes contrast (in task fMRI data),18412,18401,18406,9251,-,-,27663,27648,27654,6.85E-02,1.61E-02
2137,25050,IDP_tfMRI_median_zstat_faces-shapes,,Z,float,14,,,tfMRI activation,Median z-statistic (in group-defined mask) for faces-shapes contrast (in task fMRI data),18412,18401,18406,9251,-,-,27663,27648,27654,4.78E-02,1.55E-02
2139,25052,IDP_tfMRI_median_BOLD_faces-shapes_amygdala,,%,float,14,,,tfMRI activation,Median BOLD (blood-oxygen-level dependent) effect (in group-defined amygdala activation mask) for faces-shapes contrast (in task fMRI data),18412,18401,18406,9251,-,-,27663,27648,27654,5.24E-02,1.63E-02
2141,25054,IDP_tfMRI_median_zstat_faces-shapes_amygdala,,Z,float,14,,,tfMRI activation,Median z-statistic (in group-defined amygdala activation mask) for faces-shapes contrast (in task fMRI data),18412,18401,18406,9251,-,-,27663,27648,27654,5.97E-02,1.60E-02
1452,25056,IDP_dMRI_TBSS_FA_Middle_cerebellar_peduncle,,AU,float,8,Mean FA,D,WM tract FA,Mean FA (fractional anisotropy) in middle cerebellar peduncle on FA skeleton (from dMRI data),20860,20842,20848,10496,-,-,31356,31332,31341,2.44E-01,2.28E-02
1453,25057,IDP_dMRI_TBSS_FA_Pontine_crossing_tract,,AU,float,8,Mean FA,D,WM tract FA,Mean FA (fractional anisotropy) in pontine crossing tract on FA skeleton (from dMRI data),20860,20842,20848,10496,-,-,31356,31332,31341,1.74E-01,2.20E-02
1454,25058,IDP_dMRI_TBSS_FA_Genu_of_corpus_callosum,,AU,float,8,Mean FA,D,WM tract FA,Mean FA (fractional anisotropy) in genu of corpus callosum on FA skeleton (from dMRI data),20860,20842,20848,10496,-,-,31356,31332,31341,3.19E-01,2.53E-02
1455,25059,IDP_dMRI_TBSS_FA_Body_of_corpus_callosum,,AU,float,8,Mean FA,D,WM tract FA,Mean FA (fractional anisotropy) in body of corpus callosum on FA skeleton (from dMRI data),20860,20842,20848,10496,-,-,31356,31332,31341,3.02E-01,2.66E-02
1456,25060,IDP_dMRI_TBSS_FA_Splenium_of_corpus_callosum,,AU,float,8,Mean FA,D,WM tract FA,Mean FA (fractional anisotropy) in splenium of corpus callosum on FA skeleton (from dMRI data),20860,20842,20848,10496,-,-,31356,31332,31341,2.42E-01,2.56E-02
1457,25061,IDP_dMRI_TBSS_FA_Fornix,,AU,float,8,Mean FA,D,WM tract FA,Mean FA (fractional anisotropy) in fornix on FA skeleton (from dMRI data),20860,20842,20848,10496,-,-,31356,31332,31341,2.02E-01,2.15E-02
1458,25062,IDP_dMRI_TBSS_FA_Corticospinal_tract_R,,AU,float,8,Mean FA,D,WM tract FA,Mean FA (fractional anisotropy) in corticospinal tract (right) on FA skeleton (from dMRI data),20860,20842,20848,10496,-,-,31356,31332,31341,1.78E-01,2.07E-02
1459,25063,IDP_dMRI_TBSS_FA_Corticospinal_tract_L,,AU,float,8,Mean FA,D,WM tract FA,Mean FA (fractional anisotropy) in corticospinal tract (left) on FA skeleton (from dMRI data),20860,20842,20848,10496,-,-,31356,31332,31341,1.67E-01,1.94E-02
1460,25064,IDP_dMRI_TBSS_FA_Medial_lemniscus_R,,AU,float,8,Mean FA,D,WM tract FA,Mean FA (fractional anisotropy) in medial lemniscus (right) on FA skeleton (from dMRI data),20860,20842,20848,10496,-,-,31356,31332,31341,2.12E-01,1.94E-02
1461,25065,IDP_dMRI_TBSS_FA_Medial_lemniscus_L,,AU,float,8,Mean FA,D,WM tract FA,Mean FA (fractional anisotropy) in medial lemniscus (left) on FA skeleton (from dMRI data),20860,20842,20848,10496,-,-,31356,31332,31341,2.03E-01,1.94E-02
1462,25066,IDP_dMRI_TBSS_FA_Inferior_cerebellar_peduncle_R,,AU,float,8,Mean FA,D,WM tract FA,Mean FA (fractional anisotropy) in inferior cerebellar peduncle (right) on FA skeleton (from dMRI data),20860,20842,20848,10496,-,-,31356,31332,31341,2.64E-01,2.28E-02
1463,25067,IDP_dMRI_TBSS_FA_Inferior_cerebellar_peduncle_L,,AU,float,8,Mean FA,D,WM tract FA,Mean FA (fractional anisotropy) in inferior cerebellar peduncle (left) on FA skeleton (from dMRI data),20860,20842,20848,10496,-,-,31356,31332,31341,2.30E-01,1.99E-02
1464,25068,IDP_dMRI_TBSS_FA_Superior_cerebellar_peduncle_R,,AU,float,8,Mean FA,D,WM tract FA,Mean FA (fractional anisotropy) in superior cerebellar peduncle (right) on FA skeleton (from dMRI data),20860,20842,20848,10496,-,-,31356,31332,31341,3.09E-01,2.33E-02
1465,25069,IDP_dMRI_TBSS_FA_Superior_cerebellar_peduncle_L,,AU,float,8,Mean FA,D,WM tract FA,Mean FA (fractional anisotropy) in superior cerebellar peduncle (left) on FA skeleton (from dMRI data),20860,20842,20848,10496,-,-,31356,31332,31341,3.01E-01,2.26E-02
1466,25070,IDP_dMRI_TBSS_FA_Cerebral_peduncle_R,,AU,float,8,Mean FA,D,WM tract FA,Mean FA (fractional anisotropy) in cerebral peduncle (right) on FA skeleton (from dMRI data),20860,20842,20848,10496,-,-,31356,31332,31341,2.64E-01,1.86E-02
1467,25071,IDP_dMRI_TBSS_FA_Cerebral_peduncle_L,,AU,float,8,Mean FA,D,WM tract FA,Mean FA (fractional anisotropy) in cerebral peduncle (left) on FA skeleton (from dMRI data),20860,20842,20848,10496,-,-,31356,31332,31341,2.48E-01,1.98E-02
1468,25072,IDP_dMRI_TBSS_FA_Anterior_limb_of_internal_capsule_R,,AU,float,8,Mean FA,D,WM tract FA,Mean FA (fractional anisotropy) in anterior limb of internal capsule (right) on FA skeleton (from dMRI data),20860,20842,20848,10496,-,-,31356,31332,31341,2.87E-01,2.29E-02
1469,25073,IDP_dMRI_TBSS_FA_Anterior_limb_of_internal_capsule_L,,AU,float,8,Mean FA,D,WM tract FA,Mean FA (fractional anisotropy) in anterior limb of internal capsule (left) on FA skeleton (from dMRI data),20860,20842,20848,10496,-,-,31356,31332,31341,2.66E-01,2.33E-02
1470,25074,IDP_dMRI_TBSS_FA_Posterior_limb_of_internal_capsule_R,,AU,float,8,Mean FA,D,WM tract FA,Mean FA (fractional anisotropy) in posterior limb of internal capsule (right) on FA skeleton (from dMRI data),20860,20842,20848,10496,-,-,31356,31332,31341,2.84E-01,2.33E-02
1471,25075,IDP_dMRI_TBSS_FA_Posterior_limb_of_internal_capsule_L,,AU,float,8,Mean FA,D,WM tract FA,Mean FA (fractional anisotropy) in posterior limb of internal capsule (left) on FA skeleton (from dMRI data),20860,20842,20848,10496,-,-,31356,31332,31341,2.93E-01,2.47E-02
1472,25076,IDP_dMRI_TBSS_FA_Retrolenticular_part_of_internal_capsule_R,,AU,float,8,Mean FA,D,WM tract FA,Mean FA (fractional anisotropy) in retrolenticular part of internal capsule (right) on FA skeleton (from dMRI data),20860,20842,20848,10496,-,-,31356,31332,31341,2.59E-01,2.30E-02
1473,25077,IDP_dMRI_TBSS_FA_Retrolenticular_part_of_internal_capsule_L,,AU,float,8,Mean FA,D,WM tract FA,Mean FA (fractional anisotropy) in retrolenticular part of internal capsule (left) on FA skeleton (from dMRI data),20860,20842,20848,10496,-,-,31356,31332,31341,2.37E-01,2.35E-02
1474,25078,IDP_dMRI_TBSS_FA_Anterior_corona_radiata_R,,AU,float,8,Mean FA,D,WM tract FA,Mean FA (fractional anisotropy) in anterior corona radiata (right) on FA skeleton (from dMRI data),20860,20842,20848,10496,10490,10493,31356,31332,31341,3.32E-01,2.50E-02
1475,25079,IDP_dMRI_TBSS_FA_Anterior_corona_radiata_L,,AU,float,8,Mean FA,D,WM tract FA,Mean FA (fractional anisotropy) in anterior corona radiata (left) on FA skeleton (from dMRI data),20860,20842,20848,10496,-,-,31356,31332,31341,3.20E-01,2.42E-02
1476,25080,IDP_dMRI_TBSS_FA_Superior_corona_radiata_R,,AU,float,8,Mean FA,D,WM tract FA,Mean FA (fractional anisotropy) in superior corona radiata (right) on FA skeleton (from dMRI data),20860,20842,20848,10496,-,-,31356,31332,31341,2.80E-01,2.13E-02
1477,25081,IDP_dMRI_TBSS_FA_Superior_corona_radiata_L,,AU,float,8,Mean FA,D,WM tract FA,Mean FA (fractional anisotropy) in superior corona radiata (left) on FA skeleton (from dMRI data),20860,20842,20848,10496,-,-,31356,31332,31341,2.75E-01,2.26E-02
1478,25082,IDP_dMRI_TBSS_FA_Posterior_corona_radiata_R,,AU,float,8,Mean FA,D,WM tract FA,Mean FA (fractional anisotropy) in posterior corona radiata (right) on FA skeleton (from dMRI data),20860,20842,20848,10496,10490,10493,31356,31332,31341,2.83E-01,2.34E-02
1479,25083,IDP_dMRI_TBSS_FA_Posterior_corona_radiata_L,,AU,float,8,Mean FA,D,WM tract FA,Mean FA (fractional anisotropy) in posterior corona radiata (left) on FA skeleton (from dMRI data),20860,20842,20848,10496,10490,10493,31356,31332,31341,2.75E-01,2.42E-02
1480,25084,IDP_dMRI_TBSS_FA_Posterior_thalamic_radiation_R,,AU,float,8,Mean FA,D,WM tract FA,Mean FA (fractional anisotropy) in posterior thalamic radiation (right) on FA skeleton (from dMRI data),20860,20842,20848,10496,-,-,31356,31332,31341,2.39E-01,2.40E-02
1481,25085,IDP_dMRI_TBSS_FA_Posterior_thalamic_radiation_L,,AU,float,8,Mean FA,D,WM tract FA,Mean FA (fractional anisotropy) in posterior thalamic radiation (left) on FA skeleton (from dMRI data),20860,20842,20848,10496,-,-,31356,31332,31341,2.45E-01,2.46E-02
1482,25086,IDP_dMRI_TBSS_FA_Sagittal_stratum_R,,AU,float,8,Mean FA,D,WM tract FA,Mean FA (fractional anisotropy) in sagittal stratum (right) on FA skeleton (from dMRI data),20860,20842,20848,10496,10490,10493,31356,31332,31341,2.53E-01,2.51E-02
1483,25087,IDP_dMRI_TBSS_FA_Sagittal_stratum_L,,AU,float,8,Mean FA,D,WM tract FA,Mean FA (fractional anisotropy) in sagittal stratum (left) on FA skeleton (from dMRI data),20860,20842,20848,10496,-,-,31356,31332,31341,2.44E-01,2.67E-02
1484,25088,IDP_dMRI_TBSS_FA_External_capsule_R,,AU,float,8,Mean FA,D,WM tract FA,Mean FA (fractional anisotropy) in external capsule (right) on FA skeleton (from dMRI data),20860,20842,20848,10496,-,-,31356,31332,31341,2.87E-01,2.56E-02
1485,25089,IDP_dMRI_TBSS_FA_External_capsule_L,,AU,float,8,Mean FA,D,WM tract FA,Mean FA (fractional anisotropy) in external capsule (left) on FA skeleton (from dMRI data),20860,20842,20848,10496,-,-,31356,31332,31341,2.86E-01,2.48E-02
1486,25090,IDP_dMRI_TBSS_FA_Cingulum_cingulate_gyrus_R,,AU,float,8,Mean FA,D,WM tract FA,Mean FA (fractional anisotropy) in cingulum cingulate gyrus (right) on FA skeleton (from dMRI data),20860,20842,20848,10496,-,-,31356,31332,31341,2.96E-01,2.52E-02
1487,25091,IDP_dMRI_TBSS_FA_Cingulum_cingulate_gyrus_L,,AU,float,8,Mean FA,D,WM tract FA,Mean FA (fractional anisotropy) in cingulum cingulate gyrus (left) on FA skeleton (from dMRI data),20860,20842,20848,10496,-,-,31356,31332,31341,3.05E-01,2.43E-02
1488,25092,IDP_dMRI_TBSS_FA_Cingulum_hippocampus_R,,AU,float,8,Mean FA,D,WM tract FA,Mean FA (fractional anisotropy) in cingulum hippocampus (right) on FA skeleton (from dMRI data),20860,20842,20848,10496,-,-,31356,31332,31341,2.35E-01,2.15E-02
1489,25093,IDP_dMRI_TBSS_FA_Cingulum_hippocampus_L,,AU,float,8,Mean FA,D,WM tract FA,Mean FA (fractional anisotropy) in cingulum hippocampus (left) on FA skeleton (from dMRI data),20860,20842,20848,10496,-,-,31356,31332,31341,2.39E-01,1.95E-02
1490,25094,IDP_dMRI_TBSS_FA_Fornix_cres+Stria_terminalis_R,,AU,float,8,Mean FA,D,WM tract FA,Mean FA (fractional anisotropy) in fornix cres+stria terminalis (right) on FA skeleton (from dMRI data),20860,20842,20848,10496,-,-,31356,31332,31341,2.58E-01,2.26E-02
1491,25095,IDP_dMRI_TBSS_FA_Fornix_cres+Stria_terminalis_L,,AU,float,8,Mean FA,D,WM tract FA,Mean FA (fractional anisotropy) in fornix cres+stria terminalis (left) on FA skeleton (from dMRI data),20860,20842,20848,10496,-,-,31356,31332,31341,2.49E-01,2.30E-02
1492,25096,IDP_dMRI_TBSS_FA_Superior_longitudinal_fasciculus_R,,AU,float,8,Mean FA,D,WM tract FA,Mean FA (fractional anisotropy) in superior longitudinal fasciculus (right) on FA skeleton (from dMRI data),20860,20842,20848,10496,10490,10493,31356,31332,31341,3.06E-01,2.43E-02
1493,25097,IDP_dMRI_TBSS_FA_Superior_longitudinal_fasciculus_L,,AU,float,8,Mean FA,D,WM tract FA,Mean FA (fractional anisotropy) in superior longitudinal fasciculus (left) on FA skeleton (from dMRI data),20860,20842,20848,10496,-,-,31356,31332,31341,2.96E-01,2.43E-02
1494,25098,IDP_dMRI_TBSS_FA_Superior_fronto-occipital_fasciculus_R,,AU,float,8,Mean FA,D,WM tract FA,Mean FA (fractional anisotropy) in superior fronto-occipital fasciculus (right) on FA skeleton (from dMRI data),20860,20842,20848,10496,-,-,31356,31332,31341,2.72E-01,2.13E-02
1495,25099,IDP_dMRI_TBSS_FA_Superior_fronto-occipital_fasciculus_L,,AU,float,8,Mean FA,D,WM tract FA,Mean FA (fractional anisotropy) in superior fronto-occipital fasciculus (left) on FA skeleton (from dMRI data),20860,20842,20848,10496,-,-,31356,31332,31341,2.58E-01,2.18E-02
1496,25100,IDP_dMRI_TBSS_FA_Uncinate_fasciculus_R,,AU,float,8,Mean FA,D,WM tract FA,Mean FA (fractional anisotropy) in uncinate fasciculus (right) on FA skeleton (from dMRI data),20860,20842,20848,10496,-,-,31356,31332,31341,3.02E-01,3.03E-02
1497,25101,IDP_dMRI_TBSS_FA_Uncinate_fasciculus_L,,AU,float,8,Mean FA,D,WM tract FA,Mean FA (fractional anisotropy) in uncinate fasciculus (left) on FA skeleton (from dMRI data),20860,20842,20848,10496,-,-,31356,31332,31341,3.19E-01,3.13E-02
1498,25102,IDP_dMRI_TBSS_FA_Tapetum_R,,AU,float,8,Mean FA,D,WM tract FA,Mean FA (fractional anisotropy) in tapetum (right) on FA skeleton (from dMRI data),20860,20842,20848,10496,-,-,31356,31332,31341,2.36E-01,2.12E-02
1499,25103,IDP_dMRI_TBSS_FA_Tapetum_L,,AU,float,8,Mean FA,D,WM tract FA,Mean FA (fractional anisotropy) in tapetum (left) on FA skeleton (from dMRI data),20860,20842,20848,10496,-,-,31356,31332,31341,2.33E-01,1.93E-02
1602,25104,IDP_dMRI_TBSS_MD_Middle_cerebellar_peduncle,,AU,float,10,Mean MD,D,WM tract diffusivity,Mean MD (mean diffusivity) in middle cerebellar peduncle on FA (fractional anisotropy) skeleton (from dMRI data),20860,20842,20848,10496,-,-,31356,31332,31341,1.97E-01,2.03E-02
1603,25105,IDP_dMRI_TBSS_MD_Pontine_crossing_tract,,AU,float,10,Mean MD,D,WM tract diffusivity,Mean MD (mean diffusivity) in pontine crossing tract on FA (fractional anisotropy) skeleton (from dMRI data),20860,20842,20848,10496,-,-,31356,31332,31341,2.02E-01,2.04E-02
1604,25106,IDP_dMRI_TBSS_MD_Genu_of_corpus_callosum,,AU,float,10,Mean MD,D,WM tract diffusivity,Mean MD (mean diffusivity) in genu of corpus callosum on FA (fractional anisotropy) skeleton (from dMRI data),20860,20842,20848,10496,-,-,31356,31332,31341,3.44E-01,2.84E-02
1605,25107,IDP_dMRI_TBSS_MD_Body_of_corpus_callosum,,AU,float,10,Mean MD,D,WM tract diffusivity,Mean MD (mean diffusivity) in body of corpus callosum on FA (fractional anisotropy) skeleton (from dMRI data),20860,20842,20848,10496,10490,10493,31356,31332,31341,3.21E-01,2.78E-02
1606,25108,IDP_dMRI_TBSS_MD_Splenium_of_corpus_callosum,,AU,float,10,Mean MD,D,WM tract diffusivity,Mean MD (mean diffusivity) in splenium of corpus callosum on FA (fractional anisotropy) skeleton (from dMRI data),20860,20842,20848,10496,-,-,31356,31332,31341,2.79E-01,2.57E-02
1607,25109,IDP_dMRI_TBSS_MD_Fornix,,AU,float,10,Mean MD,D,WM tract diffusivity,Mean MD (mean diffusivity) in fornix on FA (fractional anisotropy) skeleton (from dMRI data),20860,20842,20848,10496,-,-,31356,31332,31341,2.32E-01,2.33E-02
1608,25110,IDP_dMRI_TBSS_MD_Corticospinal_tract_R,,AU,float,10,Mean MD,D,WM tract diffusivity,Mean MD (mean diffusivity) in corticospinal tract (right) on FA (fractional anisotropy) skeleton (from dMRI data),20860,20842,20848,10496,-,-,31356,31332,31341,1.89E-01,2.05E-02
1609,25111,IDP_dMRI_TBSS_MD_Corticospinal_tract_L,,AU,float,10,Mean MD,D,WM tract diffusivity,Mean MD (mean diffusivity) in corticospinal tract (left) on FA (fractional anisotropy) skeleton (from dMRI data),20860,20842,20848,10496,-,-,31356,31332,31341,1.61E-01,1.92E-02
1610,25112,IDP_dMRI_TBSS_MD_Medial_lemniscus_R,,AU,float,10,Mean MD,D,WM tract diffusivity,Mean MD (mean diffusivity) in medial lemniscus (right) on FA (fractional anisotropy) skeleton (from dMRI data),20860,20842,20848,10496,-,-,31356,31332,31341,1.45E-01,1.96E-02
1611,25113,IDP_dMRI_TBSS_MD_Medial_lemniscus_L,,AU,float,10,Mean MD,D,WM tract diffusivity,Mean MD (mean diffusivity) in medial lemniscus (left) on FA (fractional anisotropy) skeleton (from dMRI data),20860,20842,20848,10496,-,-,31356,31332,31341,1.32E-01,1.84E-02
1612,25114,IDP_dMRI_TBSS_MD_Inferior_cerebellar_peduncle_R,,AU,float,10,Mean MD,D,WM tract diffusivity,Mean MD (mean diffusivity) in inferior cerebellar peduncle (right) on FA (fractional anisotropy) skeleton (from dMRI data),20860,20842,20848,10496,-,-,31356,31332,31341,1.62E-01,1.97E-02
1613,25115,IDP_dMRI_TBSS_MD_Inferior_cerebellar_peduncle_L,,AU,float,10,Mean MD,D,WM tract diffusivity,Mean MD (mean diffusivity) in inferior cerebellar peduncle (left) on FA (fractional anisotropy) skeleton (from dMRI data),20860,20842,20848,10496,-,-,31356,31332,31341,1.50E-01,2.13E-02
1614,25116,IDP_dMRI_TBSS_MD_Superior_cerebellar_peduncle_R,,AU,float,10,Mean MD,D,WM tract diffusivity,Mean MD (mean diffusivity) in superior cerebellar peduncle (right) on FA (fractional anisotropy) skeleton (from dMRI data),20860,20842,20848,10496,-,-,31356,31332,31341,2.72E-01,2.65E-02
1615,25117,IDP_dMRI_TBSS_MD_Superior_cerebellar_peduncle_L,,AU,float,10,Mean MD,D,WM tract diffusivity,Mean MD (mean diffusivity) in superior cerebellar peduncle (left) on FA (fractional anisotropy) skeleton (from dMRI data),20860,20842,20848,10496,-,-,31356,31332,31341,2.56E-01,2.60E-02
1616,25118,IDP_dMRI_TBSS_MD_Cerebral_peduncle_R,,AU,float,10,Mean MD,D,WM tract diffusivity,Mean MD (mean diffusivity) in cerebral peduncle (right) on FA (fractional anisotropy) skeleton (from dMRI data),20860,20842,20848,10496,-,-,31356,31332,31341,1.64E-01,1.92E-02
1617,25119,IDP_dMRI_TBSS_MD_Cerebral_peduncle_L,,AU,float,10,Mean MD,D,WM tract diffusivity,Mean MD (mean diffusivity) in cerebral peduncle (left) on FA (fractional anisotropy) skeleton (from dMRI data),20860,20842,20848,10496,-,-,31356,31332,31341,1.52E-01,2.04E-02
1618,25120,IDP_dMRI_TBSS_MD_Anterior_limb_of_internal_capsule_R,,AU,float,10,Mean MD,D,WM tract diffusivity,Mean MD (mean diffusivity) in anterior limb of internal capsule (right) on FA (fractional anisotropy) skeleton (from dMRI data),20860,20842,20848,10496,-,-,31356,31332,31341,1.99E-01,2.20E-02
1619,25121,IDP_dMRI_TBSS_MD_Anterior_limb_of_internal_capsule_L,,AU,float,10,Mean MD,D,WM tract diffusivity,Mean MD (mean diffusivity) in anterior limb of internal capsule (left) on FA (fractional anisotropy) skeleton (from dMRI data),20860,20842,20848,10496,-,-,31356,31332,31341,2.02E-01,2.26E-02
1620,25122,IDP_dMRI_TBSS_MD_Posterior_limb_of_internal_capsule_R,,AU,float,10,Mean MD,D,WM tract diffusivity,Mean MD (mean diffusivity) in posterior limb of internal capsule (right) on FA (fractional anisotropy) skeleton (from dMRI data),20860,20842,20848,10496,-,-,31356,31332,31341,2.27E-01,2.30E-02
1621,25123,IDP_dMRI_TBSS_MD_Posterior_limb_of_internal_capsule_L,,AU,float,10,Mean MD,D,WM tract diffusivity,Mean MD (mean diffusivity) in posterior limb of internal capsule (left) on FA (fractional anisotropy) skeleton (from dMRI data),20860,20842,20848,10496,-,-,31356,31332,31341,2.08E-01,2.19E-02
1622,25124,IDP_dMRI_TBSS_MD_Retrolenticular_part_of_internal_capsule_R,,AU,float,10,Mean MD,D,WM tract diffusivity,Mean MD (mean diffusivity) in retrolenticular part of internal capsule (right) on FA (fractional anisotropy) skeleton (from dMRI data),20860,20842,20848,10496,-,-,31356,31332,31341,2.54E-01,2.59E-02
1623,25125,IDP_dMRI_TBSS_MD_Retrolenticular_part_of_internal_capsule_L,,AU,float,10,Mean MD,D,WM tract diffusivity,Mean MD (mean diffusivity) in retrolenticular part of internal capsule (left) on FA (fractional anisotropy) skeleton (from dMRI data),20860,20842,20848,10496,-,-,31356,31332,31341,2.28E-01,2.68E-02
1624,25126,IDP_dMRI_TBSS_MD_Anterior_corona_radiata_R,,AU,float,10,Mean MD,D,WM tract diffusivity,Mean MD (mean diffusivity) in anterior corona radiata (right) on FA (fractional anisotropy) skeleton (from dMRI data),20860,20842,20848,10496,10490,10493,31356,31332,31341,3.23E-01,3.21E-02
1625,25127,IDP_dMRI_TBSS_MD_Anterior_corona_radiata_L,,AU,float,10,Mean MD,D,WM tract diffusivity,Mean MD (mean diffusivity) in anterior corona radiata (left) on FA (fractional anisotropy) skeleton (from dMRI data),20860,20842,20848,10496,10490,10493,31356,31332,31341,3.16E-01,3.26E-02
1626,25128,IDP_dMRI_TBSS_MD_Superior_corona_radiata_R,,AU,float,10,Mean MD,D,WM tract diffusivity,Mean MD (mean diffusivity) in superior corona radiata (right) on FA (fractional anisotropy) skeleton (from dMRI data),20860,20842,20848,10496,-,-,31356,31332,31341,2.81E-01,3.05E-02
1627,25129,IDP_dMRI_TBSS_MD_Superior_corona_radiata_L,,AU,float,10,Mean MD,D,WM tract diffusivity,Mean MD (mean diffusivity) in superior corona radiata (left) on FA (fractional anisotropy) skeleton (from dMRI data),20860,20842,20848,10496,-,-,31356,31332,31341,2.87E-01,3.04E-02
1628,25130,IDP_dMRI_TBSS_MD_Posterior_corona_radiata_R,,AU,float,10,Mean MD,D,WM tract diffusivity,Mean MD (mean diffusivity) in posterior corona radiata (right) on FA (fractional anisotropy) skeleton (from dMRI data),20860,20842,20848,10496,-,-,31356,31332,31341,2.80E-01,2.87E-02
1629,25131,IDP_dMRI_TBSS_MD_Posterior_corona_radiata_L,,AU,float,10,Mean MD,D,WM tract diffusivity,Mean MD (mean diffusivity) in posterior corona radiata (left) on FA (fractional anisotropy) skeleton (from dMRI data),20860,20842,20848,10496,-,-,31356,31332,31341,2.81E-01,2.98E-02
1630,25132,IDP_dMRI_TBSS_MD_Posterior_thalamic_radiation_R,,AU,float,10,Mean MD,D,WM tract diffusivity,Mean MD (mean diffusivity) in posterior thalamic radiation (right) on FA (fractional anisotropy) skeleton (from dMRI data),20860,20842,20848,10496,-,-,31356,31332,31341,2.35E-01,2.64E-02
1631,25133,IDP_dMRI_TBSS_MD_Posterior_thalamic_radiation_L,,AU,float,10,Mean MD,D,WM tract diffusivity,Mean MD (mean diffusivity) in posterior thalamic radiation (left) on FA (fractional anisotropy) skeleton (from dMRI data),20860,20842,20848,10496,-,-,31356,31332,31341,2.50E-01,2.63E-02
1632,25134,IDP_dMRI_TBSS_MD_Sagittal_stratum_R,,AU,float,10,Mean MD,D,WM tract diffusivity,Mean MD (mean diffusivity) in sagittal stratum (right) on FA (fractional anisotropy) skeleton (from dMRI data),20860,20842,20848,10496,10490,10493,31356,31332,31341,2.57E-01,2.94E-02
1633,25135,IDP_dMRI_TBSS_MD_Sagittal_stratum_L,,AU,float,10,Mean MD,D,WM tract diffusivity,Mean MD (mean diffusivity) in sagittal stratum (left) on FA (fractional anisotropy) skeleton (from dMRI data),20860,20842,20848,10496,-,-,31356,31332,31341,2.24E-01,2.80E-02
1634,25136,IDP_dMRI_TBSS_MD_External_capsule_R,,AU,float,10,Mean MD,D,WM tract diffusivity,Mean MD (mean diffusivity) in external capsule (right) on FA (fractional anisotropy) skeleton (from dMRI data),20860,20842,20848,10496,-,-,31356,31332,31341,2.41E-01,2.45E-02
1635,25137,IDP_dMRI_TBSS_MD_External_capsule_L,,AU,float,10,Mean MD,D,WM tract diffusivity,Mean MD (mean diffusivity) in external capsule (left) on FA (fractional anisotropy) skeleton (from dMRI data),20860,20842,20848,10496,-,-,31356,31332,31341,2.26E-01,2.52E-02
1636,25138,IDP_dMRI_TBSS_MD_Cingulum_cingulate_gyrus_R,,AU,float,10,Mean MD,D,WM tract diffusivity,Mean MD (mean diffusivity) in cingulum cingulate gyrus (right) on FA (fractional anisotropy) skeleton (from dMRI data),20860,20842,20848,10496,10490,10493,31356,31332,31341,2.75E-01,2.81E-02
1637,25139,IDP_dMRI_TBSS_MD_Cingulum_cingulate_gyrus_L,,AU,float,10,Mean MD,D,WM tract diffusivity,Mean MD (mean diffusivity) in cingulum cingulate gyrus (left) on FA (fractional anisotropy) skeleton (from dMRI data),20860,20842,20848,10496,-,-,31356,31332,31341,2.55E-01,2.62E-02
1638,25140,IDP_dMRI_TBSS_MD_Cingulum_hippocampus_R,,AU,float,10,Mean MD,D,WM tract diffusivity,Mean MD (mean diffusivity) in cingulum hippocampus (right) on FA (fractional anisotropy) skeleton (from dMRI data),20860,20842,20848,10496,10490,10493,31356,31332,31341,2.13E-01,2.38E-02
1639,25141,IDP_dMRI_TBSS_MD_Cingulum_hippocampus_L,,AU,float,10,Mean MD,D,WM tract diffusivity,Mean MD (mean diffusivity) in cingulum hippocampus (left) on FA (fractional anisotropy) skeleton (from dMRI data),20860,20842,20848,10496,-,-,31356,31332,31341,2.14E-01,2.24E-02
1640,25142,IDP_dMRI_TBSS_MD_Fornix_cres+Stria_terminalis_R,,AU,float,10,Mean MD,D,WM tract diffusivity,Mean MD (mean diffusivity) in fornix cres+stria terminalis (right) on FA (fractional anisotropy) skeleton (from dMRI data),20860,20842,20848,10496,-,-,31356,31332,31341,1.67E-01,1.89E-02
1641,25143,IDP_dMRI_TBSS_MD_Fornix_cres+Stria_terminalis_L,,AU,float,10,Mean MD,D,WM tract diffusivity,Mean MD (mean diffusivity) in fornix cres+stria terminalis (left) on FA (fractional anisotropy) skeleton (from dMRI data),20860,20842,20848,10496,-,-,31356,31332,31341,1.49E-01,1.83E-02
1642,25144,IDP_dMRI_TBSS_MD_Superior_longitudinal_fasciculus_R,,AU,float,10,Mean MD,D,WM tract diffusivity,Mean MD (mean diffusivity) in superior longitudinal fasciculus (right) on FA (fractional anisotropy) skeleton (from dMRI data),20860,20842,20848,10496,10490,10493,31356,31332,31341,3.26E-01,3.10E-02
1643,25145,IDP_dMRI_TBSS_MD_Superior_longitudinal_fasciculus_L,,AU,float,10,Mean MD,D,WM tract diffusivity,Mean MD (mean diffusivity) in superior longitudinal fasciculus (left) on FA (fractional anisotropy) skeleton (from dMRI data),20860,20842,20848,10496,10490,10493,31356,31332,31341,3.30E-01,3.18E-02
1644,25146,IDP_dMRI_TBSS_MD_Superior_fronto-occipital_fasciculus_R,,AU,float,10,Mean MD,D,WM tract diffusivity,Mean MD (mean diffusivity) in superior fronto-occipital fasciculus (right) on FA (fractional anisotropy) skeleton (from dMRI data),20860,20842,20848,10496,-,-,31356,31332,31341,1.80E-01,2.11E-02
1645,25147,IDP_dMRI_TBSS_MD_Superior_fronto-occipital_fasciculus_L,,AU,float,10,Mean MD,D,WM tract diffusivity,Mean MD (mean diffusivity) in superior fronto-occipital fasciculus (left) on FA (fractional anisotropy) skeleton (from dMRI data),20860,20842,20848,10496,-,-,31356,31332,31341,1.77E-01,2.05E-02
1646,25148,IDP_dMRI_TBSS_MD_Uncinate_fasciculus_R,,AU,float,10,Mean MD,D,WM tract diffusivity,Mean MD (mean diffusivity) in uncinate fasciculus (right) on FA (fractional anisotropy) skeleton (from dMRI data),20860,20842,20848,10496,-,-,31356,31332,31341,1.56E-01,1.90E-02
1647,25149,IDP_dMRI_TBSS_MD_Uncinate_fasciculus_L,,AU,float,10,Mean MD,D,WM tract diffusivity,Mean MD (mean diffusivity) in uncinate fasciculus (left) on FA (fractional anisotropy) skeleton (from dMRI data),20860,20842,20848,10496,-,-,31356,31332,31341,1.44E-01,1.70E-02
1648,25150,IDP_dMRI_TBSS_MD_Tapetum_R,,AU,float,10,Mean MD,D,WM tract diffusivity,Mean MD (mean diffusivity) in tapetum (right) on FA (fractional anisotropy) skeleton (from dMRI data),20860,20842,20848,10496,-,-,31356,31332,31341,2.02E-01,2.15E-02
1649,25151,IDP_dMRI_TBSS_MD_Tapetum_L,,AU,float,10,Mean MD,D,WM tract diffusivity,Mean MD (mean diffusivity) in tapetum (left) on FA (fractional anisotropy) skeleton (from dMRI data),20860,20842,20848,10496,-,-,31356,31332,31341,2.13E-01,1.99E-02
1527,25152,IDP_dMRI_TBSS_MO_Middle_cerebellar_peduncle,,AU,float,9,Mean MO,D,WM tract MO,Mean MO (diffusion tensor mode) in middle cerebellar peduncle on FA (fractional anisotropy) skeleton (from dMRI data),20860,20842,20848,10496,-,-,31356,31332,31341,2.25E-01,2.06E-02
1528,25153,IDP_dMRI_TBSS_MO_Pontine_crossing_tract,,AU,float,9,Mean MO,D,WM tract MO,Mean MO (diffusion tensor mode) in pontine crossing tract on FA (fractional anisotropy) skeleton (from dMRI data),20860,20842,20848,10496,-,-,31356,31332,31341,2.47E-01,3.80E-02
1529,25154,IDP_dMRI_TBSS_MO_Genu_of_corpus_callosum,,AU,float,9,Mean MO,D,WM tract MO,Mean MO (diffusion tensor mode) in genu of corpus callosum on FA (fractional anisotropy) skeleton (from dMRI data),20860,20842,20848,10496,-,-,31356,31332,31341,1.30E-01,1.70E-02
1530,25155,IDP_dMRI_TBSS_MO_Body_of_corpus_callosum,,AU,float,9,Mean MO,D,WM tract MO,Mean MO (diffusion tensor mode) in body of corpus callosum on FA (fractional anisotropy) skeleton (from dMRI data),20860,20842,20848,10496,-,-,31356,31332,31341,2.43E-01,2.47E-02
1531,25156,IDP_dMRI_TBSS_MO_Splenium_of_corpus_callosum,,AU,float,9,Mean MO,D,WM tract MO,Mean MO (diffusion tensor mode) in splenium of corpus callosum on FA (fractional anisotropy) skeleton (from dMRI data),20860,20842,20848,10496,-,-,31356,31332,31341,2.77E-01,2.14E-02
1532,25157,IDP_dMRI_TBSS_MO_Fornix,,AU,float,9,Mean MO,D,WM tract MO,Mean MO (diffusion tensor mode) in fornix on FA (fractional anisotropy) skeleton (from dMRI data),20860,20842,20848,10496,-,-,31356,31332,31341,1.32E-01,1.84E-02
1533,25158,IDP_dMRI_TBSS_MO_Corticospinal_tract_R,,AU,float,9,Mean MO,D,WM tract MO,Mean MO (diffusion tensor mode) in corticospinal tract (right) on FA (fractional anisotropy) skeleton (from dMRI data),20860,20842,20848,10496,-,-,31356,31332,31341,1.12E-01,2.01E-02
1534,25159,IDP_dMRI_TBSS_MO_Corticospinal_tract_L,,AU,float,9,Mean MO,D,WM tract MO,Mean MO (diffusion tensor mode) in corticospinal tract (left) on FA (fractional anisotropy) skeleton (from dMRI data),20860,20842,20848,10496,-,-,31356,31332,31341,8.91E-02,1.93E-02
1535,25160,IDP_dMRI_TBSS_MO_Medial_lemniscus_R,,AU,float,9,Mean MO,D,WM tract MO,Mean MO (diffusion tensor mode) in medial lemniscus (right) on FA (fractional anisotropy) skeleton (from dMRI data),20860,20842,20848,10496,-,-,31356,31332,31341,1.60E-01,2.03E-02
1536,25161,IDP_dMRI_TBSS_MO_Medial_lemniscus_L,,AU,float,9,Mean MO,D,WM tract MO,Mean MO (diffusion tensor mode) in medial lemniscus (left) on FA (fractional anisotropy) skeleton (from dMRI data),20860,20842,20848,10496,-,-,31356,31332,31341,1.66E-01,1.96E-02
1537,25162,IDP_dMRI_TBSS_MO_Inferior_cerebellar_peduncle_R,,AU,float,9,Mean MO,D,WM tract MO,Mean MO (diffusion tensor mode) in inferior cerebellar peduncle (right) on FA (fractional anisotropy) skeleton (from dMRI data),20860,20842,20848,10496,-,-,31356,31332,31341,1.94E-01,1.83E-02
1538,25163,IDP_dMRI_TBSS_MO_Inferior_cerebellar_peduncle_L,,AU,float,9,Mean MO,D,WM tract MO,Mean MO (diffusion tensor mode) in inferior cerebellar peduncle (left) on FA (fractional anisotropy) skeleton (from dMRI data),20860,20842,20848,10496,-,-,31356,31332,31341,1.63E-01,1.80E-02
1539,25164,IDP_dMRI_TBSS_MO_Superior_cerebellar_peduncle_R,,AU,float,9,Mean MO,D,WM tract MO,Mean MO (diffusion tensor mode) in superior cerebellar peduncle (right) on FA (fractional anisotropy) skeleton (from dMRI data),20860,20842,20848,10496,-,-,31356,31332,31341,1.61E-01,1.74E-02
1540,25165,IDP_dMRI_TBSS_MO_Superior_cerebellar_peduncle_L,,AU,float,9,Mean MO,D,WM tract MO,Mean MO (diffusion tensor mode) in superior cerebellar peduncle (left) on FA (fractional anisotropy) skeleton (from dMRI data),20860,20842,20848,10496,-,-,31356,31332,31341,1.80E-01,1.79E-02
1541,25166,IDP_dMRI_TBSS_MO_Cerebral_peduncle_R,,AU,float,9,Mean MO,D,WM tract MO,Mean MO (diffusion tensor mode) in cerebral peduncle (right) on FA (fractional anisotropy) skeleton (from dMRI data),20860,20842,20848,10496,-,-,31356,31332,31341,2.36E-01,2.21E-02
1542,25167,IDP_dMRI_TBSS_MO_Cerebral_peduncle_L,,AU,float,9,Mean MO,D,WM tract MO,Mean MO (diffusion tensor mode) in cerebral peduncle (left) on FA (fractional anisotropy) skeleton (from dMRI data),20860,20842,20848,10496,-,-,31356,31332,31341,2.61E-01,2.12E-02
1543,25168,IDP_dMRI_TBSS_MO_Anterior_limb_of_internal_capsule_R,,AU,float,9,Mean MO,D,WM tract MO,Mean MO (diffusion tensor mode) in anterior limb of internal capsule (right) on FA (fractional anisotropy) skeleton (from dMRI data),20860,20842,20848,10496,-,-,31356,31332,31341,3.10E-01,2.39E-02
1544,25169,IDP_dMRI_TBSS_MO_Anterior_limb_of_internal_capsule_L,,AU,float,9,Mean MO,D,WM tract MO,Mean MO (diffusion tensor mode) in anterior limb of internal capsule (left) on FA (fractional anisotropy) skeleton (from dMRI data),20860,20842,20848,10496,-,-,31356,31332,31341,2.84E-01,2.23E-02
1545,25170,IDP_dMRI_TBSS_MO_Posterior_limb_of_internal_capsule_R,,AU,float,9,Mean MO,D,WM tract MO,Mean MO (diffusion tensor mode) in posterior limb of internal capsule (right) on FA (fractional anisotropy) skeleton (from dMRI data),20860,20842,20848,10496,-,-,31356,31332,31341,3.62E-01,2.47E-02
1546,25171,IDP_dMRI_TBSS_MO_Posterior_limb_of_internal_capsule_L,,AU,float,9,Mean MO,D,WM tract MO,Mean MO (diffusion tensor mode) in posterior limb of internal capsule (left) on FA (fractional anisotropy) skeleton (from dMRI data),20860,20842,20848,10496,-,-,31356,31332,31341,3.47E-01,2.48E-02
1547,25172,IDP_dMRI_TBSS_MO_Retrolenticular_part_of_internal_capsule_R,,AU,float,9,Mean MO,D,WM tract MO,Mean MO (diffusion tensor mode) in retrolenticular part of internal capsule (right) on FA (fractional anisotropy) skeleton (from dMRI data),20860,20842,20848,10496,-,-,31356,31332,31341,2.61E-01,2.30E-02
1548,25173,IDP_dMRI_TBSS_MO_Retrolenticular_part_of_internal_capsule_L,,AU,float,9,Mean MO,D,WM tract MO,Mean MO (diffusion tensor mode) in retrolenticular part of internal capsule (left) on FA (fractional anisotropy) skeleton (from dMRI data),20860,20842,20848,10496,-,-,31356,31332,31341,2.31E-01,2.30E-02
1549,25174,IDP_dMRI_TBSS_MO_Anterior_corona_radiata_R,,AU,float,9,Mean MO,D,WM tract MO,Mean MO (diffusion tensor mode) in anterior corona radiata (right) on FA (fractional anisotropy) skeleton (from dMRI data),20860,20842,20848,10496,-,-,31356,31332,31341,2.57E-01,2.07E-02
1550,25175,IDP_dMRI_TBSS_MO_Anterior_corona_radiata_L,,AU,float,9,Mean MO,D,WM tract MO,Mean MO (diffusion tensor mode) in anterior corona radiata (left) on FA (fractional anisotropy) skeleton (from dMRI data),20860,20842,20848,10496,-,-,31356,31332,31341,2.51E-01,1.94E-02
1551,25176,IDP_dMRI_TBSS_MO_Superior_corona_radiata_R,,AU,float,9,Mean MO,D,WM tract MO,Mean MO (diffusion tensor mode) in superior corona radiata (right) on FA (fractional anisotropy) skeleton (from dMRI data),20860,20842,20848,10496,-,-,31356,31332,31341,2.95E-01,2.40E-02
1552,25177,IDP_dMRI_TBSS_MO_Superior_corona_radiata_L,,AU,float,9,Mean MO,D,WM tract MO,Mean MO (diffusion tensor mode) in superior corona radiata (left) on FA (fractional anisotropy) skeleton (from dMRI data),20860,20842,20848,10496,-,-,31356,31332,31341,2.91E-01,2.50E-02
1553,25178,IDP_dMRI_TBSS_MO_Posterior_corona_radiata_R,,AU,float,9,Mean MO,D,WM tract MO,Mean MO (diffusion tensor mode) in posterior corona radiata (right) on FA (fractional anisotropy) skeleton (from dMRI data),20860,20842,20848,10496,-,-,31356,31332,31341,2.47E-01,1.98E-02
1554,25179,IDP_dMRI_TBSS_MO_Posterior_corona_radiata_L,,AU,float,9,Mean MO,D,WM tract MO,Mean MO (diffusion tensor mode) in posterior corona radiata (left) on FA (fractional anisotropy) skeleton (from dMRI data),20860,20842,20848,10496,-,-,31356,31332,31341,2.03E-01,2.02E-02
1555,25180,IDP_dMRI_TBSS_MO_Posterior_thalamic_radiation_R,,AU,float,9,Mean MO,D,WM tract MO,Mean MO (diffusion tensor mode) in posterior thalamic radiation (right) on FA (fractional anisotropy) skeleton (from dMRI data),20860,20842,20848,10496,-,-,31356,31332,31341,1.77E-01,1.81E-02
1556,25181,IDP_dMRI_TBSS_MO_Posterior_thalamic_radiation_L,,AU,float,9,Mean MO,D,WM tract MO,Mean MO (diffusion tensor mode) in posterior thalamic radiation (left) on FA (fractional anisotropy) skeleton (from dMRI data),20860,20842,20848,10496,-,-,31356,31332,31341,1.60E-01,2.04E-02
1557,25182,IDP_dMRI_TBSS_MO_Sagittal_stratum_R,,AU,float,9,Mean MO,D,WM tract MO,Mean MO (diffusion tensor mode) in sagittal stratum (right) on FA (fractional anisotropy) skeleton (from dMRI data),20860,20842,20848,10496,-,-,31356,31332,31341,2.00E-01,1.84E-02
1558,25183,IDP_dMRI_TBSS_MO_Sagittal_stratum_L,,AU,float,9,Mean MO,D,WM tract MO,Mean MO (diffusion tensor mode) in sagittal stratum (left) on FA (fractional anisotropy) skeleton (from dMRI data),20860,20842,20848,10496,-,-,31356,31332,31341,1.88E-01,2.04E-02
1559,25184,IDP_dMRI_TBSS_MO_External_capsule_R,,AU,float,9,Mean MO,D,WM tract MO,Mean MO (diffusion tensor mode) in external capsule (right) on FA (fractional anisotropy) skeleton (from dMRI data),20860,20842,20848,10496,-,-,31356,31332,31341,2.65E-01,2.06E-02
1560,25185,IDP_dMRI_TBSS_MO_External_capsule_L,,AU,float,9,Mean MO,D,WM tract MO,Mean MO (diffusion tensor mode) in external capsule (left) on FA (fractional anisotropy) skeleton (from dMRI data),20860,20842,20848,10496,-,-,31356,31332,31341,2.69E-01,2.22E-02
1561,25186,IDP_dMRI_TBSS_MO_Cingulum_cingulate_gyrus_R,,AU,float,9,Mean MO,D,WM tract MO,Mean MO (diffusion tensor mode) in cingulum cingulate gyrus (right) on FA (fractional anisotropy) skeleton (from dMRI data),20860,20842,20848,10496,-,-,31356,31332,31341,2.27E-01,2.16E-02
1562,25187,IDP_dMRI_TBSS_MO_Cingulum_cingulate_gyrus_L,,AU,float,9,Mean MO,D,WM tract MO,Mean MO (diffusion tensor mode) in cingulum cingulate gyrus (left) on FA (fractional anisotropy) skeleton (from dMRI data),20860,20842,20848,10496,-,-,31356,31332,31341,2.30E-01,2.15E-02
1563,25188,IDP_dMRI_TBSS_MO_Cingulum_hippocampus_R,,AU,float,9,Mean MO,D,WM tract MO,Mean MO (diffusion tensor mode) in cingulum hippocampus (right) on FA (fractional anisotropy) skeleton (from dMRI data),20860,20842,20848,10496,-,-,31356,31332,31341,1.75E-01,2.16E-02
1564,25189,IDP_dMRI_TBSS_MO_Cingulum_hippocampus_L,,AU,float,9,Mean MO,D,WM tract MO,Mean MO (diffusion tensor mode) in cingulum hippocampus (left) on FA (fractional anisotropy) skeleton (from dMRI data),20860,20842,20848,10496,-,-,31356,31332,31341,1.60E-01,2.41E-02
1565,25190,IDP_dMRI_TBSS_MO_Fornix_cres+Stria_terminalis_R,,AU,float,9,Mean MO,D,WM tract MO,Mean MO (diffusion tensor mode) in fornix cres+stria terminalis (right) on FA (fractional anisotropy) skeleton (from dMRI data),20860,20842,20848,10496,-,-,31356,31332,31341,2.21E-01,2.29E-02
1566,25191,IDP_dMRI_TBSS_MO_Fornix_cres+Stria_terminalis_L,,AU,float,9,Mean MO,D,WM tract MO,Mean MO (diffusion tensor mode) in fornix cres+stria terminalis (left) on FA (fractional anisotropy) skeleton (from dMRI data),20860,20842,20848,10496,-,-,31356,31332,31341,2.29E-01,2.10E-02
1567,25192,IDP_dMRI_TBSS_MO_Superior_longitudinal_fasciculus_R,,AU,float,9,Mean MO,D,WM tract MO,Mean MO (diffusion tensor mode) in superior longitudinal fasciculus (right) on FA (fractional anisotropy) skeleton (from dMRI data),20860,20842,20848,10496,-,-,31356,31332,31341,2.77E-01,2.38E-02
1568,25193,IDP_dMRI_TBSS_MO_Superior_longitudinal_fasciculus_L,,AU,float,9,Mean MO,D,WM tract MO,Mean MO (diffusion tensor mode) in superior longitudinal fasciculus (left) on FA (fractional anisotropy) skeleton (from dMRI data),20860,20842,20848,10496,-,-,31356,31332,31341,2.45E-01,2.11E-02
1569,25194,IDP_dMRI_TBSS_MO_Superior_fronto-occipital_fasciculus_R,,AU,float,9,Mean MO,D,WM tract MO,Mean MO (diffusion tensor mode) in superior fronto-occipital fasciculus (right) on FA (fractional anisotropy) skeleton (from dMRI data),20860,20842,20848,10496,-,-,31356,31332,31341,1.12E-01,1.73E-02
1570,25195,IDP_dMRI_TBSS_MO_Superior_fronto-occipital_fasciculus_L,,AU,float,9,Mean MO,D,WM tract MO,Mean MO (diffusion tensor mode) in superior fronto-occipital fasciculus (left) on FA (fractional anisotropy) skeleton (from dMRI data),20860,20842,20848,10496,-,-,31356,31332,31341,1.17E-01,1.71E-02
1571,25196,IDP_dMRI_TBSS_MO_Uncinate_fasciculus_R,,AU,float,9,Mean MO,D,WM tract MO,Mean MO (diffusion tensor mode) in uncinate fasciculus (right) on FA (fractional anisotropy) skeleton (from dMRI data),20860,20842,20848,10496,-,-,31356,31332,31341,1.89E-01,2.13E-02
1572,25197,IDP_dMRI_TBSS_MO_Uncinate_fasciculus_L,,AU,float,9,Mean MO,D,WM tract MO,Mean MO (diffusion tensor mode) in uncinate fasciculus (left) on FA (fractional anisotropy) skeleton (from dMRI data),20860,20842,20848,10496,-,-,31356,31332,31341,1.97E-01,2.19E-02
1573,25198,IDP_dMRI_TBSS_MO_Tapetum_R,,AU,float,9,Mean MO,D,WM tract MO,Mean MO (diffusion tensor mode) in tapetum (right) on FA (fractional anisotropy) skeleton (from dMRI data),20860,20842,20848,10496,-,-,31356,31332,31341,1.35E-01,1.85E-02
1574,25199,IDP_dMRI_TBSS_MO_Tapetum_L,,AU,float,9,Mean MO,D,WM tract MO,Mean MO (diffusion tensor mode) in tapetum (left) on FA (fractional anisotropy) skeleton (from dMRI data),20860,20842,20848,10496,-,-,31356,31332,31341,1.94E-01,1.99E-02
1650,25200,IDP_dMRI_TBSS_L1_Middle_cerebellar_peduncle,,AU,float,10,Mean L1,D,WM tract diffusivity,Mean L1 in middle cerebellar peduncle on FA (fractional anisotropy) skeleton (from dMRI data),20860,20842,20848,10496,-,-,31356,31332,31341,1.97E-01,1.94E-02
1651,25201,IDP_dMRI_TBSS_L1_Pontine_crossing_tract,,AU,float,10,Mean L1,D,WM tract diffusivity,Mean L1 in pontine crossing tract on FA (fractional anisotropy) skeleton (from dMRI data),20860,20842,20848,10496,-,-,31356,31332,31341,1.99E-01,2.05E-02
1652,25202,IDP_dMRI_TBSS_L1_Genu_of_corpus_callosum,,AU,float,10,Mean L1,D,WM tract diffusivity,Mean L1 in genu of corpus callosum on FA (fractional anisotropy) skeleton (from dMRI data),20860,20842,20848,10496,-,-,31356,31332,31341,3.04E-01,2.52E-02
1653,25203,IDP_dMRI_TBSS_L1_Body_of_corpus_callosum,,AU,float,10,Mean L1,D,WM tract diffusivity,Mean L1 in body of corpus callosum on FA (fractional anisotropy) skeleton (from dMRI data),20860,20842,20848,10496,-,-,31356,31332,31341,2.69E-01,2.32E-02
1654,25204,IDP_dMRI_TBSS_L1_Splenium_of_corpus_callosum,,AU,float,10,Mean L1,D,WM tract diffusivity,Mean L1 in splenium of corpus callosum on FA (fractional anisotropy) skeleton (from dMRI data),20860,20842,20848,10496,-,-,31356,31332,31341,3.24E-01,2.74E-02
1655,25205,IDP_dMRI_TBSS_L1_Fornix,,AU,float,10,Mean L1,D,WM tract diffusivity,Mean L1 in fornix on FA (fractional anisotropy) skeleton (from dMRI data),20860,20842,20848,10496,-,-,31356,31332,31341,2.37E-01,2.40E-02
1656,25206,IDP_dMRI_TBSS_L1_Corticospinal_tract_R,,AU,float,10,Mean L1,D,WM tract diffusivity,Mean L1 in corticospinal tract (right) on FA (fractional anisotropy) skeleton (from dMRI data),20860,20842,20848,10496,-,-,31356,31332,31341,1.48E-01,1.85E-02
1657,25207,IDP_dMRI_TBSS_L1_Corticospinal_tract_L,,AU,float,10,Mean L1,D,WM tract diffusivity,Mean L1 in corticospinal tract (left) on FA (fractional anisotropy) skeleton (from dMRI data),20860,20842,20848,10496,-,-,31356,31332,31341,1.22E-01,1.76E-02
1658,25208,IDP_dMRI_TBSS_L1_Medial_lemniscus_R,,AU,float,10,Mean L1,D,WM tract diffusivity,Mean L1 in medial lemniscus (right) on FA (fractional anisotropy) skeleton (from dMRI data),20860,20842,20848,10496,-,-,31356,31332,31341,2.00E-01,2.37E-02
1659,25209,IDP_dMRI_TBSS_L1_Medial_lemniscus_L,,AU,float,10,Mean L1,D,WM tract diffusivity,Mean L1 in medial lemniscus (left) on FA (fractional anisotropy) skeleton (from dMRI data),20860,20842,20848,10496,-,-,31356,31332,31341,1.77E-01,2.44E-02
1660,25210,IDP_dMRI_TBSS_L1_Inferior_cerebellar_peduncle_R,,AU,float,10,Mean L1,D,WM tract diffusivity,Mean L1 in inferior cerebellar peduncle (right) on FA (fractional anisotropy) skeleton (from dMRI data),20860,20842,20848,10496,-,-,31356,31332,31341,1.95E-01,1.80E-02
1661,25211,IDP_dMRI_TBSS_L1_Inferior_cerebellar_peduncle_L,,AU,float,10,Mean L1,D,WM tract diffusivity,Mean L1 in inferior cerebellar peduncle (left) on FA (fractional anisotropy) skeleton (from dMRI data),20860,20842,20848,10496,-,-,31356,31332,31341,1.87E-01,1.70E-02
1662,25212,IDP_dMRI_TBSS_L1_Superior_cerebellar_peduncle_R,,AU,float,10,Mean L1,D,WM tract diffusivity,Mean L1 in superior cerebellar peduncle (right) on FA (fractional anisotropy) skeleton (from dMRI data),20860,20842,20848,10496,-,-,31356,31332,31341,2.23E-01,2.23E-02
1663,25213,IDP_dMRI_TBSS_L1_Superior_cerebellar_peduncle_L,,AU,float,10,Mean L1,D,WM tract diffusivity,Mean L1 in superior cerebellar peduncle (left) on FA (fractional anisotropy) skeleton (from dMRI data),20860,20842,20848,10496,-,-,31356,31332,31341,2.38E-01,2.33E-02
1664,25214,IDP_dMRI_TBSS_L1_Cerebral_peduncle_R,,AU,float,10,Mean L1,D,WM tract diffusivity,Mean L1 in cerebral peduncle (right) on FA (fractional anisotropy) skeleton (from dMRI data),20860,20842,20848,10496,-,-,31356,31332,31341,2.31E-01,2.17E-02
1665,25215,IDP_dMRI_TBSS_L1_Cerebral_peduncle_L,,AU,float,10,Mean L1,D,WM tract diffusivity,Mean L1 in cerebral peduncle (left) on FA (fractional anisotropy) skeleton (from dMRI data),20860,20842,20848,10496,-,-,31356,31332,31341,2.27E-01,2.17E-02
1666,25216,IDP_dMRI_TBSS_L1_Anterior_limb_of_internal_capsule_R,,AU,float,10,Mean L1,D,WM tract diffusivity,Mean L1 in anterior limb of internal capsule (right) on FA (fractional anisotropy) skeleton (from dMRI data),20860,20842,20848,10496,-,-,31356,31332,31341,2.08E-01,1.91E-02
1667,25217,IDP_dMRI_TBSS_L1_Anterior_limb_of_internal_capsule_L,,AU,float,10,Mean L1,D,WM tract diffusivity,Mean L1 in anterior limb of internal capsule (left) on FA (fractional anisotropy) skeleton (from dMRI data),20860,20842,20848,10496,-,-,31356,31332,31341,2.15E-01,2.06E-02
1668,25218,IDP_dMRI_TBSS_L1_Posterior_limb_of_internal_capsule_R,,AU,float,10,Mean L1,D,WM tract diffusivity,Mean L1 in posterior limb of internal capsule (right) on FA (fractional anisotropy) skeleton (from dMRI data),20860,20842,20848,10496,-,-,31356,31332,31341,3.38E-01,2.58E-02
1669,25219,IDP_dMRI_TBSS_L1_Posterior_limb_of_internal_capsule_L,,AU,float,10,Mean L1,D,WM tract diffusivity,Mean L1 in posterior limb of internal capsule (left) on FA (fractional anisotropy) skeleton (from dMRI data),20860,20842,20848,10496,-,-,31356,31332,31341,3.24E-01,2.45E-02
1670,25220,IDP_dMRI_TBSS_L1_Retrolenticular_part_of_internal_capsule_R,,AU,float,10,Mean L1,D,WM tract diffusivity,Mean L1 in retrolenticular part of internal capsule (right) on FA (fractional anisotropy) skeleton (from dMRI data),20860,20842,20848,10496,-,-,31356,31332,31341,2.63E-01,2.08E-02
1671,25221,IDP_dMRI_TBSS_L1_Retrolenticular_part_of_internal_capsule_L,,AU,float,10,Mean L1,D,WM tract diffusivity,Mean L1 in retrolenticular part of internal capsule (left) on FA (fractional anisotropy) skeleton (from dMRI data),20860,20842,20848,10496,-,-,31356,31332,31341,2.25E-01,2.08E-02
1672,25222,IDP_dMRI_TBSS_L1_Anterior_corona_radiata_R,,AU,float,10,Mean L1,D,WM tract diffusivity,Mean L1 in anterior corona radiata (right) on FA (fractional anisotropy) skeleton (from dMRI data),20860,20842,20848,10496,-,-,31356,31332,31341,2.54E-01,2.50E-02
1673,25223,IDP_dMRI_TBSS_L1_Anterior_corona_radiata_L,,AU,float,10,Mean L1,D,WM tract diffusivity,Mean L1 in anterior corona radiata (left) on FA (fractional anisotropy) skeleton (from dMRI data),20860,20842,20848,10496,-,-,31356,31332,31341,2.66E-01,2.73E-02
1674,25224,IDP_dMRI_TBSS_L1_Superior_corona_radiata_R,,AU,float,10,Mean L1,D,WM tract diffusivity,Mean L1 in superior corona radiata (right) on FA (fractional anisotropy) skeleton (from dMRI data),20860,20842,20848,10496,-,-,31356,31332,31341,2.64E-01,2.28E-02
1675,25225,IDP_dMRI_TBSS_L1_Superior_corona_radiata_L,,AU,float,10,Mean L1,D,WM tract diffusivity,Mean L1 in superior corona radiata (left) on FA (fractional anisotropy) skeleton (from dMRI data),20860,20842,20848,10496,-,-,31356,31332,31341,2.60E-01,2.39E-02
1676,25226,IDP_dMRI_TBSS_L1_Posterior_corona_radiata_R,,AU,float,10,Mean L1,D,WM tract diffusivity,Mean L1 in posterior corona radiata (right) on FA (fractional anisotropy) skeleton (from dMRI data),20860,20842,20848,10496,-,-,31356,31332,31341,2.67E-01,2.35E-02
1677,25227,IDP_dMRI_TBSS_L1_Posterior_corona_radiata_L,,AU,float,10,Mean L1,D,WM tract diffusivity,Mean L1 in posterior corona radiata (left) on FA (fractional anisotropy) skeleton (from dMRI data),20860,20842,20848,10496,-,-,31356,31332,31341,2.51E-01,2.49E-02
1678,25228,IDP_dMRI_TBSS_L1_Posterior_thalamic_radiation_R,,AU,float,10,Mean L1,D,WM tract diffusivity,Mean L1 in posterior thalamic radiation (right) on FA (fractional anisotropy) skeleton (from dMRI data),20860,20842,20848,10496,-,-,31356,31332,31341,2.01E-01,1.97E-02
1679,25229,IDP_dMRI_TBSS_L1_Posterior_thalamic_radiation_L,,AU,float,10,Mean L1,D,WM tract diffusivity,Mean L1 in posterior thalamic radiation (left) on FA (fractional anisotropy) skeleton (from dMRI data),20860,20842,20848,10496,-,-,31356,31332,31341,2.39E-01,2.27E-02
1680,25230,IDP_dMRI_TBSS_L1_Sagittal_stratum_R,,AU,float,10,Mean L1,D,WM tract diffusivity,Mean L1 in sagittal stratum (right) on FA (fractional anisotropy) skeleton (from dMRI data),20860,20842,20848,10496,-,-,31356,31332,31341,2.28E-01,2.18E-02
1681,25231,IDP_dMRI_TBSS_L1_Sagittal_stratum_L,,AU,float,10,Mean L1,D,WM tract diffusivity,Mean L1 in sagittal stratum (left) on FA (fractional anisotropy) skeleton (from dMRI data),20860,20842,20848,10496,-,-,31356,31332,31341,2.11E-01,2.13E-02
1682,25232,IDP_dMRI_TBSS_L1_External_capsule_R,,AU,float,10,Mean L1,D,WM tract diffusivity,Mean L1 in external capsule (right) on FA (fractional anisotropy) skeleton (from dMRI data),20860,20842,20848,10496,-,-,31356,31332,31341,2.71E-01,2.65E-02
1683,25233,IDP_dMRI_TBSS_L1_External_capsule_L,,AU,float,10,Mean L1,D,WM tract diffusivity,Mean L1 in external capsule (left) on FA (fractional anisotropy) skeleton (from dMRI data),20860,20842,20848,10496,-,-,31356,31332,31341,2.67E-01,2.63E-02
1684,25234,IDP_dMRI_TBSS_L1_Cingulum_cingulate_gyrus_R,,AU,float,10,Mean L1,D,WM tract diffusivity,Mean L1 in cingulum cingulate gyrus (right) on FA (fractional anisotropy) skeleton (from dMRI data),20860,20842,20848,10496,-,-,31356,31332,31341,2.58E-01,2.37E-02
1685,25235,IDP_dMRI_TBSS_L1_Cingulum_cingulate_gyrus_L,,AU,float,10,Mean L1,D,WM tract diffusivity,Mean L1 in cingulum cingulate gyrus (left) on FA (fractional anisotropy) skeleton (from dMRI data),20860,20842,20848,10496,-,-,31356,31332,31341,2.67E-01,2.27E-02
1686,25236,IDP_dMRI_TBSS_L1_Cingulum_hippocampus_R,,AU,float,10,Mean L1,D,WM tract diffusivity,Mean L1 in cingulum hippocampus (right) on FA (fractional anisotropy) skeleton (from dMRI data),20860,20842,20848,10496,-,-,31356,31332,31341,2.02E-01,2.19E-02
1687,25237,IDP_dMRI_TBSS_L1_Cingulum_hippocampus_L,,AU,float,10,Mean L1,D,WM tract diffusivity,Mean L1 in cingulum hippocampus (left) on FA (fractional anisotropy) skeleton (from dMRI data),20860,20842,20848,10496,-,-,31356,31332,31341,2.12E-01,2.10E-02
1688,25238,IDP_dMRI_TBSS_L1_Fornix_cres+Stria_terminalis_R,,AU,float,10,Mean L1,D,WM tract diffusivity,Mean L1 in fornix cres+stria terminalis (right) on FA (fractional anisotropy) skeleton (from dMRI data),20860,20842,20848,10496,-,-,31356,31332,31341,1.64E-01,1.87E-02
1689,25239,IDP_dMRI_TBSS_L1_Fornix_cres+Stria_terminalis_L,,AU,float,10,Mean L1,D,WM tract diffusivity,Mean L1 in fornix cres+stria terminalis (left) on FA (fractional anisotropy) skeleton (from dMRI data),20860,20842,20848,10496,-,-,31356,31332,31341,1.65E-01,1.91E-02
1690,25240,IDP_dMRI_TBSS_L1_Superior_longitudinal_fasciculus_R,,AU,float,10,Mean L1,D,WM tract diffusivity,Mean L1 in superior longitudinal fasciculus (right) on FA (fractional anisotropy) skeleton (from dMRI data),20860,20842,20848,10496,-,-,31356,31332,31341,3.01E-01,2.47E-02
1691,25241,IDP_dMRI_TBSS_L1_Superior_longitudinal_fasciculus_L,,AU,float,10,Mean L1,D,WM tract diffusivity,Mean L1 in superior longitudinal fasciculus (left) on FA (fractional anisotropy) skeleton (from dMRI data),20860,20842,20848,10496,-,-,31356,31332,31341,3.21E-01,2.58E-02
1692,25242,IDP_dMRI_TBSS_L1_Superior_fronto-occipital_fasciculus_R,,AU,float,10,Mean L1,D,WM tract diffusivity,Mean L1 in superior fronto-occipital fasciculus (right) on FA (fractional anisotropy) skeleton (from dMRI data),20860,20842,20848,10496,-,-,31356,31332,31341,1.71E-01,1.95E-02
1693,25243,IDP_dMRI_TBSS_L1_Superior_fronto-occipital_fasciculus_L,,AU,float,10,Mean L1,D,WM tract diffusivity,Mean L1 in superior fronto-occipital fasciculus (left) on FA (fractional anisotropy) skeleton (from dMRI data),20860,20842,20848,10496,-,-,31356,31332,31341,1.67E-01,1.88E-02
1694,25244,IDP_dMRI_TBSS_L1_Uncinate_fasciculus_R,,AU,float,10,Mean L1,D,WM tract diffusivity,Mean L1 in uncinate fasciculus (right) on FA (fractional anisotropy) skeleton (from dMRI data),20860,20842,20848,10496,-,-,31356,31332,31341,2.27E-01,2.09E-02
1695,25245,IDP_dMRI_TBSS_L1_Uncinate_fasciculus_L,,AU,float,10,Mean L1,D,WM tract diffusivity,Mean L1 in uncinate fasciculus (left) on FA (fractional anisotropy) skeleton (from dMRI data),20860,20842,20848,10496,-,-,31356,31332,31341,2.18E-01,2.05E-02
1696,25246,IDP_dMRI_TBSS_L1_Tapetum_R,,AU,float,10,Mean L1,D,WM tract diffusivity,Mean L1 in tapetum (right) on FA (fractional anisotropy) skeleton (from dMRI data),20860,20842,20848,10496,-,-,31356,31332,31341,1.48E-01,1.87E-02
1697,25247,IDP_dMRI_TBSS_L1_Tapetum_L,,AU,float,10,Mean L1,D,WM tract diffusivity,Mean L1 in tapetum (left) on FA (fractional anisotropy) skeleton (from dMRI data),20860,20842,20848,10496,-,-,31356,31332,31341,1.94E-01,1.97E-02
1698,25248,IDP_dMRI_TBSS_L2_Middle_cerebellar_peduncle,,AU,float,10,Mean L2,D,WM tract diffusivity,Mean L2 in middle cerebellar peduncle on FA (fractional anisotropy) skeleton (from dMRI data),20860,20842,20848,10496,-,-,31356,31332,31341,2.36E-01,2.25E-02
1699,25249,IDP_dMRI_TBSS_L2_Pontine_crossing_tract,,AU,float,10,Mean L2,D,WM tract diffusivity,Mean L2 in pontine crossing tract on FA (fractional anisotropy) skeleton (from dMRI data),20860,20842,20848,10496,-,-,31356,31332,31341,2.18E-01,2.05E-02
1700,25250,IDP_dMRI_TBSS_L2_Genu_of_corpus_callosum,,AU,float,10,Mean L2,D,WM tract diffusivity,Mean L2 in genu of corpus callosum on FA (fractional anisotropy) skeleton (from dMRI data),20860,20842,20848,10496,-,-,31356,31332,31341,3.02E-01,2.62E-02
1701,25251,IDP_dMRI_TBSS_L2_Body_of_corpus_callosum,,AU,float,10,Mean L2,D,WM tract diffusivity,Mean L2 in body of corpus callosum on FA (fractional anisotropy) skeleton (from dMRI data),20860,20842,20848,10496,10490,10493,31356,31332,31341,2.90E-01,2.63E-02
1702,25252,IDP_dMRI_TBSS_L2_Splenium_of_corpus_callosum,,AU,float,10,Mean L2,D,WM tract diffusivity,Mean L2 in splenium of corpus callosum on FA (fractional anisotropy) skeleton (from dMRI data),20860,20842,20848,10496,-,-,31356,31332,31341,2.20E-01,2.55E-02
1703,25253,IDP_dMRI_TBSS_L2_Fornix,,AU,float,10,Mean L2,D,WM tract diffusivity,Mean L2 in fornix on FA (fractional anisotropy) skeleton (from dMRI data),20860,20842,20848,10496,-,-,31356,31332,31341,2.27E-01,2.27E-02
1704,25254,IDP_dMRI_TBSS_L2_Corticospinal_tract_R,,AU,float,10,Mean L2,D,WM tract diffusivity,Mean L2 in corticospinal tract (right) on FA (fractional anisotropy) skeleton (from dMRI data),20860,20842,20848,10496,-,-,31356,31332,31341,2.06E-01,2.09E-02
1705,25255,IDP_dMRI_TBSS_L2_Corticospinal_tract_L,,AU,float,10,Mean L2,D,WM tract diffusivity,Mean L2 in corticospinal tract (left) on FA (fractional anisotropy) skeleton (from dMRI data),20860,20842,20848,10496,-,-,31356,31332,31341,1.95E-01,1.89E-02
1706,25256,IDP_dMRI_TBSS_L2_Medial_lemniscus_R,,AU,float,10,Mean L2,D,WM tract diffusivity,Mean L2 in medial lemniscus (right) on FA (fractional anisotropy) skeleton (from dMRI data),20860,20842,20848,10496,-,-,31356,31332,31341,1.49E-01,1.81E-02
1707,25257,IDP_dMRI_TBSS_L2_Medial_lemniscus_L,,AU,float,10,Mean L2,D,WM tract diffusivity,Mean L2 in medial lemniscus (left) on FA (fractional anisotropy) skeleton (from dMRI data),20860,20842,20848,10496,-,-,31356,31332,31341,1.38E-01,1.68E-02
1708,25258,IDP_dMRI_TBSS_L2_Inferior_cerebellar_peduncle_R,,AU,float,10,Mean L2,D,WM tract diffusivity,Mean L2 in inferior cerebellar peduncle (right) on FA (fractional anisotropy) skeleton (from dMRI data),20860,20842,20848,10496,-,-,31356,31332,31341,2.06E-01,2.15E-02
1709,25259,IDP_dMRI_TBSS_L2_Inferior_cerebellar_peduncle_L,,AU,float,10,Mean L2,D,WM tract diffusivity,Mean L2 in inferior cerebellar peduncle (left) on FA (fractional anisotropy) skeleton (from dMRI data),20860,20842,20848,10496,-,-,31356,31332,31341,1.73E-01,2.19E-02
1710,25260,IDP_dMRI_TBSS_L2_Superior_cerebellar_peduncle_R,,AU,float,10,Mean L2,D,WM tract diffusivity,Mean L2 in superior cerebellar peduncle (right) on FA (fractional anisotropy) skeleton (from dMRI data),20860,20842,20848,10496,-,-,31356,31332,31341,3.19E-01,2.42E-02
1711,25261,IDP_dMRI_TBSS_L2_Superior_cerebellar_peduncle_L,,AU,float,10,Mean L2,D,WM tract diffusivity,Mean L2 in superior cerebellar peduncle (left) on FA (fractional anisotropy) skeleton (from dMRI data),20860,20842,20848,10496,-,-,31356,31332,31341,3.06E-01,2.41E-02
1712,25262,IDP_dMRI_TBSS_L2_Cerebral_peduncle_R,,AU,float,10,Mean L2,D,WM tract diffusivity,Mean L2 in cerebral peduncle (right) on FA (fractional anisotropy) skeleton (from dMRI data),20860,20842,20848,10496,-,-,31356,31332,31341,2.08E-01,1.91E-02
1713,25263,IDP_dMRI_TBSS_L2_Cerebral_peduncle_L,,AU,float,10,Mean L2,D,WM tract diffusivity,Mean L2 in cerebral peduncle (left) on FA (fractional anisotropy) skeleton (from dMRI data),20860,20842,20848,10496,-,-,31356,31332,31341,2.21E-01,1.96E-02
1714,25264,IDP_dMRI_TBSS_L2_Anterior_limb_of_internal_capsule_R,,AU,float,10,Mean L2,D,WM tract diffusivity,Mean L2 in anterior limb of internal capsule (right) on FA (fractional anisotropy) skeleton (from dMRI data),20860,20842,20848,10496,-,-,31356,31332,31341,2.43E-01,2.37E-02
1715,25265,IDP_dMRI_TBSS_L2_Anterior_limb_of_internal_capsule_L,,AU,float,10,Mean L2,D,WM tract diffusivity,Mean L2 in anterior limb of internal capsule (left) on FA (fractional anisotropy) skeleton (from dMRI data),20860,20842,20848,10496,-,-,31356,31332,31341,2.25E-01,2.25E-02
1716,25266,IDP_dMRI_TBSS_L2_Posterior_limb_of_internal_capsule_R,,AU,float,10,Mean L2,D,WM tract diffusivity,Mean L2 in posterior limb of internal capsule (right) on FA (fractional anisotropy) skeleton (from dMRI data),20860,20842,20848,10496,10490,10493,31356,31332,31341,2.65E-01,2.24E-02
1717,25267,IDP_dMRI_TBSS_L2_Posterior_limb_of_internal_capsule_L,,AU,float,10,Mean L2,D,WM tract diffusivity,Mean L2 in posterior limb of internal capsule (left) on FA (fractional anisotropy) skeleton (from dMRI data),20860,20842,20848,10496,-,-,31356,31332,31341,2.80E-01,2.44E-02
1718,25268,IDP_dMRI_TBSS_L2_Retrolenticular_part_of_internal_capsule_R,,AU,float,10,Mean L2,D,WM tract diffusivity,Mean L2 in retrolenticular part of internal capsule (right) on FA (fractional anisotropy) skeleton (from dMRI data),20860,20842,20848,10496,-,-,31356,31332,31341,2.47E-01,2.45E-02
1719,25269,IDP_dMRI_TBSS_L2_Retrolenticular_part_of_internal_capsule_L,,AU,float,10,Mean L2,D,WM tract diffusivity,Mean L2 in retrolenticular part of internal capsule (left) on FA (fractional anisotropy) skeleton (from dMRI data),20860,20842,20848,10496,-,-,31356,31332,31341,2.32E-01,2.49E-02
1720,25270,IDP_dMRI_TBSS_L2_Anterior_corona_radiata_R,,AU,float,10,Mean L2,D,WM tract diffusivity,Mean L2 in anterior corona radiata (right) on FA (fractional anisotropy) skeleton (from dMRI data),20860,20842,20848,10496,10490,10493,31356,31332,31341,3.25E-01,2.90E-02
1721,25271,IDP_dMRI_TBSS_L2_Anterior_corona_radiata_L,,AU,float,10,Mean L2,D,WM tract diffusivity,Mean L2 in anterior corona radiata (left) on FA (fractional anisotropy) skeleton (from dMRI data),20860,20842,20848,10496,10490,10493,31356,31332,31341,3.17E-01,2.90E-02
1722,25272,IDP_dMRI_TBSS_L2_Superior_corona_radiata_R,,AU,float,10,Mean L2,D,WM tract diffusivity,Mean L2 in superior corona radiata (right) on FA (fractional anisotropy) skeleton (from dMRI data),20860,20842,20848,10496,10490,10493,31356,31332,31341,2.55E-01,2.74E-02
1723,25273,IDP_dMRI_TBSS_L2_Superior_corona_radiata_L,,AU,float,10,Mean L2,D,WM tract diffusivity,Mean L2 in superior corona radiata (left) on FA (fractional anisotropy) skeleton (from dMRI data),20860,20842,20848,10496,10490,10493,31356,31332,31341,2.64E-01,2.78E-02
1724,25274,IDP_dMRI_TBSS_L2_Posterior_corona_radiata_R,,AU,float,10,Mean L2,D,WM tract diffusivity,Mean L2 in posterior corona radiata (right) on FA (fractional anisotropy) skeleton (from dMRI data),20860,20842,20848,10496,-,-,31356,31332,31341,2.54E-01,2.52E-02
1725,25275,IDP_dMRI_TBSS_L2_Posterior_corona_radiata_L,,AU,float,10,Mean L2,D,WM tract diffusivity,Mean L2 in posterior corona radiata (left) on FA (fractional anisotropy) skeleton (from dMRI data),20860,20842,20848,10496,10490,10493,31356,31332,31341,2.61E-01,2.74E-02
1726,25276,IDP_dMRI_TBSS_L2_Posterior_thalamic_radiation_R,,AU,float,10,Mean L2,D,WM tract diffusivity,Mean L2 in posterior thalamic radiation (right) on FA (fractional anisotropy) skeleton (from dMRI data),20860,20842,20848,10496,-,-,31356,31332,31341,2.28E-01,2.49E-02
1727,25277,IDP_dMRI_TBSS_L2_Posterior_thalamic_radiation_L,,AU,float,10,Mean L2,D,WM tract diffusivity,Mean L2 in posterior thalamic radiation (left) on FA (fractional anisotropy) skeleton (from dMRI data),20860,20842,20848,10496,-,-,31356,31332,31341,2.14E-01,2.47E-02
1728,25278,IDP_dMRI_TBSS_L2_Sagittal_stratum_R,,AU,float,10,Mean L2,D,WM tract diffusivity,Mean L2 in sagittal stratum (right) on FA (fractional anisotropy) skeleton (from dMRI data),20860,20842,20848,10496,-,-,31356,31332,31341,2.40E-01,2.51E-02
1729,25279,IDP_dMRI_TBSS_L2_Sagittal_stratum_L,,AU,float,10,Mean L2,D,WM tract diffusivity,Mean L2 in sagittal stratum (left) on FA (fractional anisotropy) skeleton (from dMRI data),20860,20842,20848,10496,-,-,31356,31332,31341,2.15E-01,2.57E-02
1730,25280,IDP_dMRI_TBSS_L2_External_capsule_R,,AU,float,10,Mean L2,D,WM tract diffusivity,Mean L2 in external capsule (right) on FA (fractional anisotropy) skeleton (from dMRI data),20860,20842,20848,10496,-,-,31356,31332,31341,2.51E-01,2.37E-02
1731,25281,IDP_dMRI_TBSS_L2_External_capsule_L,,AU,float,10,Mean L2,D,WM tract diffusivity,Mean L2 in external capsule (left) on FA (fractional anisotropy) skeleton (from dMRI data),20860,20842,20848,10496,-,-,31356,31332,31341,2.37E-01,2.44E-02
1732,25282,IDP_dMRI_TBSS_L2_Cingulum_cingulate_gyrus_R,,AU,float,10,Mean L2,D,WM tract diffusivity,Mean L2 in cingulum cingulate gyrus (right) on FA (fractional anisotropy) skeleton (from dMRI data),20860,20842,20848,10496,-,-,31356,31332,31341,2.94E-01,2.51E-02
1733,25283,IDP_dMRI_TBSS_L2_Cingulum_cingulate_gyrus_L,,AU,float,10,Mean L2,D,WM tract diffusivity,Mean L2 in cingulum cingulate gyrus (left) on FA (fractional anisotropy) skeleton (from dMRI data),20860,20842,20848,10496,-,-,31356,31332,31341,2.94E-01,2.47E-02
1734,25284,IDP_dMRI_TBSS_L2_Cingulum_hippocampus_R,,AU,float,10,Mean L2,D,WM tract diffusivity,Mean L2 in cingulum hippocampus (right) on FA (fractional anisotropy) skeleton (from dMRI data),20860,20842,20848,10496,-,-,31356,31332,31341,2.20E-01,2.09E-02
1735,25285,IDP_dMRI_TBSS_L2_Cingulum_hippocampus_L,,AU,float,10,Mean L2,D,WM tract diffusivity,Mean L2 in cingulum hippocampus (left) on FA (fractional anisotropy) skeleton (from dMRI data),20860,20842,20848,10496,-,-,31356,31332,31341,2.24E-01,2.12E-02
1736,25286,IDP_dMRI_TBSS_L2_Fornix_cres+Stria_terminalis_R,,AU,float,10,Mean L2,D,WM tract diffusivity,Mean L2 in fornix cres+stria terminalis (right) on FA (fractional anisotropy) skeleton (from dMRI data),20860,20842,20848,10496,-,-,31356,31332,31341,2.14E-01,2.01E-02
1737,25287,IDP_dMRI_TBSS_L2_Fornix_cres+Stria_terminalis_L,,AU,float,10,Mean L2,D,WM tract diffusivity,Mean L2 in fornix cres+stria terminalis (left) on FA (fractional anisotropy) skeleton (from dMRI data),20860,20842,20848,10496,-,-,31356,31332,31341,1.93E-01,2.01E-02
1738,25288,IDP_dMRI_TBSS_L2_Superior_longitudinal_fasciculus_R,,AU,float,10,Mean L2,D,WM tract diffusivity,Mean L2 in superior longitudinal fasciculus (right) on FA (fractional anisotropy) skeleton (from dMRI data),20860,20842,20848,10496,-,-,31356,31332,31341,3.15E-01,2.71E-02
1739,25289,IDP_dMRI_TBSS_L2_Superior_longitudinal_fasciculus_L,,AU,float,10,Mean L2,D,WM tract diffusivity,Mean L2 in superior longitudinal fasciculus (left) on FA (fractional anisotropy) skeleton (from dMRI data),20860,20842,20848,10496,-,-,31356,31332,31341,2.98E-01,2.63E-02
1740,25290,IDP_dMRI_TBSS_L2_Superior_fronto-occipital_fasciculus_R,,AU,float,10,Mean L2,D,WM tract diffusivity,Mean L2 in superior fronto-occipital fasciculus (right) on FA (fractional anisotropy) skeleton (from dMRI data),20860,20842,20848,10496,-,-,31356,31332,31341,1.92E-01,1.89E-02
1741,25291,IDP_dMRI_TBSS_L2_Superior_fronto-occipital_fasciculus_L,,AU,float,10,Mean L2,D,WM tract diffusivity,Mean L2 in superior fronto-occipital fasciculus (left) on FA (fractional anisotropy) skeleton (from dMRI data),20860,20842,20848,10496,-,-,31356,31332,31341,1.70E-01,1.96E-02
1742,25292,IDP_dMRI_TBSS_L2_Uncinate_fasciculus_R,,AU,float,10,Mean L2,D,WM tract diffusivity,Mean L2 in uncinate fasciculus (right) on FA (fractional anisotropy) skeleton (from dMRI data),20860,20842,20848,10496,-,-,31356,31332,31341,2.48E-01,2.90E-02
1743,25293,IDP_dMRI_TBSS_L2_Uncinate_fasciculus_L,,AU,float,10,Mean L2,D,WM tract diffusivity,Mean L2 in uncinate fasciculus (left) on FA (fractional anisotropy) skeleton (from dMRI data),20860,20842,20848,10496,-,-,31356,31332,31341,2.32E-01,2.74E-02
1744,25294,IDP_dMRI_TBSS_L2_Tapetum_R,,AU,float,10,Mean L2,D,WM tract diffusivity,Mean L2 in tapetum (right) on FA (fractional anisotropy) skeleton (from dMRI data),20860,20842,20848,10496,-,-,31356,31332,31341,2.27E-01,2.20E-02
1745,25295,IDP_dMRI_TBSS_L2_Tapetum_L,,AU,float,10,Mean L2,D,WM tract diffusivity,Mean L2 in tapetum (left) on FA (fractional anisotropy) skeleton (from dMRI data),20860,20842,20848,10496,-,-,31356,31332,31341,2.27E-01,1.91E-02
1746,25296,IDP_dMRI_TBSS_L3_Middle_cerebellar_peduncle,,AU,float,10,Mean L3,D,WM tract diffusivity,Mean L3 in middle cerebellar peduncle on FA (fractional anisotropy) skeleton (from dMRI data),20860,20842,20848,10496,-,-,31356,31332,31341,2.13E-01,2.12E-02
1747,25297,IDP_dMRI_TBSS_L3_Pontine_crossing_tract,,AU,float,10,Mean L3,D,WM tract diffusivity,Mean L3 in pontine crossing tract on FA (fractional anisotropy) skeleton (from dMRI data),20860,20842,20848,10496,-,-,31356,31332,31341,1.94E-01,2.18E-02
1748,25298,IDP_dMRI_TBSS_L3_Genu_of_corpus_callosum,,AU,float,10,Mean L3,D,WM tract diffusivity,Mean L3 in genu of corpus callosum on FA (fractional anisotropy) skeleton (from dMRI data),20860,20842,20848,10496,-,-,31356,31332,31341,3.43E-01,2.61E-02
1749,25299,IDP_dMRI_TBSS_L3_Body_of_corpus_callosum,,AU,float,10,Mean L3,D,WM tract diffusivity,Mean L3 in body of corpus callosum on FA (fractional anisotropy) skeleton (from dMRI data),20860,20842,20848,10496,10490,10493,31356,31332,31341,3.23E-01,2.71E-02
1750,25300,IDP_dMRI_TBSS_L3_Splenium_of_corpus_callosum,,AU,float,10,Mean L3,D,WM tract diffusivity,Mean L3 in splenium of corpus callosum on FA (fractional anisotropy) skeleton (from dMRI data),20860,20842,20848,10496,-,-,31356,31332,31341,2.63E-01,2.47E-02
1751,25301,IDP_dMRI_TBSS_L3_Fornix,,AU,float,10,Mean L3,D,WM tract diffusivity,Mean L3 in fornix on FA (fractional anisotropy) skeleton (from dMRI data),20860,20842,20848,10496,-,-,31356,31332,31341,2.24E-01,2.28E-02
1752,25302,IDP_dMRI_TBSS_L3_Corticospinal_tract_R,,AU,float,10,Mean L3,D,WM tract diffusivity,Mean L3 in corticospinal tract (right) on FA (fractional anisotropy) skeleton (from dMRI data),20860,20842,20848,10496,-,-,31356,31332,31341,1.92E-01,2.09E-02
1753,25303,IDP_dMRI_TBSS_L3_Corticospinal_tract_L,,AU,float,10,Mean L3,D,WM tract diffusivity,Mean L3 in corticospinal tract (left) on FA (fractional anisotropy) skeleton (from dMRI data),20860,20842,20848,10496,-,-,31356,31332,31341,1.73E-01,2.00E-02
1754,25304,IDP_dMRI_TBSS_L3_Medial_lemniscus_R,,AU,float,10,Mean L3,D,WM tract diffusivity,Mean L3 in medial lemniscus (right) on FA (fractional anisotropy) skeleton (from dMRI data),20860,20842,20848,10496,-,-,31356,31332,31341,1.40E-01,1.79E-02
1755,25305,IDP_dMRI_TBSS_L3_Medial_lemniscus_L,,AU,float,10,Mean L3,D,WM tract diffusivity,Mean L3 in medial lemniscus (left) on FA (fractional anisotropy) skeleton (from dMRI data),20860,20842,20848,10496,-,-,31356,31332,31341,1.37E-01,1.70E-02
1756,25306,IDP_dMRI_TBSS_L3_Inferior_cerebellar_peduncle_R,,AU,float,10,Mean L3,D,WM tract diffusivity,Mean L3 in inferior cerebellar peduncle (right) on FA (fractional anisotropy) skeleton (from dMRI data),20860,20842,20848,10496,-,-,31356,31332,31341,2.23E-01,2.32E-02
1757,25307,IDP_dMRI_TBSS_L3_Inferior_cerebellar_peduncle_L,,AU,float,10,Mean L3,D,WM tract diffusivity,Mean L3 in inferior cerebellar peduncle (left) on FA (fractional anisotropy) skeleton (from dMRI data),20860,20842,20848,10496,-,-,31356,31332,31341,1.93E-01,2.10E-02
1758,25308,IDP_dMRI_TBSS_L3_Superior_cerebellar_peduncle_R,,AU,float,10,Mean L3,D,WM tract diffusivity,Mean L3 in superior cerebellar peduncle (right) on FA (fractional anisotropy) skeleton (from dMRI data),20860,20842,20848,10496,-,-,31356,31332,31341,3.16E-01,2.68E-02
1759,25309,IDP_dMRI_TBSS_L3_Superior_cerebellar_peduncle_L,,AU,float,10,Mean L3,D,WM tract diffusivity,Mean L3 in superior cerebellar peduncle (left) on FA (fractional anisotropy) skeleton (from dMRI data),20860,20842,20848,10496,-,-,31356,31332,31341,3.01E-01,2.59E-02
1760,25310,IDP_dMRI_TBSS_L3_Cerebral_peduncle_R,,AU,float,10,Mean L3,D,WM tract diffusivity,Mean L3 in cerebral peduncle (right) on FA (fractional anisotropy) skeleton (from dMRI data),20860,20842,20848,10496,-,-,31356,31332,31341,2.11E-01,1.89E-02
1761,25311,IDP_dMRI_TBSS_L3_Cerebral_peduncle_L,,AU,float,10,Mean L3,D,WM tract diffusivity,Mean L3 in cerebral peduncle (left) on FA (fractional anisotropy) skeleton (from dMRI data),20860,20842,20848,10496,-,-,31356,31332,31341,1.78E-01,2.06E-02
1762,25312,IDP_dMRI_TBSS_L3_Anterior_limb_of_internal_capsule_R,,AU,float,10,Mean L3,D,WM tract diffusivity,Mean L3 in anterior limb of internal capsule (right) on FA (fractional anisotropy) skeleton (from dMRI data),20860,20842,20848,10496,-,-,31356,31332,31341,2.58E-01,2.23E-02
1763,25313,IDP_dMRI_TBSS_L3_Anterior_limb_of_internal_capsule_L,,AU,float,10,Mean L3,D,WM tract diffusivity,Mean L3 in anterior limb of internal capsule (left) on FA (fractional anisotropy) skeleton (from dMRI data),20860,20842,20848,10496,-,-,31356,31332,31341,2.48E-01,2.46E-02
1764,25314,IDP_dMRI_TBSS_L3_Posterior_limb_of_internal_capsule_R,,AU,float,10,Mean L3,D,WM tract diffusivity,Mean L3 in posterior limb of internal capsule (right) on FA (fractional anisotropy) skeleton (from dMRI data),20860,20842,20848,10496,-,-,31356,31332,31341,2.48E-01,2.24E-02
1765,25315,IDP_dMRI_TBSS_L3_Posterior_limb_of_internal_capsule_L,,AU,float,10,Mean L3,D,WM tract diffusivity,Mean L3 in posterior limb of internal capsule (left) on FA (fractional anisotropy) skeleton (from dMRI data),20860,20842,20848,10496,-,-,31356,31332,31341,2.36E-01,2.31E-02
1766,25316,IDP_dMRI_TBSS_L3_Retrolenticular_part_of_internal_capsule_R,,AU,float,10,Mean L3,D,WM tract diffusivity,Mean L3 in retrolenticular part of internal capsule (right) on FA (fractional anisotropy) skeleton (from dMRI data),20860,20842,20848,10496,-,-,31356,31332,31341,2.59E-01,2.66E-02
1767,25317,IDP_dMRI_TBSS_L3_Retrolenticular_part_of_internal_capsule_L,,AU,float,10,Mean L3,D,WM tract diffusivity,Mean L3 in retrolenticular part of internal capsule (left) on FA (fractional anisotropy) skeleton (from dMRI data),20860,20842,20848,10496,-,-,31356,31332,31341,2.30E-01,2.64E-02
1768,25318,IDP_dMRI_TBSS_L3_Anterior_corona_radiata_R,,AU,float,10,Mean L3,D,WM tract diffusivity,Mean L3 in anterior corona radiata (right) on FA (fractional anisotropy) skeleton (from dMRI data),20860,20842,20848,10496,10490,10493,31356,31332,31341,3.47E-01,3.01E-02
1769,25319,IDP_dMRI_TBSS_L3_Anterior_corona_radiata_L,,AU,float,10,Mean L3,D,WM tract diffusivity,Mean L3 in anterior corona radiata (left) on FA (fractional anisotropy) skeleton (from dMRI data),20860,20842,20848,10496,10490,10493,31356,31332,31341,3.31E-01,2.97E-02
1770,25320,IDP_dMRI_TBSS_L3_Superior_corona_radiata_R,,AU,float,10,Mean L3,D,WM tract diffusivity,Mean L3 in superior corona radiata (right) on FA (fractional anisotropy) skeleton (from dMRI data),20860,20842,20848,10496,-,-,31356,31332,31341,3.17E-01,2.70E-02
1771,25321,IDP_dMRI_TBSS_L3_Superior_corona_radiata_L,,AU,float,10,Mean L3,D,WM tract diffusivity,Mean L3 in superior corona radiata (left) on FA (fractional anisotropy) skeleton (from dMRI data),20860,20842,20848,10496,-,-,31356,31332,31341,3.10E-01,2.70E-02
1772,25322,IDP_dMRI_TBSS_L3_Posterior_corona_radiata_R,,AU,float,10,Mean L3,D,WM tract diffusivity,Mean L3 in posterior corona radiata (right) on FA (fractional anisotropy) skeleton (from dMRI data),20860,20842,20848,10496,-,-,31356,31332,31341,2.90E-01,2.62E-02
1773,25323,IDP_dMRI_TBSS_L3_Posterior_corona_radiata_L,,AU,float,10,Mean L3,D,WM tract diffusivity,Mean L3 in posterior corona radiata (left) on FA (fractional anisotropy) skeleton (from dMRI data),20860,20842,20848,10496,-,-,31356,31332,31341,2.87E-01,2.70E-02
1774,25324,IDP_dMRI_TBSS_L3_Posterior_thalamic_radiation_R,,AU,float,10,Mean L3,D,WM tract diffusivity,Mean L3 in posterior thalamic radiation (right) on FA (fractional anisotropy) skeleton (from dMRI data),20860,20842,20848,10496,-,-,31356,31332,31341,2.43E-01,2.61E-02
1775,25325,IDP_dMRI_TBSS_L3_Posterior_thalamic_radiation_L,,AU,float,10,Mean L3,D,WM tract diffusivity,Mean L3 in posterior thalamic radiation (left) on FA (fractional anisotropy) skeleton (from dMRI data),20860,20842,20848,10496,-,-,31356,31332,31341,2.59E-01,2.66E-02
1776,25326,IDP_dMRI_TBSS_L3_Sagittal_stratum_R,,AU,float,10,Mean L3,D,WM tract diffusivity,Mean L3 in sagittal stratum (right) on FA (fractional anisotropy) skeleton (from dMRI data),20860,20842,20848,10496,10490,10493,31356,31332,31341,2.72E-01,2.90E-02
1777,25327,IDP_dMRI_TBSS_L3_Sagittal_stratum_L,,AU,float,10,Mean L3,D,WM tract diffusivity,Mean L3 in sagittal stratum (left) on FA (fractional anisotropy) skeleton (from dMRI data),20860,20842,20848,10496,-,-,31356,31332,31341,2.45E-01,2.86E-02
1778,25328,IDP_dMRI_TBSS_L3_External_capsule_R,,AU,float,10,Mean L3,D,WM tract diffusivity,Mean L3 in external capsule (right) on FA (fractional anisotropy) skeleton (from dMRI data),20860,20842,20848,10496,-,-,31356,31332,31341,2.47E-01,2.37E-02
1779,25329,IDP_dMRI_TBSS_L3_External_capsule_L,,AU,float,10,Mean L3,D,WM tract diffusivity,Mean L3 in external capsule (left) on FA (fractional anisotropy) skeleton (from dMRI data),20860,20842,20848,10496,-,-,31356,31332,31341,2.40E-01,2.40E-02
1780,25330,IDP_dMRI_TBSS_L3_Cingulum_cingulate_gyrus_R,,AU,float,10,Mean L3,D,WM tract diffusivity,Mean L3 in cingulum cingulate gyrus (right) on FA (fractional anisotropy) skeleton (from dMRI data),20860,20842,20848,10496,-,-,31356,31332,31341,2.88E-01,2.70E-02
1781,25331,IDP_dMRI_TBSS_L3_Cingulum_cingulate_gyrus_L,,AU,float,10,Mean L3,D,WM tract diffusivity,Mean L3 in cingulum cingulate gyrus (left) on FA (fractional anisotropy) skeleton (from dMRI data),20860,20842,20848,10496,-,-,31356,31332,31341,2.82E-01,2.45E-02
1782,25332,IDP_dMRI_TBSS_L3_Cingulum_hippocampus_R,,AU,float,10,Mean L3,D,WM tract diffusivity,Mean L3 in cingulum hippocampus (right) on FA (fractional anisotropy) skeleton (from dMRI data),20860,20842,20848,10496,-,-,31356,31332,31341,2.20E-01,2.11E-02
1783,25333,IDP_dMRI_TBSS_L3_Cingulum_hippocampus_L,,AU,float,10,Mean L3,D,WM tract diffusivity,Mean L3 in cingulum hippocampus (left) on FA (fractional anisotropy) skeleton (from dMRI data),20860,20842,20848,10496,-,-,31356,31332,31341,2.20E-01,2.11E-02
1784,25334,IDP_dMRI_TBSS_L3_Fornix_cres+Stria_terminalis_R,,AU,float,10,Mean L3,D,WM tract diffusivity,Mean L3 in fornix cres+stria terminalis (right) on FA (fractional anisotropy) skeleton (from dMRI data),20860,20842,20848,10496,-,-,31356,31332,31341,1.89E-01,2.14E-02
1785,25335,IDP_dMRI_TBSS_L3_Fornix_cres+Stria_terminalis_L,,AU,float,10,Mean L3,D,WM tract diffusivity,Mean L3 in fornix cres+stria terminalis (left) on FA (fractional anisotropy) skeleton (from dMRI data),20860,20842,20848,10496,-,-,31356,31332,31341,1.82E-01,2.02E-02
1786,25336,IDP_dMRI_TBSS_L3_Superior_longitudinal_fasciculus_R,,AU,float,10,Mean L3,D,WM tract diffusivity,Mean L3 in superior longitudinal fasciculus (right) on FA (fractional anisotropy) skeleton (from dMRI data),20860,20842,20848,10496,10490,10493,31356,31332,31341,3.07E-01,2.99E-02
1787,25337,IDP_dMRI_TBSS_L3_Superior_longitudinal_fasciculus_L,,AU,float,10,Mean L3,D,WM tract diffusivity,Mean L3 in superior longitudinal fasciculus (left) on FA (fractional anisotropy) skeleton (from dMRI data),20860,20842,20848,10496,10490,10493,31356,31332,31341,3.07E-01,2.98E-02
1788,25338,IDP_dMRI_TBSS_L3_Superior_fronto-occipital_fasciculus_R,,AU,float,10,Mean L3,D,WM tract diffusivity,Mean L3 in superior fronto-occipital fasciculus (right) on FA (fractional anisotropy) skeleton (from dMRI data),20860,20842,20848,10496,-,-,31356,31332,31341,2.21E-01,2.06E-02
1789,25339,IDP_dMRI_TBSS_L3_Superior_fronto-occipital_fasciculus_L,,AU,float,10,Mean L3,D,WM tract diffusivity,Mean L3 in superior fronto-occipital fasciculus (left) on FA (fractional anisotropy) skeleton (from dMRI data),20860,20842,20848,10496,-,-,31356,31332,31341,2.21E-01,2.09E-02
1790,25340,IDP_dMRI_TBSS_L3_Uncinate_fasciculus_R,,AU,float,10,Mean L3,D,WM tract diffusivity,Mean L3 in uncinate fasciculus (right) on FA (fractional anisotropy) skeleton (from dMRI data),20860,20842,20848,10496,-,-,31356,31332,31341,2.15E-01,2.26E-02
1791,25341,IDP_dMRI_TBSS_L3_Uncinate_fasciculus_L,,AU,float,10,Mean L3,D,WM tract diffusivity,Mean L3 in uncinate fasciculus (left) on FA (fractional anisotropy) skeleton (from dMRI data),20860,20842,20848,10496,-,-,31356,31332,31341,2.29E-01,2.34E-02
1792,25342,IDP_dMRI_TBSS_L3_Tapetum_R,,AU,float,10,Mean L3,D,WM tract diffusivity,Mean L3 in tapetum (right) on FA (fractional anisotropy) skeleton (from dMRI data),20860,20842,20848,10496,-,-,31356,31332,31341,2.11E-01,2.10E-02
1793,25343,IDP_dMRI_TBSS_L3_Tapetum_L,,AU,float,10,Mean L3,D,WM tract diffusivity,Mean L3 in tapetum (left) on FA (fractional anisotropy) skeleton (from dMRI data),20860,20842,20848,10496,-,-,31356,31332,31341,2.10E-01,1.95E-02
1902,25344,IDP_dMRI_TBSS_ICVF_Middle_cerebellar_peduncle,,AU,float,11,Mean ICVF,D,WM tract ICVF,Mean ICVF (intra-cellular volume fraction) in middle cerebellar peduncle on FA (fractional anisotropy) skeleton (from dMRI data),20859,20841,20847,10496,-,-,31355,31331,31340,3.11E-01,3.01E-02
1903,25345,IDP_dMRI_TBSS_ICVF_Pontine_crossing_tract,,AU,float,11,Mean ICVF,D,WM tract ICVF,Mean ICVF (intra-cellular volume fraction) in pontine crossing tract on FA (fractional anisotropy) skeleton (from dMRI data),20859,20841,20847,10496,-,-,31355,31331,31340,1.80E-01,2.27E-02
1904,25346,IDP_dMRI_TBSS_ICVF_Genu_of_corpus_callosum,,AU,float,11,Mean ICVF,D,WM tract ICVF,Mean ICVF (intra-cellular volume fraction) in genu of corpus callosum on FA (fractional anisotropy) skeleton (from dMRI data),20859,20841,20847,10496,10490,10493,31355,31331,31340,3.89E-01,3.59E-02
1905,25347,IDP_dMRI_TBSS_ICVF_Body_of_corpus_callosum,,AU,float,11,Mean ICVF,D,WM tract ICVF,Mean ICVF (intra-cellular volume fraction) in body of corpus callosum on FA (fractional anisotropy) skeleton (from dMRI data),20859,20841,20847,10496,10490,10493,31355,31331,31340,3.71E-01,3.79E-02
1906,25348,IDP_dMRI_TBSS_ICVF_Splenium_of_corpus_callosum,,AU,float,11,Mean ICVF,D,WM tract ICVF,Mean ICVF (intra-cellular volume fraction) in splenium of corpus callosum on FA (fractional anisotropy) skeleton (from dMRI data),20859,20841,20847,10496,10490,10493,31355,31331,31340,3.52E-01,3.26E-02
1907,25349,IDP_dMRI_TBSS_ICVF_Fornix,,AU,float,11,Mean ICVF,D,WM tract ICVF,Mean ICVF (intra-cellular volume fraction) in fornix on FA (fractional anisotropy) skeleton (from dMRI data),20859,20841,20847,10496,10490,10493,31355,31331,31340,1.65E-01,2.10E-02
1908,25350,IDP_dMRI_TBSS_ICVF_Corticospinal_tract_R,,AU,float,11,Mean ICVF,D,WM tract ICVF,Mean ICVF (intra-cellular volume fraction) in corticospinal tract (right) on FA (fractional anisotropy) skeleton (from dMRI data),20859,20841,20847,10496,-,-,31355,31331,31340,1.45E-01,2.30E-02
1909,25351,IDP_dMRI_TBSS_ICVF_Corticospinal_tract_L,,AU,float,11,Mean ICVF,D,WM tract ICVF,Mean ICVF (intra-cellular volume fraction) in corticospinal tract (left) on FA (fractional anisotropy) skeleton (from dMRI data),20859,20841,20847,10496,-,-,31355,31331,31340,1.65E-01,2.32E-02
1910,25352,IDP_dMRI_TBSS_ICVF_Medial_lemniscus_R,,AU,float,11,Mean ICVF,D,WM tract ICVF,Mean ICVF (intra-cellular volume fraction) in medial lemniscus (right) on FA (fractional anisotropy) skeleton (from dMRI data),20859,20841,20847,10496,-,-,31355,31331,31340,2.24E-01,2.10E-02
1911,25353,IDP_dMRI_TBSS_ICVF_Medial_lemniscus_L,,AU,float,11,Mean ICVF,D,WM tract ICVF,Mean ICVF (intra-cellular volume fraction) in medial lemniscus (left) on FA (fractional anisotropy) skeleton (from dMRI data),20859,20841,20847,10496,-,-,31355,31331,31340,2.15E-01,2.04E-02
1912,25354,IDP_dMRI_TBSS_ICVF_Inferior_cerebellar_peduncle_R,,AU,float,11,Mean ICVF,D,WM tract ICVF,Mean ICVF (intra-cellular volume fraction) in inferior cerebellar peduncle (right) on FA (fractional anisotropy) skeleton (from dMRI data),20859,20841,20847,10496,-,-,31355,31331,31340,2.89E-01,2.73E-02
1913,25355,IDP_dMRI_TBSS_ICVF_Inferior_cerebellar_peduncle_L,,AU,float,11,Mean ICVF,D,WM tract ICVF,Mean ICVF (intra-cellular volume fraction) in inferior cerebellar peduncle (left) on FA (fractional anisotropy) skeleton (from dMRI data),20859,20841,20847,10496,-,-,31355,31331,31340,2.96E-01,2.71E-02
1914,25356,IDP_dMRI_TBSS_ICVF_Superior_cerebellar_peduncle_R,,AU,float,11,Mean ICVF,D,WM tract ICVF,Mean ICVF (intra-cellular volume fraction) in superior cerebellar peduncle (right) on FA (fractional anisotropy) skeleton (from dMRI data),20859,20841,20847,10496,-,-,31355,31331,31340,2.98E-01,2.40E-02
1915,25357,IDP_dMRI_TBSS_ICVF_Superior_cerebellar_peduncle_L,,AU,float,11,Mean ICVF,D,WM tract ICVF,Mean ICVF (intra-cellular volume fraction) in superior cerebellar peduncle (left) on FA (fractional anisotropy) skeleton (from dMRI data),20859,20841,20847,10496,-,-,31355,31331,31340,2.94E-01,2.38E-02
1916,25358,IDP_dMRI_TBSS_ICVF_Cerebral_peduncle_R,,AU,float,11,Mean ICVF,D,WM tract ICVF,Mean ICVF (intra-cellular volume fraction) in cerebral peduncle (right) on FA (fractional anisotropy) skeleton (from dMRI data),20859,20841,20847,10496,-,-,31355,31331,31340,2.83E-01,2.77E-02
1917,25359,IDP_dMRI_TBSS_ICVF_Cerebral_peduncle_L,,AU,float,11,Mean ICVF,D,WM tract ICVF,Mean ICVF (intra-cellular volume fraction) in cerebral peduncle (left) on FA (fractional anisotropy) skeleton (from dMRI data),20859,20841,20847,10496,-,-,31355,31331,31340,3.01E-01,2.67E-02
1918,25360,IDP_dMRI_TBSS_ICVF_Anterior_limb_of_internal_capsule_R,,AU,float,11,Mean ICVF,D,WM tract ICVF,Mean ICVF (intra-cellular volume fraction) in anterior limb of internal capsule (right) on FA (fractional anisotropy) skeleton (from dMRI data),20859,20841,20847,10496,-,-,31355,31331,31340,3.52E-01,3.03E-02
1919,25361,IDP_dMRI_TBSS_ICVF_Anterior_limb_of_internal_capsule_L,,AU,float,11,Mean ICVF,D,WM tract ICVF,Mean ICVF (intra-cellular volume fraction) in anterior limb of internal capsule (left) on FA (fractional anisotropy) skeleton (from dMRI data),20859,20841,20847,10496,10490,10493,31355,31331,31340,3.44E-01,2.99E-02
1920,25362,IDP_dMRI_TBSS_ICVF_Posterior_limb_of_internal_capsule_R,,AU,float,11,Mean ICVF,D,WM tract ICVF,Mean ICVF (intra-cellular volume fraction) in posterior limb of internal capsule (right) on FA (fractional anisotropy) skeleton (from dMRI data),20859,20841,20847,10496,10490,10493,31355,31331,31340,3.49E-01,3.22E-02
1921,25363,IDP_dMRI_TBSS_ICVF_Posterior_limb_of_internal_capsule_L,,AU,float,11,Mean ICVF,D,WM tract ICVF,Mean ICVF (intra-cellular volume fraction) in posterior limb of internal capsule (left) on FA (fractional anisotropy) skeleton (from dMRI data),20859,20841,20847,10496,-,-,31355,31331,31340,3.31E-01,3.18E-02
1922,25364,IDP_dMRI_TBSS_ICVF_Retrolenticular_part_of_internal_capsule_R,,AU,float,11,Mean ICVF,D,WM tract ICVF,Mean ICVF (intra-cellular volume fraction) in retrolenticular part of internal capsule (right) on FA (fractional anisotropy) skeleton (from dMRI data),20859,20841,20847,10496,10490,10493,31355,31331,31340,3.16E-01,3.65E-02
1923,25365,IDP_dMRI_TBSS_ICVF_Retrolenticular_part_of_internal_capsule_L,,AU,float,11,Mean ICVF,D,WM tract ICVF,Mean ICVF (intra-cellular volume fraction) in retrolenticular part of internal capsule (left) on FA (fractional anisotropy) skeleton (from dMRI data),20859,20841,20847,10496,10490,10493,31355,31331,31340,2.96E-01,3.51E-02
1924,25366,IDP_dMRI_TBSS_ICVF_Anterior_corona_radiata_R,,AU,float,11,Mean ICVF,D,WM tract ICVF,Mean ICVF (intra-cellular volume fraction) in anterior corona radiata (right) on FA (fractional anisotropy) skeleton (from dMRI data),20859,20841,20847,10496,10490,10493,31355,31331,31340,3.65E-01,3.52E-02
1925,25367,IDP_dMRI_TBSS_ICVF_Anterior_corona_radiata_L,,AU,float,11,Mean ICVF,D,WM tract ICVF,Mean ICVF (intra-cellular volume fraction) in anterior corona radiata (left) on FA (fractional anisotropy) skeleton (from dMRI data),20859,20841,20847,10496,10490,10493,31355,31331,31340,3.57E-01,3.58E-02
1926,25368,IDP_dMRI_TBSS_ICVF_Superior_corona_radiata_R,,AU,float,11,Mean ICVF,D,WM tract ICVF,Mean ICVF (intra-cellular volume fraction) in superior corona radiata (right) on FA (fractional anisotropy) skeleton (from dMRI data),20859,20841,20847,10496,10490,10493,31355,31331,31340,3.42E-01,3.45E-02
1927,25369,IDP_dMRI_TBSS_ICVF_Superior_corona_radiata_L,,AU,float,11,Mean ICVF,D,WM tract ICVF,Mean ICVF (intra-cellular volume fraction) in superior corona radiata (left) on FA (fractional anisotropy) skeleton (from dMRI data),20859,20841,20847,10496,10490,10493,31355,31331,31340,3.29E-01,3.37E-02
1928,25370,IDP_dMRI_TBSS_ICVF_Posterior_corona_radiata_R,,AU,float,11,Mean ICVF,D,WM tract ICVF,Mean ICVF (intra-cellular volume fraction) in posterior corona radiata (right) on FA (fractional anisotropy) skeleton (from dMRI data),20859,20841,20847,10496,10490,10493,31355,31331,31340,3.29E-01,3.31E-02
1929,25371,IDP_dMRI_TBSS_ICVF_Posterior_corona_radiata_L,,AU,float,11,Mean ICVF,D,WM tract ICVF,Mean ICVF (intra-cellular volume fraction) in posterior corona radiata (left) on FA (fractional anisotropy) skeleton (from dMRI data),20859,20841,20847,10496,10490,10493,31355,31331,31340,3.29E-01,3.28E-02
1930,25372,IDP_dMRI_TBSS_ICVF_Posterior_thalamic_radiation_R,,AU,float,11,Mean ICVF,D,WM tract ICVF,Mean ICVF (intra-cellular volume fraction) in posterior thalamic radiation (right) on FA (fractional anisotropy) skeleton (from dMRI data),20859,20841,20847,10496,10490,10493,31355,31331,31340,3.03E-01,3.41E-02
1931,25373,IDP_dMRI_TBSS_ICVF_Posterior_thalamic_radiation_L,,AU,float,11,Mean ICVF,D,WM tract ICVF,Mean ICVF (intra-cellular volume fraction) in posterior thalamic radiation (left) on FA (fractional anisotropy) skeleton (from dMRI data),20859,20841,20847,10496,10490,10493,31355,31331,31340,3.06E-01,3.27E-02
1932,25374,IDP_dMRI_TBSS_ICVF_Sagittal_stratum_R,,AU,float,11,Mean ICVF,D,WM tract ICVF,Mean ICVF (intra-cellular volume fraction) in sagittal stratum (right) on FA (fractional anisotropy) skeleton (from dMRI data),20859,20841,20847,10496,10490,10493,31355,31331,31340,3.17E-01,3.64E-02
1933,25375,IDP_dMRI_TBSS_ICVF_Sagittal_stratum_L,,AU,float,11,Mean ICVF,D,WM tract ICVF,Mean ICVF (intra-cellular volume fraction) in sagittal stratum (left) on FA (fractional anisotropy) skeleton (from dMRI data),20859,20841,20847,10496,10490,10493,31355,31331,31340,3.07E-01,3.64E-02
1934,25376,IDP_dMRI_TBSS_ICVF_External_capsule_R,,AU,float,11,Mean ICVF,D,WM tract ICVF,Mean ICVF (intra-cellular volume fraction) in external capsule (right) on FA (fractional anisotropy) skeleton (from dMRI data),20859,20841,20847,10496,10490,10493,31355,31331,31340,3.12E-01,3.18E-02
1935,25377,IDP_dMRI_TBSS_ICVF_External_capsule_L,,AU,float,11,Mean ICVF,D,WM tract ICVF,Mean ICVF (intra-cellular volume fraction) in external capsule (left) on FA (fractional anisotropy) skeleton (from dMRI data),20859,20841,20847,10496,-,-,31355,31331,31340,3.19E-01,3.22E-02
1936,25378,IDP_dMRI_TBSS_ICVF_Cingulum_cingulate_gyrus_R,,AU,float,11,Mean ICVF,D,WM tract ICVF,Mean ICVF (intra-cellular volume fraction) in cingulum cingulate gyrus (right) on FA (fractional anisotropy) skeleton (from dMRI data),20859,20841,20847,10496,10490,10493,31355,31331,31340,3.52E-01,3.28E-02
1937,25379,IDP_dMRI_TBSS_ICVF_Cingulum_cingulate_gyrus_L,,AU,float,11,Mean ICVF,D,WM tract ICVF,Mean ICVF (intra-cellular volume fraction) in cingulum cingulate gyrus (left) on FA (fractional anisotropy) skeleton (from dMRI data),20859,20841,20847,10496,10490,10493,31355,31331,31340,3.56E-01,3.43E-02
1938,25380,IDP_dMRI_TBSS_ICVF_Cingulum_hippocampus_R,,AU,float,11,Mean ICVF,D,WM tract ICVF,Mean ICVF (intra-cellular volume fraction) in cingulum hippocampus (right) on FA (fractional anisotropy) skeleton (from dMRI data),20859,20841,20847,10496,10490,10493,31355,31331,31340,3.05E-01,3.09E-02
1939,25381,IDP_dMRI_TBSS_ICVF_Cingulum_hippocampus_L,,AU,float,11,Mean ICVF,D,WM tract ICVF,Mean ICVF (intra-cellular volume fraction) in cingulum hippocampus (left) on FA (fractional anisotropy) skeleton (from dMRI data),20859,20841,20847,10496,10490,10493,31355,31331,31340,3.05E-01,3.04E-02
1940,25382,IDP_dMRI_TBSS_ICVF_Fornix_cres+Stria_terminalis_R,,AU,float,11,Mean ICVF,D,WM tract ICVF,Mean ICVF (intra-cellular volume fraction) in fornix cres+stria terminalis (right) on FA (fractional anisotropy) skeleton (from dMRI data),20859,20841,20847,10496,-,-,31355,31331,31340,2.92E-01,3.12E-02
1941,25383,IDP_dMRI_TBSS_ICVF_Fornix_cres+Stria_terminalis_L,,AU,float,11,Mean ICVF,D,WM tract ICVF,Mean ICVF (intra-cellular volume fraction) in fornix cres+stria terminalis (left) on FA (fractional anisotropy) skeleton (from dMRI data),20859,20841,20847,10496,-,-,31355,31331,31340,3.00E-01,3.32E-02
1942,25384,IDP_dMRI_TBSS_ICVF_Superior_longitudinal_fasciculus_R,,AU,float,11,Mean ICVF,D,WM tract ICVF,Mean ICVF (intra-cellular volume fraction) in superior longitudinal fasciculus (right) on FA (fractional anisotropy) skeleton (from dMRI data),20859,20841,20847,10496,10490,10493,31355,31331,31340,3.66E-01,3.69E-02
1943,25385,IDP_dMRI_TBSS_ICVF_Superior_longitudinal_fasciculus_L,,AU,float,11,Mean ICVF,D,WM tract ICVF,Mean ICVF (intra-cellular volume fraction) in superior longitudinal fasciculus (left) on FA (fractional anisotropy) skeleton (from dMRI data),20859,20841,20847,10496,10490,10493,31355,31331,31340,3.54E-01,3.56E-02
1944,25386,IDP_dMRI_TBSS_ICVF_Superior_fronto-occipital_fasciculus_R,,AU,float,11,Mean ICVF,D,WM tract ICVF,Mean ICVF (intra-cellular volume fraction) in superior fronto-occipital fasciculus (right) on FA (fractional anisotropy) skeleton (from dMRI data),20859,20841,20847,10496,-,-,31355,31331,31340,2.83E-01,2.44E-02
1945,25387,IDP_dMRI_TBSS_ICVF_Superior_fronto-occipital_fasciculus_L,,AU,float,11,Mean ICVF,D,WM tract ICVF,Mean ICVF (intra-cellular volume fraction) in superior fronto-occipital fasciculus (left) on FA (fractional anisotropy) skeleton (from dMRI data),20859,20841,20847,10496,-,-,31355,31331,31340,2.88E-01,2.51E-02
1946,25388,IDP_dMRI_TBSS_ICVF_Uncinate_fasciculus_R,,AU,float,11,Mean ICVF,D,WM tract ICVF,Mean ICVF (intra-cellular volume fraction) in uncinate fasciculus (right) on FA (fractional anisotropy) skeleton (from dMRI data),20859,20841,20847,10496,-,-,31355,31331,31340,3.20E-01,3.24E-02
1947,25389,IDP_dMRI_TBSS_ICVF_Uncinate_fasciculus_L,,AU,float,11,Mean ICVF,D,WM tract ICVF,Mean ICVF (intra-cellular volume fraction) in uncinate fasciculus (left) on FA (fractional anisotropy) skeleton (from dMRI data),20859,20841,20847,10496,-,-,31355,31331,31340,3.06E-01,3.23E-02
1948,25390,IDP_dMRI_TBSS_ICVF_Tapetum_R,,AU,float,11,Mean ICVF,D,WM tract ICVF,Mean ICVF (intra-cellular volume fraction) in tapetum (right) on FA (fractional anisotropy) skeleton (from dMRI data),20859,20841,20847,10496,-,-,31355,31331,31340,2.42E-01,2.32E-02
1949,25391,IDP_dMRI_TBSS_ICVF_Tapetum_L,,AU,float,11,Mean ICVF,D,WM tract ICVF,Mean ICVF (intra-cellular volume fraction) in tapetum (left) on FA (fractional anisotropy) skeleton (from dMRI data),20859,20841,20847,10496,-,-,31355,31331,31340,2.21E-01,2.36E-02
1977,25392,IDP_dMRI_TBSS_OD_Middle_cerebellar_peduncle,,AU,float,12,Mean OD,D,WM tract OD,Mean OD (orientation dispersion index) in middle cerebellar peduncle on FA (fractional anisotropy) skeleton (from dMRI data),20859,20841,20847,10496,-,-,31355,31331,31340,2.15E-01,1.99E-02
1978,25393,IDP_dMRI_TBSS_OD_Pontine_crossing_tract,,AU,float,12,Mean OD,D,WM tract OD,Mean OD (orientation dispersion index) in pontine crossing tract on FA (fractional anisotropy) skeleton (from dMRI data),20859,20841,20847,10496,-,-,31355,31331,31340,2.11E-01,2.30E-02
1979,25394,IDP_dMRI_TBSS_OD_Genu_of_corpus_callosum,,AU,float,12,Mean OD,D,WM tract OD,Mean OD (orientation dispersion index) in genu of corpus callosum on FA (fractional anisotropy) skeleton (from dMRI data),20859,20841,20847,10496,-,-,31355,31331,31340,2.25E-01,2.04E-02
1980,25395,IDP_dMRI_TBSS_OD_Body_of_corpus_callosum,,AU,float,12,Mean OD,D,WM tract OD,Mean OD (orientation dispersion index) in body of corpus callosum on FA (fractional anisotropy) skeleton (from dMRI data),20859,20841,20847,10496,-,-,31355,31331,31340,2.46E-01,2.22E-02
1981,25396,IDP_dMRI_TBSS_OD_Splenium_of_corpus_callosum,,AU,float,12,Mean OD,D,WM tract OD,Mean OD (orientation dispersion index) in splenium of corpus callosum on FA (fractional anisotropy) skeleton (from dMRI data),20859,20841,20847,10496,-,-,31355,31331,31340,3.00E-01,2.44E-02
1982,25397,IDP_dMRI_TBSS_OD_Fornix,,AU,float,12,Mean OD,D,WM tract OD,Mean OD (orientation dispersion index) in fornix on FA (fractional anisotropy) skeleton (from dMRI data),20859,20841,20847,10496,-,-,31355,31331,31340,1.53E-01,1.82E-02
1983,25398,IDP_dMRI_TBSS_OD_Corticospinal_tract_R,,AU,float,12,Mean OD,D,WM tract OD,Mean OD (orientation dispersion index) in corticospinal tract (right) on FA (fractional anisotropy) skeleton (from dMRI data),20859,20841,20847,10496,-,-,31355,31331,31340,1.28E-01,2.00E-02
1984,25399,IDP_dMRI_TBSS_OD_Corticospinal_tract_L,,AU,float,12,Mean OD,D,WM tract OD,Mean OD (orientation dispersion index) in corticospinal tract (left) on FA (fractional anisotropy) skeleton (from dMRI data),20859,20841,20847,10496,-,-,31355,31331,31340,1.29E-01,1.81E-02
1985,25400,IDP_dMRI_TBSS_OD_Medial_lemniscus_R,,AU,float,12,Mean OD,D,WM tract OD,Mean OD (orientation dispersion index) in medial lemniscus (right) on FA (fractional anisotropy) skeleton (from dMRI data),20859,20841,20847,10496,-,-,31355,31331,31340,1.70E-01,2.00E-02
1986,25401,IDP_dMRI_TBSS_OD_Medial_lemniscus_L,,AU,float,12,Mean OD,D,WM tract OD,Mean OD (orientation dispersion index) in medial lemniscus (left) on FA (fractional anisotropy) skeleton (from dMRI data),20859,20841,20847,10496,-,-,31355,31331,31340,1.79E-01,2.10E-02
1987,25402,IDP_dMRI_TBSS_OD_Inferior_cerebellar_peduncle_R,,AU,float,12,Mean OD,D,WM tract OD,Mean OD (orientation dispersion index) in inferior cerebellar peduncle (right) on FA (fractional anisotropy) skeleton (from dMRI data),20859,20841,20847,10496,-,-,31355,31331,31340,2.24E-01,2.02E-02
1988,25403,IDP_dMRI_TBSS_OD_Inferior_cerebellar_peduncle_L,,AU,float,12,Mean OD,D,WM tract OD,Mean OD (orientation dispersion index) in inferior cerebellar peduncle (left) on FA (fractional anisotropy) skeleton (from dMRI data),20859,20841,20847,10496,-,-,31355,31331,31340,2.08E-01,2.04E-02
1989,25404,IDP_dMRI_TBSS_OD_Superior_cerebellar_peduncle_R,,AU,float,12,Mean OD,D,WM tract OD,Mean OD (orientation dispersion index) in superior cerebellar peduncle (right) on FA (fractional anisotropy) skeleton (from dMRI data),20859,20841,20847,10496,-,-,31355,31331,31340,2.18E-01,1.85E-02
1990,25405,IDP_dMRI_TBSS_OD_Superior_cerebellar_peduncle_L,,AU,float,12,Mean OD,D,WM tract OD,Mean OD (orientation dispersion index) in superior cerebellar peduncle (left) on FA (fractional anisotropy) skeleton (from dMRI data),20859,20841,20847,10496,-,-,31355,31331,31340,2.46E-01,1.98E-02
1991,25406,IDP_dMRI_TBSS_OD_Cerebral_peduncle_R,,AU,float,12,Mean OD,D,WM tract OD,Mean OD (orientation dispersion index) in cerebral peduncle (right) on FA (fractional anisotropy) skeleton (from dMRI data),20859,20841,20847,10496,10490,10493,31355,31331,31340,2.86E-01,2.35E-02
1992,25407,IDP_dMRI_TBSS_OD_Cerebral_peduncle_L,,AU,float,12,Mean OD,D,WM tract OD,Mean OD (orientation dispersion index) in cerebral peduncle (left) on FA (fractional anisotropy) skeleton (from dMRI data),20859,20841,20847,10496,-,-,31355,31331,31340,2.94E-01,2.29E-02
1993,25408,IDP_dMRI_TBSS_OD_Anterior_limb_of_internal_capsule_R,,AU,float,12,Mean OD,D,WM tract OD,Mean OD (orientation dispersion index) in anterior limb of internal capsule (right) on FA (fractional anisotropy) skeleton (from dMRI data),20859,20841,20847,10496,-,-,31355,31331,31340,2.49E-01,2.16E-02
1994,25409,IDP_dMRI_TBSS_OD_Anterior_limb_of_internal_capsule_L,,AU,float,12,Mean OD,D,WM tract OD,Mean OD (orientation dispersion index) in anterior limb of internal capsule (left) on FA (fractional anisotropy) skeleton (from dMRI data),20859,20841,20847,10496,-,-,31355,31331,31340,2.63E-01,2.43E-02
1995,25410,IDP_dMRI_TBSS_OD_Posterior_limb_of_internal_capsule_R,,AU,float,12,Mean OD,D,WM tract OD,Mean OD (orientation dispersion index) in posterior limb of internal capsule (right) on FA (fractional anisotropy) skeleton (from dMRI data),20859,20841,20847,10496,-,-,31355,31331,31340,3.51E-01,2.48E-02
1996,25411,IDP_dMRI_TBSS_OD_Posterior_limb_of_internal_capsule_L,,AU,float,12,Mean OD,D,WM tract OD,Mean OD (orientation dispersion index) in posterior limb of internal capsule (left) on FA (fractional anisotropy) skeleton (from dMRI data),20859,20841,20847,10496,-,-,31355,31331,31340,3.45E-01,2.51E-02
1997,25412,IDP_dMRI_TBSS_OD_Retrolenticular_part_of_internal_capsule_R,,AU,float,12,Mean OD,D,WM tract OD,Mean OD (orientation dispersion index) in retrolenticular part of internal capsule (right) on FA (fractional anisotropy) skeleton (from dMRI data),20859,20841,20847,10496,-,-,31355,31331,31340,2.63E-01,2.05E-02
1998,25413,IDP_dMRI_TBSS_OD_Retrolenticular_part_of_internal_capsule_L,,AU,float,12,Mean OD,D,WM tract OD,Mean OD (orientation dispersion index) in retrolenticular part of internal capsule (left) on FA (fractional anisotropy) skeleton (from dMRI data),20859,20841,20847,10496,-,-,31355,31331,31340,2.03E-01,2.02E-02
1999,25414,IDP_dMRI_TBSS_OD_Anterior_corona_radiata_R,,AU,float,12,Mean OD,D,WM tract OD,Mean OD (orientation dispersion index) in anterior corona radiata (right) on FA (fractional anisotropy) skeleton (from dMRI data),20859,20841,20847,10496,-,-,31355,31331,31340,2.49E-01,2.12E-02
2000,25415,IDP_dMRI_TBSS_OD_Anterior_corona_radiata_L,,AU,float,12,Mean OD,D,WM tract OD,Mean OD (orientation dispersion index) in anterior corona radiata (left) on FA (fractional anisotropy) skeleton (from dMRI data),20859,20841,20847,10496,-,-,31355,31331,31340,2.57E-01,2.17E-02
2001,25416,IDP_dMRI_TBSS_OD_Superior_corona_radiata_R,,AU,float,12,Mean OD,D,WM tract OD,Mean OD (orientation dispersion index) in superior corona radiata (right) on FA (fractional anisotropy) skeleton (from dMRI data),20859,20841,20847,10496,-,-,31355,31331,31340,2.79E-01,1.97E-02
2002,25417,IDP_dMRI_TBSS_OD_Superior_corona_radiata_L,,AU,float,12,Mean OD,D,WM tract OD,Mean OD (orientation dispersion index) in superior corona radiata (left) on FA (fractional anisotropy) skeleton (from dMRI data),20859,20841,20847,10496,-,-,31355,31331,31340,2.57E-01,2.21E-02
2003,25418,IDP_dMRI_TBSS_OD_Posterior_corona_radiata_R,,AU,float,12,Mean OD,D,WM tract OD,Mean OD (orientation dispersion index) in posterior corona radiata (right) on FA (fractional anisotropy) skeleton (from dMRI data),20859,20841,20847,10496,-,-,31355,31331,31340,2.76E-01,2.31E-02
2004,25419,IDP_dMRI_TBSS_OD_Posterior_corona_radiata_L,,AU,float,12,Mean OD,D,WM tract OD,Mean OD (orientation dispersion index) in posterior corona radiata (left) on FA (fractional anisotropy) skeleton (from dMRI data),20859,20841,20847,10496,-,-,31355,31331,31340,2.21E-01,2.14E-02
2005,25420,IDP_dMRI_TBSS_OD_Posterior_thalamic_radiation_R,,AU,float,12,Mean OD,D,WM tract OD,Mean OD (orientation dispersion index) in posterior thalamic radiation (right) on FA (fractional anisotropy) skeleton (from dMRI data),20859,20841,20847,10496,-,-,31355,31331,31340,1.99E-01,1.87E-02
2006,25421,IDP_dMRI_TBSS_OD_Posterior_thalamic_radiation_L,,AU,float,12,Mean OD,D,WM tract OD,Mean OD (orientation dispersion index) in posterior thalamic radiation (left) on FA (fractional anisotropy) skeleton (from dMRI data),20859,20841,20847,10496,-,-,31355,31331,31340,2.40E-01,2.02E-02
2007,25422,IDP_dMRI_TBSS_OD_Sagittal_stratum_R,,AU,float,12,Mean OD,D,WM tract OD,Mean OD (orientation dispersion index) in sagittal stratum (right) on FA (fractional anisotropy) skeleton (from dMRI data),20859,20841,20847,10496,-,-,31355,31331,31340,1.95E-01,2.11E-02
2008,25423,IDP_dMRI_TBSS_OD_Sagittal_stratum_L,,AU,float,12,Mean OD,D,WM tract OD,Mean OD (orientation dispersion index) in sagittal stratum (left) on FA (fractional anisotropy) skeleton (from dMRI data),20859,20841,20847,10496,-,-,31355,31331,31340,1.97E-01,2.18E-02
2009,25424,IDP_dMRI_TBSS_OD_External_capsule_R,,AU,float,12,Mean OD,D,WM tract OD,Mean OD (orientation dispersion index) in external capsule (right) on FA (fractional anisotropy) skeleton (from dMRI data),20859,20841,20847,10496,-,-,31355,31331,31340,3.04E-01,2.66E-02
2010,25425,IDP_dMRI_TBSS_OD_External_capsule_L,,AU,float,12,Mean OD,D,WM tract OD,Mean OD (orientation dispersion index) in external capsule (left) on FA (fractional anisotropy) skeleton (from dMRI data),20859,20841,20847,10496,-,-,31355,31331,31340,3.22E-01,2.63E-02
2011,25426,IDP_dMRI_TBSS_OD_Cingulum_cingulate_gyrus_R,,AU,float,12,Mean OD,D,WM tract OD,Mean OD (orientation dispersion index) in cingulum cingulate gyrus (right) on FA (fractional anisotropy) skeleton (from dMRI data),20859,20841,20847,10496,-,-,31355,31331,31340,2.46E-01,2.32E-02
2012,25427,IDP_dMRI_TBSS_OD_Cingulum_cingulate_gyrus_L,,AU,float,12,Mean OD,D,WM tract OD,Mean OD (orientation dispersion index) in cingulum cingulate gyrus (left) on FA (fractional anisotropy) skeleton (from dMRI data),20859,20841,20847,10496,-,-,31355,31331,31340,2.65E-01,2.15E-02
2013,25428,IDP_dMRI_TBSS_OD_Cingulum_hippocampus_R,,AU,float,12,Mean OD,D,WM tract OD,Mean OD (orientation dispersion index) in cingulum hippocampus (right) on FA (fractional anisotropy) skeleton (from dMRI data),20859,20841,20847,10496,-,-,31355,31331,31340,2.06E-01,2.28E-02
2014,25429,IDP_dMRI_TBSS_OD_Cingulum_hippocampus_L,,AU,float,12,Mean OD,D,WM tract OD,Mean OD (orientation dispersion index) in cingulum hippocampus (left) on FA (fractional anisotropy) skeleton (from dMRI data),20859,20841,20847,10496,-,-,31355,31331,31340,2.03E-01,2.17E-02
2015,25430,IDP_dMRI_TBSS_OD_Fornix_cres+Stria_terminalis_R,,AU,float,12,Mean OD,D,WM tract OD,Mean OD (orientation dispersion index) in fornix cres+stria terminalis (right) on FA (fractional anisotropy) skeleton (from dMRI data),20859,20841,20847,10496,-,-,31355,31331,31340,2.09E-01,1.86E-02
2016,25431,IDP_dMRI_TBSS_OD_Fornix_cres+Stria_terminalis_L,,AU,float,12,Mean OD,D,WM tract OD,Mean OD (orientation dispersion index) in fornix cres+stria terminalis (left) on FA (fractional anisotropy) skeleton (from dMRI data),20859,20841,20847,10496,-,-,31355,31331,31340,2.26E-01,2.13E-02
2017,25432,IDP_dMRI_TBSS_OD_Superior_longitudinal_fasciculus_R,,AU,float,12,Mean OD,D,WM tract OD,Mean OD (orientation dispersion index) in superior longitudinal fasciculus (right) on FA (fractional anisotropy) skeleton (from dMRI data),20859,20841,20847,10496,-,-,31355,31331,31340,3.13E-01,2.38E-02
2018,25433,IDP_dMRI_TBSS_OD_Superior_longitudinal_fasciculus_L,,AU,float,12,Mean OD,D,WM tract OD,Mean OD (orientation dispersion index) in superior longitudinal fasciculus (left) on FA (fractional anisotropy) skeleton (from dMRI data),20859,20841,20847,10496,-,-,31355,31331,31340,2.96E-01,2.24E-02
2019,25434,IDP_dMRI_TBSS_OD_Superior_fronto-occipital_fasciculus_R,,AU,float,12,Mean OD,D,WM tract OD,Mean OD (orientation dispersion index) in superior fronto-occipital fasciculus (right) on FA (fractional anisotropy) skeleton (from dMRI data),20859,20841,20847,10496,-,-,31355,31331,31340,2.43E-01,2.08E-02
2020,25435,IDP_dMRI_TBSS_OD_Superior_fronto-occipital_fasciculus_L,,AU,float,12,Mean OD,D,WM tract OD,Mean OD (orientation dispersion index) in superior fronto-occipital fasciculus (left) on FA (fractional anisotropy) skeleton (from dMRI data),20859,20841,20847,10496,-,-,31355,31331,31340,2.24E-01,2.12E-02
2021,25436,IDP_dMRI_TBSS_OD_Uncinate_fasciculus_R,,AU,float,12,Mean OD,D,WM tract OD,Mean OD (orientation dispersion index) in uncinate fasciculus (right) on FA (fractional anisotropy) skeleton (from dMRI data),20859,20841,20847,10496,-,-,31355,31331,31340,2.88E-01,2.37E-02
2022,25437,IDP_dMRI_TBSS_OD_Uncinate_fasciculus_L,,AU,float,12,Mean OD,D,WM tract OD,Mean OD (orientation dispersion index) in uncinate fasciculus (left) on FA (fractional anisotropy) skeleton (from dMRI data),20859,20841,20847,10496,-,-,31355,31331,31340,2.73E-01,2.35E-02
2023,25438,IDP_dMRI_TBSS_OD_Tapetum_R,,AU,float,12,Mean OD,D,WM tract OD,Mean OD (orientation dispersion index) in tapetum (right) on FA (fractional anisotropy) skeleton (from dMRI data),20859,20841,20847,10496,-,-,31355,31331,31340,1.39E-01,1.78E-02
2024,25439,IDP_dMRI_TBSS_OD_Tapetum_L,,AU,float,12,Mean OD,D,WM tract OD,Mean OD (orientation dispersion index) in tapetum (left) on FA (fractional anisotropy) skeleton (from dMRI data),20859,20841,20847,10496,-,-,31355,31331,31340,1.54E-01,1.87E-02
2052,25440,IDP_dMRI_TBSS_ISOVF_Middle_cerebellar_peduncle,,AU,float,13,Mean ISOVF,D,WM tract ISOVF,Mean ISOVF (isotropic or free water volume fraction) in middle cerebellar peduncle on FA (fractional anisotropy) skeleton (from dMRI data),20859,20841,20847,10496,-,-,31355,31331,31340,1.49E-01,1.89E-02
2053,25441,IDP_dMRI_TBSS_ISOVF_Pontine_crossing_tract,,AU,float,13,Mean ISOVF,D,WM tract ISOVF,Mean ISOVF (isotropic or free water volume fraction) in pontine crossing tract on FA (fractional anisotropy) skeleton (from dMRI data),20859,20841,20847,10496,-,-,31355,31331,31340,1.86E-01,1.97E-02
2054,25442,IDP_dMRI_TBSS_ISOVF_Genu_of_corpus_callosum,,AU,float,13,Mean ISOVF,D,WM tract ISOVF,Mean ISOVF (isotropic or free water volume fraction) in genu of corpus callosum on FA (fractional anisotropy) skeleton (from dMRI data),20859,20841,20847,10496,-,-,31355,31331,31340,2.46E-01,2.24E-02
2055,25443,IDP_dMRI_TBSS_ISOVF_Body_of_corpus_callosum,,AU,float,13,Mean ISOVF,D,WM tract ISOVF,Mean ISOVF (isotropic or free water volume fraction) in body of corpus callosum on FA (fractional anisotropy) skeleton (from dMRI data),20859,20841,20847,10496,-,-,31355,31331,31340,2.65E-01,2.30E-02
2056,25444,IDP_dMRI_TBSS_ISOVF_Splenium_of_corpus_callosum,,AU,float,13,Mean ISOVF,D,WM tract ISOVF,Mean ISOVF (isotropic or free water volume fraction) in splenium of corpus callosum on FA (fractional anisotropy) skeleton (from dMRI data),20859,20841,20847,10496,-,-,31355,31331,31340,9.16E-02,1.69E-02
2057,25445,IDP_dMRI_TBSS_ISOVF_Fornix,,AU,float,13,Mean ISOVF,D,WM tract ISOVF,Mean ISOVF (isotropic or free water volume fraction) in fornix on FA (fractional anisotropy) skeleton (from dMRI data),20859,20841,20847,10496,-,-,31355,31331,31340,2.43E-01,2.43E-02
2058,25446,IDP_dMRI_TBSS_ISOVF_Corticospinal_tract_R,,AU,float,13,Mean ISOVF,D,WM tract ISOVF,Mean ISOVF (isotropic or free water volume fraction) in corticospinal tract (right) on FA (fractional anisotropy) skeleton (from dMRI data),20859,20841,20847,10496,-,-,31355,31331,31340,1.61E-01,2.01E-02
2059,25447,IDP_dMRI_TBSS_ISOVF_Corticospinal_tract_L,,AU,float,13,Mean ISOVF,D,WM tract ISOVF,Mean ISOVF (isotropic or free water volume fraction) in corticospinal tract (left) on FA (fractional anisotropy) skeleton (from dMRI data),20859,20841,20847,10496,-,-,31355,31331,31340,1.39E-01,1.87E-02
2060,25448,IDP_dMRI_TBSS_ISOVF_Medial_lemniscus_R,,AU,float,13,Mean ISOVF,D,WM tract ISOVF,Mean ISOVF (isotropic or free water volume fraction) in medial lemniscus (right) on FA (fractional anisotropy) skeleton (from dMRI data),20859,20841,20847,10496,-,-,31355,31331,31340,9.42E-02,1.69E-02
2061,25449,IDP_dMRI_TBSS_ISOVF_Medial_lemniscus_L,,AU,float,13,Mean ISOVF,D,WM tract ISOVF,Mean ISOVF (isotropic or free water volume fraction) in medial lemniscus (left) on FA (fractional anisotropy) skeleton (from dMRI data),20859,20841,20847,10496,-,-,31355,31331,31340,1.02E-01,1.68E-02
2062,25450,IDP_dMRI_TBSS_ISOVF_Inferior_cerebellar_peduncle_R,,AU,float,13,Mean ISOVF,D,WM tract ISOVF,Mean ISOVF (isotropic or free water volume fraction) in inferior cerebellar peduncle (right) on FA (fractional anisotropy) skeleton (from dMRI data),20859,20841,20847,10496,-,-,31355,31331,31340,6.14E-02,1.38E-02
2063,25451,IDP_dMRI_TBSS_ISOVF_Inferior_cerebellar_peduncle_L,,AU,float,13,Mean ISOVF,D,WM tract ISOVF,Mean ISOVF (isotropic or free water volume fraction) in inferior cerebellar peduncle (left) on FA (fractional anisotropy) skeleton (from dMRI data),20859,20841,20847,10496,-,-,31355,31331,31340,6.47E-02,1.43E-02
2064,25452,IDP_dMRI_TBSS_ISOVF_Superior_cerebellar_peduncle_R,,AU,float,13,Mean ISOVF,D,WM tract ISOVF,Mean ISOVF (isotropic or free water volume fraction) in superior cerebellar peduncle (right) on FA (fractional anisotropy) skeleton (from dMRI data),20859,20841,20847,10496,-,-,31355,31331,31340,2.19E-01,2.35E-02
2065,25453,IDP_dMRI_TBSS_ISOVF_Superior_cerebellar_peduncle_L,,AU,float,13,Mean ISOVF,D,WM tract ISOVF,Mean ISOVF (isotropic or free water volume fraction) in superior cerebellar peduncle (left) on FA (fractional anisotropy) skeleton (from dMRI data),20859,20841,20847,10496,-,-,31355,31331,31340,1.80E-01,2.42E-02
2066,25454,IDP_dMRI_TBSS_ISOVF_Cerebral_peduncle_R,,AU,float,13,Mean ISOVF,D,WM tract ISOVF,Mean ISOVF (isotropic or free water volume fraction) in cerebral peduncle (right) on FA (fractional anisotropy) skeleton (from dMRI data),20859,20841,20847,10496,-,-,31355,31331,31340,5.93E-02,1.63E-02
2067,25455,IDP_dMRI_TBSS_ISOVF_Cerebral_peduncle_L,,AU,float,13,Mean ISOVF,D,WM tract ISOVF,Mean ISOVF (isotropic or free water volume fraction) in cerebral peduncle (left) on FA (fractional anisotropy) skeleton (from dMRI data),20859,20841,20847,10496,-,-,31355,31331,31340,5.02E-02,1.61E-02
2068,25456,IDP_dMRI_TBSS_ISOVF_Anterior_limb_of_internal_capsule_R,,AU,float,13,Mean ISOVF,D,WM tract ISOVF,Mean ISOVF (isotropic or free water volume fraction) in anterior limb of internal capsule (right) on FA (fractional anisotropy) skeleton (from dMRI da,20859,20841,20847,10496,-,-,31355,31331,31340,1.80E-01,1.79E-02
2069,25457,IDP_dMRI_TBSS_ISOVF_Anterior_limb_of_internal_capsule_L,,AU,float,13,Mean ISOVF,D,WM tract ISOVF,Mean ISOVF (isotropic or free water volume fraction) in anterior limb of internal capsule (left) on FA (fractional anisotropy) skeleton (from dMRI dat,20859,20841,20847,10496,-,-,31355,31331,31340,1.76E-01,1.89E-02
2070,25458,IDP_dMRI_TBSS_ISOVF_Posterior_limb_of_internal_capsule_R,,AU,float,13,Mean ISOVF,D,WM tract ISOVF,Mean ISOVF (isotropic or free water volume fraction) in posterior limb of internal capsule (right) on FA (fractional anisotropy) skeleton (from dMRI d,20859,20841,20847,10496,-,-,31355,31331,31340,7.26E-02,1.55E-02
2071,25459,IDP_dMRI_TBSS_ISOVF_Posterior_limb_of_internal_capsule_L,,AU,float,13,Mean ISOVF,D,WM tract ISOVF,Mean ISOVF (isotropic or free water volume fraction) in posterior limb of internal capsule (left) on FA (fractional anisotropy) skeleton (from dMRI da,20859,20841,20847,10496,-,-,31355,31331,31340,8.05E-02,1.72E-02
2072,25460,IDP_dMRI_TBSS_ISOVF_Retrolenticular_part_of_internal_capsule_R,,AU,float,13,Mean ISOVF,D,WM tract ISOVF,Mean ISOVF (isotropic or free water volume fraction) in retrolenticular part of internal capsule (right) on FA (fractional anisotropy) skeleton (from,20859,20841,20847,10496,-,-,31355,31331,31340,1.66E-01,2.00E-02
2073,25461,IDP_dMRI_TBSS_ISOVF_Retrolenticular_part_of_internal_capsule_L,,AU,float,13,Mean ISOVF,D,WM tract ISOVF,Mean ISOVF (isotropic or free water volume fraction) in retrolenticular part of internal capsule (left) on FA (fractional anisotropy) skeleton (from d,20859,20841,20847,10496,-,-,31355,31331,31340,1.24E-01,1.80E-02
2074,25462,IDP_dMRI_TBSS_ISOVF_Anterior_corona_radiata_R,,AU,float,13,Mean ISOVF,D,WM tract ISOVF,Mean ISOVF (isotropic or free water volume fraction) in anterior corona radiata (right) on FA (fractional anisotropy) skeleton (from dMRI data),20859,20841,20847,10496,10490,10493,31355,31331,31340,2.24E-01,2.12E-02
2075,25463,IDP_dMRI_TBSS_ISOVF_Anterior_corona_radiata_L,,AU,float,13,Mean ISOVF,D,WM tract ISOVF,Mean ISOVF (isotropic or free water volume fraction) in anterior corona radiata (left) on FA (fractional anisotropy) skeleton (from dMRI data),20859,20841,20847,10496,10490,10493,31355,31331,31340,2.20E-01,2.19E-02
2076,25464,IDP_dMRI_TBSS_ISOVF_Superior_corona_radiata_R,,AU,float,13,Mean ISOVF,D,WM tract ISOVF,Mean ISOVF (isotropic or free water volume fraction) in superior corona radiata (right) on FA (fractional anisotropy) skeleton (from dMRI data),20859,20841,20847,10496,-,-,31355,31331,31340,1.66E-01,1.84E-02
2077,25465,IDP_dMRI_TBSS_ISOVF_Superior_corona_radiata_L,,AU,float,13,Mean ISOVF,D,WM tract ISOVF,Mean ISOVF (isotropic or free water volume fraction) in superior corona radiata (left) on FA (fractional anisotropy) skeleton (from dMRI data),20859,20841,20847,10496,-,-,31355,31331,31340,1.94E-01,2.26E-02
2078,25466,IDP_dMRI_TBSS_ISOVF_Posterior_corona_radiata_R,,AU,float,13,Mean ISOVF,D,WM tract ISOVF,Mean ISOVF (isotropic or free water volume fraction) in posterior corona radiata (right) on FA (fractional anisotropy) skeleton (from dMRI data),20859,20841,20847,10496,10490,10493,31355,31331,31340,2.00E-01,2.26E-02
2079,25467,IDP_dMRI_TBSS_ISOVF_Posterior_corona_radiata_L,,AU,float,13,Mean ISOVF,D,WM tract ISOVF,Mean ISOVF (isotropic or free water volume fraction) in posterior corona radiata (left) on FA (fractional anisotropy) skeleton (from dMRI data),20859,20841,20847,10496,10490,10493,31355,31331,31340,2.14E-01,2.45E-02
2080,25468,IDP_dMRI_TBSS_ISOVF_Posterior_thalamic_radiation_R,,AU,float,13,Mean ISOVF,D,WM tract ISOVF,Mean ISOVF (isotropic or free water volume fraction) in posterior thalamic radiation (right) on FA (fractional anisotropy) skeleton (from dMRI data),20859,20841,20847,10496,10490,10493,31355,31331,31340,2.02E-01,2.13E-02
2081,25469,IDP_dMRI_TBSS_ISOVF_Posterior_thalamic_radiation_L,,AU,float,13,Mean ISOVF,D,WM tract ISOVF,Mean ISOVF (isotropic or free water volume fraction) in posterior thalamic radiation (left) on FA (fractional anisotropy) skeleton (from dMRI data),20859,20841,20847,10496,-,-,31355,31331,31340,1.61E-01,2.24E-02
2082,25470,IDP_dMRI_TBSS_ISOVF_Sagittal_stratum_R,,AU,float,13,Mean ISOVF,D,WM tract ISOVF,Mean ISOVF (isotropic or free water volume fraction) in sagittal stratum (right) on FA (fractional anisotropy) skeleton (from dMRI data),20859,20841,20847,10496,10490,10493,31355,31331,31340,1.89E-01,2.50E-02
2083,25471,IDP_dMRI_TBSS_ISOVF_Sagittal_stratum_L,,AU,float,13,Mean ISOVF,D,WM tract ISOVF,Mean ISOVF (isotropic or free water volume fraction) in sagittal stratum (left) on FA (fractional anisotropy) skeleton (from dMRI data),20859,20841,20847,10496,10490,10493,31355,31331,31340,1.59E-01,2.11E-02
2084,25472,IDP_dMRI_TBSS_ISOVF_External_capsule_R,,AU,float,13,Mean ISOVF,D,WM tract ISOVF,Mean ISOVF (isotropic or free water volume fraction) in external capsule (right) on FA (fractional anisotropy) skeleton (from dMRI data),20859,20841,20847,10496,-,-,31355,31331,31340,2.14E-01,2.58E-02
2085,25473,IDP_dMRI_TBSS_ISOVF_External_capsule_L,,AU,float,13,Mean ISOVF,D,WM tract ISOVF,Mean ISOVF (isotropic or free water volume fraction) in external capsule (left) on FA (fractional anisotropy) skeleton (from dMRI data),20859,20841,20847,10496,-,-,31355,31331,31340,2.07E-01,2.41E-02
2086,25474,IDP_dMRI_TBSS_ISOVF_Cingulum_cingulate_gyrus_R,,AU,float,13,Mean ISOVF,D,WM tract ISOVF,Mean ISOVF (isotropic or free water volume fraction) in cingulum cingulate gyrus (right) on FA (fractional anisotropy) skeleton (from dMRI data),20859,20841,20847,10496,-,-,31355,31331,31340,2.00E-01,2.09E-02
2087,25475,IDP_dMRI_TBSS_ISOVF_Cingulum_cingulate_gyrus_L,,AU,float,13,Mean ISOVF,D,WM tract ISOVF,Mean ISOVF (isotropic or free water volume fraction) in cingulum cingulate gyrus (left) on FA (fractional anisotropy) skeleton (from dMRI data),20859,20841,20847,10496,-,-,31355,31331,31340,1.95E-01,3.04E-02
2088,25476,IDP_dMRI_TBSS_ISOVF_Cingulum_hippocampus_R,,AU,float,13,Mean ISOVF,D,WM tract ISOVF,Mean ISOVF (isotropic or free water volume fraction) in cingulum hippocampus (right) on FA (fractional anisotropy) skeleton (from dMRI data),20859,20841,20847,10496,-,-,31355,31331,31340,5.75E-02,1.83E-02
2089,25477,IDP_dMRI_TBSS_ISOVF_Cingulum_hippocampus_L,,AU,float,13,Mean ISOVF,D,WM tract ISOVF,Mean ISOVF (isotropic or free water volume fraction) in cingulum hippocampus (left) on FA (fractional anisotropy) skeleton (from dMRI data),20859,20841,20847,10496,-,-,31355,31331,31340,8.64E-02,1.78E-02
2090,25478,IDP_dMRI_TBSS_ISOVF_Fornix_cres+Stria_terminalis_R,,AU,float,13,Mean ISOVF,D,WM tract ISOVF,Mean ISOVF (isotropic or free water volume fraction) in fornix cres+stria terminalis (right) on FA (fractional anisotropy) skeleton (from dMRI data),20859,20841,20847,10496,-,-,31355,31331,31340,9.04E-02,1.56E-02
2091,25479,IDP_dMRI_TBSS_ISOVF_Fornix_cres+Stria_terminalis_L,,AU,float,13,Mean ISOVF,D,WM tract ISOVF,Mean ISOVF (isotropic or free water volume fraction) in fornix cres+stria terminalis (left) on FA (fractional anisotropy) skeleton (from dMRI data),20859,20841,20847,10496,-,-,31355,31331,31340,7.34E-02,1.60E-02
2092,25480,IDP_dMRI_TBSS_ISOVF_Superior_longitudinal_fasciculus_R,,AU,float,13,Mean ISOVF,D,WM tract ISOVF,Mean ISOVF (isotropic or free water volume fraction) in superior longitudinal fasciculus (right) on FA (fractional anisotropy) skeleton (from dMRI dat,20859,20841,20847,10496,10490,10493,31355,31331,31340,2.33E-01,2.34E-02
2093,25481,IDP_dMRI_TBSS_ISOVF_Superior_longitudinal_fasciculus_L,,AU,float,13,Mean ISOVF,D,WM tract ISOVF,Mean ISOVF (isotropic or free water volume fraction) in superior longitudinal fasciculus (left) on FA (fractional anisotropy) skeleton (from dMRI data,20859,20841,20847,10496,-,-,31355,31331,31340,2.29E-01,2.32E-02
2094,25482,IDP_dMRI_TBSS_ISOVF_Superior_fronto-occipital_fasciculus_R,,AU,float,13,Mean ISOVF,D,WM tract ISOVF,Mean ISOVF (isotropic or free water volume fraction) in superior fronto-occipital fasciculus (right) on FA (fractional anisotropy) skeleton (from dMRI,20859,20841,20847,10496,-,-,31355,31331,31340,1.07E-01,1.67E-02
2095,25483,IDP_dMRI_TBSS_ISOVF_Superior_fronto-occipital_fasciculus_L,,AU,float,13,Mean ISOVF,D,WM tract ISOVF,Mean ISOVF (isotropic or free water volume fraction) in superior fronto-occipital fasciculus (left) on FA (fractional anisotropy) skeleton (from dMRI,20859,20841,20847,10496,-,-,31355,31331,31340,9.92E-02,1.72E-02
2096,25484,IDP_dMRI_TBSS_ISOVF_Uncinate_fasciculus_R,,AU,float,13,Mean ISOVF,D,WM tract ISOVF,Mean ISOVF (isotropic or free water volume fraction) in uncinate fasciculus (right) on FA (fractional anisotropy) skeleton (from dMRI data),20859,20841,20847,10496,-,-,31355,31331,31340,7.49E-02,1.64E-02
2097,25485,IDP_dMRI_TBSS_ISOVF_Uncinate_fasciculus_L,,AU,float,13,Mean ISOVF,D,WM tract ISOVF,Mean ISOVF (isotropic or free water volume fraction) in uncinate fasciculus (left) on FA (fractional anisotropy) skeleton (from dMRI data),20859,20841,20847,10496,-,-,31355,31331,31340,6.15E-02,1.47E-02
2098,25486,IDP_dMRI_TBSS_ISOVF_Tapetum_R,,AU,float,13,Mean ISOVF,D,WM tract ISOVF,Mean ISOVF (isotropic or free water volume fraction) in tapetum (right) on FA (fractional anisotropy) skeleton (from dMRI data),20859,20841,20847,10496,-,-,31355,31331,31340,1.63E-01,1.86E-02
2099,25487,IDP_dMRI_TBSS_ISOVF_Tapetum_L,,AU,float,13,Mean ISOVF,D,WM tract ISOVF,Mean ISOVF (isotropic or free water volume fraction) in tapetum (left) on FA (fractional anisotropy) skeleton (from dMRI data),20859,20841,20847,10496,-,-,31355,31331,31340,1.53E-01,1.69E-02
1500,25488,IDP_dMRI_ProbtrackX_FA_ar_l,,AU,float,8,Weighted-mean FA,D,WM tract FA,Weighted-mean FA (fractional anisotropy) in tract left acoustic radiation (from dMRI data),20860,20842,20848,10495,-,-,31355,31331,31340,2.14E-01,2.11E-02
1501,25489,IDP_dMRI_ProbtrackX_FA_ar_r,,AU,float,8,Weighted-mean FA,D,WM tract FA,Weighted-mean FA (fractional anisotropy) in tract right acoustic radiation (from dMRI data),20860,20842,20848,10495,-,-,31355,31331,31340,2.04E-01,1.96E-02
1502,25490,IDP_dMRI_ProbtrackX_FA_atr_l,,AU,float,8,Weighted-mean FA,D,WM tract FA,Weighted-mean FA (fractional anisotropy) in tract left anterior thalamic radiation (from dMRI data),20860,20842,20848,10495,-,-,31355,31331,31340,2.84E-01,2.41E-02
1503,25491,IDP_dMRI_ProbtrackX_FA_atr_r,,AU,float,8,Weighted-mean FA,D,WM tract FA,Weighted-mean FA (fractional anisotropy) in tract right anterior thalamic radiation (from dMRI data),20860,20842,20848,10495,-,-,31355,31331,31340,2.92E-01,2.40E-02
1504,25492,IDP_dMRI_ProbtrackX_FA_cgc_l,,AU,float,8,Weighted-mean FA,D,WM tract FA,Weighted-mean FA (fractional anisotropy) in tract left cingulate gyrus part of cingulum (from dMRI data),20860,20842,20848,10495,-,-,31355,31331,31340,1.92E-01,2.03E-02
1505,25493,IDP_dMRI_ProbtrackX_FA_cgc_r,,AU,float,8,Weighted-mean FA,D,WM tract FA,Weighted-mean FA (fractional anisotropy) in tract right cingulate gyrus part of cingulum (from dMRI data),20860,20842,20848,10495,-,-,31355,31331,31340,2.14E-01,1.97E-02
1506,25494,IDP_dMRI_ProbtrackX_FA_cgh_l,,AU,float,8,Weighted-mean FA,D,WM tract FA,Weighted-mean FA (fractional anisotropy) in tract left parahippocampal part of cingulum (from dMRI data),20860,20842,20848,10495,-,-,31355,31331,31340,1.50E-01,1.86E-02
1507,25495,IDP_dMRI_ProbtrackX_FA_cgh_r,,AU,float,8,Weighted-mean FA,D,WM tract FA,Weighted-mean FA (fractional anisotropy) in tract right parahippocampal part of cingulum (from dMRI data),20860,20842,20848,10495,-,-,31355,31331,31340,1.71E-01,1.82E-02
1508,25496,IDP_dMRI_ProbtrackX_FA_cst_l,,AU,float,8,Weighted-mean FA,D,WM tract FA,Weighted-mean FA (fractional anisotropy) in tract left corticospinal tract (from dMRI data),20860,20842,20848,10495,-,-,31355,31331,31340,1.94E-01,2.12E-02
1509,25497,IDP_dMRI_ProbtrackX_FA_cst_r,,AU,float,8,Weighted-mean FA,D,WM tract FA,Weighted-mean FA (fractional anisotropy) in tract right corticospinal tract (from dMRI data),20860,20842,20848,10495,-,-,31355,31331,31340,1.99E-01,1.96E-02
1510,25498,IDP_dMRI_ProbtrackX_FA_fma,,AU,float,8,Weighted-mean FA,D,WM tract FA,Weighted-mean FA (fractional anisotropy) in tract forceps major (from dMRI data),20860,20842,20848,10495,-,-,31355,31331,31340,2.23E-01,2.25E-02
1511,25499,IDP_dMRI_ProbtrackX_FA_fmi,,AU,float,8,Weighted-mean FA,D,WM tract FA,Weighted-mean FA (fractional anisotropy) in tract forceps minor (from dMRI data),20860,20842,20848,10495,10489,10492,31355,31331,31340,3.27E-01,2.78E-02
1512,25500,IDP_dMRI_ProbtrackX_FA_ifo_l,,AU,float,8,Weighted-mean FA,D,WM tract FA,Weighted-mean FA (fractional anisotropy) in tract left inferior fronto-occipital fasciculus (from dMRI data),20860,20842,20848,10495,10489,10492,31355,31331,31340,2.64E-01,2.72E-02
1513,25501,IDP_dMRI_ProbtrackX_FA_ifo_r,,AU,float,8,Weighted-mean FA,D,WM tract FA,Weighted-mean FA (fractional anisotropy) in tract right inferior fronto-occipital fasciculus (from dMRI data),20860,20842,20848,10495,10489,10492,31355,31331,31340,3.03E-01,2.70E-02
1514,25502,IDP_dMRI_ProbtrackX_FA_ilf_l,,AU,float,8,Weighted-mean FA,D,WM tract FA,Weighted-mean FA (fractional anisotropy) in tract left inferior longitudinal fasciculus (from dMRI data),20860,20842,20848,10495,10489,10492,31355,31331,31340,2.71E-01,2.81E-02
1515,25503,IDP_dMRI_ProbtrackX_FA_ilf_r,,AU,float,8,Weighted-mean FA,D,WM tract FA,Weighted-mean FA (fractional anisotropy) in tract right inferior longitudinal fasciculus (from dMRI data),20860,20842,20848,10495,10489,10492,31355,31331,31340,2.89E-01,2.78E-02
1516,25504,IDP_dMRI_ProbtrackX_FA_mcp,,AU,float,8,Weighted-mean FA,D,WM tract FA,Weighted-mean FA (fractional anisotropy) in tract middle cerebellar peduncle (from dMRI data),20860,20842,20848,10495,-,-,31355,31331,31340,1.12E-01,2.08E-02
1517,25505,IDP_dMRI_ProbtrackX_FA_ml_l,,AU,float,8,Weighted-mean FA,D,WM tract FA,Weighted-mean FA (fractional anisotropy) in tract left medial lemniscus (from dMRI data),20860,20842,20848,10495,-,-,31355,31331,31340,1.46E-01,2.30E-02
1518,25506,IDP_dMRI_ProbtrackX_FA_ml_r,,AU,float,8,Weighted-mean FA,D,WM tract FA,Weighted-mean FA (fractional anisotropy) in tract right medial lemniscus (from dMRI data),20860,20842,20848,10495,-,-,31355,31331,31340,1.56E-01,1.99E-02
1519,25507,IDP_dMRI_ProbtrackX_FA_ptr_l,,AU,float,8,Weighted-mean FA,D,WM tract FA,Weighted-mean FA (fractional anisotropy) in tract left posterior thalamic radiation (from dMRI data),20860,20842,20848,10495,-,-,31355,31331,31340,2.22E-01,2.29E-02
1520,25508,IDP_dMRI_ProbtrackX_FA_ptr_r,,AU,float,8,Weighted-mean FA,D,WM tract FA,Weighted-mean FA (fractional anisotropy) in tract right posterior thalamic radiation (from dMRI data),20860,20842,20848,10495,-,-,31355,31331,31340,2.18E-01,2.44E-02
1521,25509,IDP_dMRI_ProbtrackX_FA_slf_l,,AU,float,8,Weighted-mean FA,D,WM tract FA,Weighted-mean FA (fractional anisotropy) in tract left superior longitudinal fasciculus (from dMRI data),20860,20842,20848,10495,10489,10492,31355,31331,31340,3.28E-01,2.72E-02
1522,25510,IDP_dMRI_ProbtrackX_FA_slf_r,,AU,float,8,Weighted-mean FA,D,WM tract FA,Weighted-mean FA (fractional anisotropy) in tract right superior longitudinal fasciculus (from dMRI data),20860,20842,20848,10495,10489,10492,31355,31331,31340,3.30E-01,2.80E-02
1523,25511,IDP_dMRI_ProbtrackX_FA_str_l,,AU,float,8,Weighted-mean FA,D,WM tract FA,Weighted-mean FA (fractional anisotropy) in tract left superior thalamic radiation (from dMRI data),20860,20842,20848,10495,-,-,31355,31331,31340,2.50E-01,2.51E-02
1524,25512,IDP_dMRI_ProbtrackX_FA_str_r,,AU,float,8,Weighted-mean FA,D,WM tract FA,Weighted-mean FA (fractional anisotropy) in tract right superior thalamic radiation (from dMRI data),20860,20842,20848,10495,-,-,31355,31331,31340,2.40E-01,2.25E-02
1525,25513,IDP_dMRI_ProbtrackX_FA_unc_l,,AU,float,8,Weighted-mean FA,D,WM tract FA,Weighted-mean FA (fractional anisotropy) in tract left uncinate fasciculus (from dMRI data),20860,20842,20848,10495,-,-,31355,31331,31340,2.32E-01,2.27E-02
1526,25514,IDP_dMRI_ProbtrackX_FA_unc_r,,AU,float,8,Weighted-mean FA,D,WM tract FA,Weighted-mean FA (fractional anisotropy) in tract right uncinate fasciculus (from dMRI data),20860,20842,20848,10495,-,-,31355,31331,31340,2.52E-01,2.23E-02
1794,25515,IDP_dMRI_ProbtrackX_MD_ar_l,,AU,float,10,Weighted-mean MD,D,WM tract diffusivity,Weighted-mean MD (mean diffusivity) in tract left acoustic radiation (from dMRI data),20860,20842,20848,10495,-,-,31355,31331,31340,1.56E-01,1.89E-02
1795,25516,IDP_dMRI_ProbtrackX_MD_ar_r,,AU,float,10,Weighted-mean MD,D,WM tract diffusivity,Weighted-mean MD (mean diffusivity) in tract right acoustic radiation (from dMRI data),20860,20842,20848,10495,-,-,31355,31331,31340,1.69E-01,1.87E-02
1796,25517,IDP_dMRI_ProbtrackX_MD_atr_l,,AU,float,10,Weighted-mean MD,D,WM tract diffusivity,Weighted-mean MD (mean diffusivity) in tract left anterior thalamic radiation (from dMRI data),20860,20842,20848,10495,-,-,31355,31331,31340,2.38E-01,2.54E-02
1797,25518,IDP_dMRI_ProbtrackX_MD_atr_r,,AU,float,10,Weighted-mean MD,D,WM tract diffusivity,Weighted-mean MD (mean diffusivity) in tract right anterior thalamic radiation (from dMRI data),20860,20842,20848,10495,-,-,31355,31331,31340,2.45E-01,2.52E-02
1798,25519,IDP_dMRI_ProbtrackX_MD_cgc_l,,AU,float,10,Weighted-mean MD,D,WM tract diffusivity,Weighted-mean MD (mean diffusivity) in tract left cingulate gyrus part of cingulum (from dMRI data),20860,20842,20848,10495,-,-,31355,31331,31340,2.54E-01,2.60E-02
1799,25520,IDP_dMRI_ProbtrackX_MD_cgc_r,,AU,float,10,Weighted-mean MD,D,WM tract diffusivity,Weighted-mean MD (mean diffusivity) in tract right cingulate gyrus part of cingulum (from dMRI data),20860,20842,20848,10495,-,-,31355,31331,31340,2.60E-01,2.70E-02
1800,25521,IDP_dMRI_ProbtrackX_MD_cgh_l,,AU,float,10,Weighted-mean MD,D,WM tract diffusivity,Weighted-mean MD (mean diffusivity) in tract left parahippocampal part of cingulum (from dMRI data),20860,20842,20848,10495,-,-,31355,31331,31340,1.16E-01,1.76E-02
1801,25522,IDP_dMRI_ProbtrackX_MD_cgh_r,,AU,float,10,Weighted-mean MD,D,WM tract diffusivity,Weighted-mean MD (mean diffusivity) in tract right parahippocampal part of cingulum (from dMRI data),20860,20842,20848,10495,-,-,31355,31331,31340,1.37E-01,1.74E-02
1802,25523,IDP_dMRI_ProbtrackX_MD_cst_l,,AU,float,10,Weighted-mean MD,D,WM tract diffusivity,Weighted-mean MD (mean diffusivity) in tract left corticospinal tract (from dMRI data),20860,20842,20848,10495,-,-,31355,31331,31340,1.51E-01,1.95E-02
1803,25524,IDP_dMRI_ProbtrackX_MD_cst_r,,AU,float,10,Weighted-mean MD,D,WM tract diffusivity,Weighted-mean MD (mean diffusivity) in tract right corticospinal tract (from dMRI data),20860,20842,20848,10495,-,-,31355,31331,31340,1.86E-01,2.01E-02
1804,25525,IDP_dMRI_ProbtrackX_MD_fma,,AU,float,10,Weighted-mean MD,D,WM tract diffusivity,Weighted-mean MD (mean diffusivity) in tract forceps major (from dMRI data),20860,20842,20848,10495,-,-,31355,31331,31340,2.28E-01,2.15E-02
1805,25526,IDP_dMRI_ProbtrackX_MD_fmi,,AU,float,10,Weighted-mean MD,D,WM tract diffusivity,Weighted-mean MD (mean diffusivity) in tract forceps minor (from dMRI data),20860,20842,20848,10495,10489,10492,31355,31331,31340,2.57E-01,2.92E-02
1806,25527,IDP_dMRI_ProbtrackX_MD_ifo_l,,AU,float,10,Weighted-mean MD,D,WM tract diffusivity,Weighted-mean MD (mean diffusivity) in tract left inferior fronto-occipital fasciculus (from dMRI data),20860,20842,20848,10495,10489,10492,31355,31331,31340,2.86E-01,2.98E-02
1807,25528,IDP_dMRI_ProbtrackX_MD_ifo_r,,AU,float,10,Weighted-mean MD,D,WM tract diffusivity,Weighted-mean MD (mean diffusivity) in tract right inferior fronto-occipital fasciculus (from dMRI data),20860,20842,20848,10495,-,-,31355,31331,31340,2.83E-01,2.97E-02
1808,25529,IDP_dMRI_ProbtrackX_MD_ilf_l,,AU,float,10,Weighted-mean MD,D,WM tract diffusivity,Weighted-mean MD (mean diffusivity) in tract left inferior longitudinal fasciculus (from dMRI data),20860,20842,20848,10495,-,-,31355,31331,31340,2.82E-01,2.90E-02
1809,25530,IDP_dMRI_ProbtrackX_MD_ilf_r,,AU,float,10,Weighted-mean MD,D,WM tract diffusivity,Weighted-mean MD (mean diffusivity) in tract right inferior longitudinal fasciculus (from dMRI data),20860,20842,20848,10495,-,-,31355,31331,31340,2.81E-01,2.87E-02
1810,25531,IDP_dMRI_ProbtrackX_MD_mcp,,AU,float,10,Weighted-mean MD,D,WM tract diffusivity,Weighted-mean MD (mean diffusivity) in tract middle cerebellar peduncle (from dMRI data),20860,20842,20848,10495,-,-,31355,31331,31340,1.16E-01,1.73E-02
1811,25532,IDP_dMRI_ProbtrackX_MD_ml_l,,AU,float,10,Weighted-mean MD,D,WM tract diffusivity,Weighted-mean MD (mean diffusivity) in tract left medial lemniscus (from dMRI data),20860,20842,20848,10495,-,-,31355,31331,31340,9.51E-02,1.62E-02
1812,25533,IDP_dMRI_ProbtrackX_MD_ml_r,,AU,float,10,Weighted-mean MD,D,WM tract diffusivity,Weighted-mean MD (mean diffusivity) in tract right medial lemniscus (from dMRI data),20860,20842,20848,10495,-,-,31355,31331,31340,1.02E-01,1.61E-02
1813,25534,IDP_dMRI_ProbtrackX_MD_ptr_l,,AU,float,10,Weighted-mean MD,D,WM tract diffusivity,Weighted-mean MD (mean diffusivity) in tract left posterior thalamic radiation (from dMRI data),20860,20842,20848,10495,-,-,31355,31331,31340,1.85E-01,2.11E-02
1814,25535,IDP_dMRI_ProbtrackX_MD_ptr_r,,AU,float,10,Weighted-mean MD,D,WM tract diffusivity,Weighted-mean MD (mean diffusivity) in tract right posterior thalamic radiation (from dMRI data),20860,20842,20848,10495,-,-,31355,31331,31340,1.87E-01,2.19E-02
1815,25536,IDP_dMRI_ProbtrackX_MD_slf_l,,AU,float,10,Weighted-mean MD,D,WM tract diffusivity,Weighted-mean MD (mean diffusivity) in tract left superior longitudinal fasciculus (from dMRI data),20860,20842,20848,10495,-,-,31355,31331,31340,3.42E-01,3.06E-02
1816,25537,IDP_dMRI_ProbtrackX_MD_slf_r,,AU,float,10,Weighted-mean MD,D,WM tract diffusivity,Weighted-mean MD (mean diffusivity) in tract right superior longitudinal fasciculus (from dMRI data),20860,20842,20848,10495,-,-,31355,31331,31340,3.41E-01,3.01E-02
1817,25538,IDP_dMRI_ProbtrackX_MD_str_l,,AU,float,10,Weighted-mean MD,D,WM tract diffusivity,Weighted-mean MD (mean diffusivity) in tract left superior thalamic radiation (from dMRI data),20860,20842,20848,10495,-,-,31355,31331,31340,2.25E-01,2.47E-02
1818,25539,IDP_dMRI_ProbtrackX_MD_str_r,,AU,float,10,Weighted-mean MD,D,WM tract diffusivity,Weighted-mean MD (mean diffusivity) in tract right superior thalamic radiation (from dMRI data),20860,20842,20848,10495,-,-,31355,31331,31340,2.35E-01,2.62E-02
1819,25540,IDP_dMRI_ProbtrackX_MD_unc_l,,AU,float,10,Weighted-mean MD,D,WM tract diffusivity,Weighted-mean MD (mean diffusivity) in tract left uncinate fasciculus (from dMRI data),20860,20842,20848,10495,-,-,31355,31331,31340,2.32E-01,2.48E-02
1820,25541,IDP_dMRI_ProbtrackX_MD_unc_r,,AU,float,10,Weighted-mean MD,D,WM tract diffusivity,Weighted-mean MD (mean diffusivity) in tract right uncinate fasciculus (from dMRI data),20860,20842,20848,10495,-,-,31355,31331,31340,2.74E-01,2.54E-02
1575,25542,IDP_dMRI_ProbtrackX_MO_ar_l,,AU,float,9,Weighted-mean MO,D,WM tract MO,Weighted-mean MO (diffusion tensor mode) in tract left acoustic radiation (from dMRI data),20860,20842,20848,10495,-,-,31355,31331,31340,1.08E-01,2.10E-02
1576,25543,IDP_dMRI_ProbtrackX_MO_ar_r,,AU,float,9,Weighted-mean MO,D,WM tract MO,Weighted-mean MO (diffusion tensor mode) in tract right acoustic radiation (from dMRI data),20860,20842,20848,10495,-,-,31355,31331,31340,9.70E-02,1.60E-02
1577,25544,IDP_dMRI_ProbtrackX_MO_atr_l,,AU,float,9,Weighted-mean MO,D,WM tract MO,Weighted-mean MO (diffusion tensor mode) in tract left anterior thalamic radiation (from dMRI data),20860,20842,20848,10495,-,-,31355,31331,31340,2.23E-01,1.79E-02
1578,25545,IDP_dMRI_ProbtrackX_MO_atr_r,,AU,float,9,Weighted-mean MO,D,WM tract MO,Weighted-mean MO (diffusion tensor mode) in tract right anterior thalamic radiation (from dMRI data),20860,20842,20848,10495,-,-,31355,31331,31340,1.91E-01,1.88E-02
1579,25546,IDP_dMRI_ProbtrackX_MO_cgc_l,,AU,float,9,Weighted-mean MO,D,WM tract MO,Weighted-mean MO (diffusion tensor mode) in tract left cingulate gyrus part of cingulum (from dMRI data),20860,20842,20848,10495,-,-,31355,31331,31340,1.68E-01,1.88E-02
1580,25547,IDP_dMRI_ProbtrackX_MO_cgc_r,,AU,float,9,Weighted-mean MO,D,WM tract MO,Weighted-mean MO (diffusion tensor mode) in tract right cingulate gyrus part of cingulum (from dMRI data),20860,20842,20848,10495,-,-,31355,31331,31340,1.83E-01,1.91E-02
1581,25548,IDP_dMRI_ProbtrackX_MO_cgh_l,,AU,float,9,Weighted-mean MO,D,WM tract MO,Weighted-mean MO (diffusion tensor mode) in tract left parahippocampal part of cingulum (from dMRI data),20860,20842,20848,10495,-,-,31355,31331,31340,1.11E-01,1.83E-02
1582,25549,IDP_dMRI_ProbtrackX_MO_cgh_r,,AU,float,9,Weighted-mean MO,D,WM tract MO,Weighted-mean MO (diffusion tensor mode) in tract right parahippocampal part of cingulum (from dMRI data),20860,20842,20848,10495,-,-,31355,31331,31340,1.19E-01,1.62E-02
1583,25550,IDP_dMRI_ProbtrackX_MO_cst_l,,AU,float,9,Weighted-mean MO,D,WM tract MO,Weighted-mean MO (diffusion tensor mode) in tract left corticospinal tract (from dMRI data),20860,20842,20848,10495,-,-,31355,31331,31340,1.87E-01,1.74E-02
1584,25551,IDP_dMRI_ProbtrackX_MO_cst_r,,AU,float,9,Weighted-mean MO,D,WM tract MO,Weighted-mean MO (diffusion tensor mode) in tract right corticospinal tract (from dMRI data),20860,20842,20848,10495,-,-,31355,31331,31340,1.81E-01,1.80E-02
1585,25552,IDP_dMRI_ProbtrackX_MO_fma,,AU,float,9,Weighted-mean MO,D,WM tract MO,Weighted-mean MO (diffusion tensor mode) in tract forceps major (from dMRI data),20860,20842,20848,10495,-,-,31355,31331,31340,1.47E-01,1.85E-02
1586,25553,IDP_dMRI_ProbtrackX_MO_fmi,,AU,float,9,Weighted-mean MO,D,WM tract MO,Weighted-mean MO (diffusion tensor mode) in tract forceps minor (from dMRI data),20860,20842,20848,10495,-,-,31355,31331,31340,2.65E-01,2.13E-02
1587,25554,IDP_dMRI_ProbtrackX_MO_ifo_l,,AU,float,9,Weighted-mean MO,D,WM tract MO,Weighted-mean MO (diffusion tensor mode) in tract left inferior fronto-occipital fasciculus (from dMRI data),20860,20842,20848,10495,-,-,31355,31331,31340,1.56E-01,1.85E-02
1588,25555,IDP_dMRI_ProbtrackX_MO_ifo_r,,AU,float,9,Weighted-mean MO,D,WM tract MO,Weighted-mean MO (diffusion tensor mode) in tract right inferior fronto-occipital fasciculus (from dMRI data),20860,20842,20848,10495,-,-,31355,31331,31340,2.02E-01,1.78E-02
1589,25556,IDP_dMRI_ProbtrackX_MO_ilf_l,,AU,float,9,Weighted-mean MO,D,WM tract MO,Weighted-mean MO (diffusion tensor mode) in tract left inferior longitudinal fasciculus (from dMRI data),20860,20842,20848,10495,-,-,31355,31331,31340,1.41E-01,1.92E-02
1590,25557,IDP_dMRI_ProbtrackX_MO_ilf_r,,AU,float,9,Weighted-mean MO,D,WM tract MO,Weighted-mean MO (diffusion tensor mode) in tract right inferior longitudinal fasciculus (from dMRI data),20860,20842,20848,10495,-,-,31355,31331,31340,1.86E-01,1.97E-02
1591,25558,IDP_dMRI_ProbtrackX_MO_mcp,,AU,float,9,Weighted-mean MO,D,WM tract MO,Weighted-mean MO (diffusion tensor mode) in tract middle cerebellar peduncle (from dMRI data),20860,20842,20848,10495,-,-,31355,31331,31340,1.57E-01,1.88E-02
1592,25559,IDP_dMRI_ProbtrackX_MO_ml_l,,AU,float,9,Weighted-mean MO,D,WM tract MO,Weighted-mean MO (diffusion tensor mode) in tract left medial lemniscus (from dMRI data),20860,20842,20848,10495,-,-,31355,31331,31340,2.26E-01,2.04E-02
1593,25560,IDP_dMRI_ProbtrackX_MO_ml_r,,AU,float,9,Weighted-mean MO,D,WM tract MO,Weighted-mean MO (diffusion tensor mode) in tract right medial lemniscus (from dMRI data),20860,20842,20848,10495,-,-,31355,31331,31340,2.13E-01,1.88E-02
1594,25561,IDP_dMRI_ProbtrackX_MO_ptr_l,,AU,float,9,Weighted-mean MO,D,WM tract MO,Weighted-mean MO (diffusion tensor mode) in tract left posterior thalamic radiation (from dMRI data),20860,20842,20848,10495,-,-,31355,31331,31340,1.76E-01,2.27E-02
1595,25562,IDP_dMRI_ProbtrackX_MO_ptr_r,,AU,float,9,Weighted-mean MO,D,WM tract MO,Weighted-mean MO (diffusion tensor mode) in tract right posterior thalamic radiation (from dMRI data),20860,20842,20848,10495,-,-,31355,31331,31340,1.61E-01,2.06E-02
1596,25563,IDP_dMRI_ProbtrackX_MO_slf_l,,AU,float,9,Weighted-mean MO,D,WM tract MO,Weighted-mean MO (diffusion tensor mode) in tract left superior longitudinal fasciculus (from dMRI data),20860,20842,20848,10495,-,-,31355,31331,31340,2.05E-01,2.43E-02
1597,25564,IDP_dMRI_ProbtrackX_MO_slf_r,,AU,float,9,Weighted-mean MO,D,WM tract MO,Weighted-mean MO (diffusion tensor mode) in tract right superior longitudinal fasciculus (from dMRI data),20860,20842,20848,10495,-,-,31355,31331,31340,1.99E-01,2.08E-02
1598,25565,IDP_dMRI_ProbtrackX_MO_str_l,,AU,float,9,Weighted-mean MO,D,WM tract MO,Weighted-mean MO (diffusion tensor mode) in tract left superior thalamic radiation (from dMRI data),20860,20842,20848,10495,-,-,31355,31331,31340,2.75E-01,2.22E-02
1599,25566,IDP_dMRI_ProbtrackX_MO_str_r,,AU,float,9,Weighted-mean MO,D,WM tract MO,Weighted-mean MO (diffusion tensor mode) in tract right superior thalamic radiation (from dMRI data),20860,20842,20848,10495,-,-,31355,31331,31340,2.61E-01,2.34E-02
1600,25567,IDP_dMRI_ProbtrackX_MO_unc_l,,AU,float,9,Weighted-mean MO,D,WM tract MO,Weighted-mean MO (diffusion tensor mode) in tract left uncinate fasciculus (from dMRI data),20860,20842,20848,10495,-,-,31355,31331,31340,1.25E-01,1.84E-02
1601,25568,IDP_dMRI_ProbtrackX_MO_unc_r,,AU,float,9,Weighted-mean MO,D,WM tract MO,Weighted-mean MO (diffusion tensor mode) in tract right uncinate fasciculus (from dMRI data),20860,20842,20848,10495,-,-,31355,31331,31340,1.33E-01,1.82E-02
1821,25569,IDP_dMRI_ProbtrackX_L1_ar_l,,AU,float,10,Weighted-mean L1,D,WM tract diffusivity,Weighted-mean L1 in tract left acoustic radiation (from dMRI data),20860,20842,20848,10495,-,-,31355,31331,31340,1.37E-01,1.74E-02
1822,25570,IDP_dMRI_ProbtrackX_L1_ar_r,,AU,float,10,Weighted-mean L1,D,WM tract diffusivity,Weighted-mean L1 in tract right acoustic radiation (from dMRI data),20860,20842,20848,10495,-,-,31355,31331,31340,1.62E-01,1.90E-02
1823,25571,IDP_dMRI_ProbtrackX_L1_atr_l,,AU,float,10,Weighted-mean L1,D,WM tract diffusivity,Weighted-mean L1 in tract left anterior thalamic radiation (from dMRI data),20860,20842,20848,10495,-,-,31355,31331,31340,2.09E-01,2.31E-02
1824,25572,IDP_dMRI_ProbtrackX_L1_atr_r,,AU,float,10,Weighted-mean L1,D,WM tract diffusivity,Weighted-mean L1 in tract right anterior thalamic radiation (from dMRI data),20860,20842,20848,10495,-,-,31355,31331,31340,2.19E-01,2.31E-02
1825,25573,IDP_dMRI_ProbtrackX_L1_cgc_l,,AU,float,10,Weighted-mean L1,D,WM tract diffusivity,Weighted-mean L1 in tract left cingulate gyrus part of cingulum (from dMRI data),20860,20842,20848,10495,-,-,31355,31331,31340,1.81E-01,1.93E-02
1826,25574,IDP_dMRI_ProbtrackX_L1_cgc_r,,AU,float,10,Weighted-mean L1,D,WM tract diffusivity,Weighted-mean L1 in tract right cingulate gyrus part of cingulum (from dMRI data),20860,20842,20848,10495,-,-,31355,31331,31340,1.99E-01,2.00E-02
1827,25575,IDP_dMRI_ProbtrackX_L1_cgh_l,,AU,float,10,Weighted-mean L1,D,WM tract diffusivity,Weighted-mean L1 in tract left parahippocampal part of cingulum (from dMRI data),20860,20842,20848,10495,-,-,31355,31331,31340,9.02E-02,1.75E-02
1828,25576,IDP_dMRI_ProbtrackX_L1_cgh_r,,AU,float,10,Weighted-mean L1,D,WM tract diffusivity,Weighted-mean L1 in tract right parahippocampal part of cingulum (from dMRI data),20860,20842,20848,10495,-,-,31355,31331,31340,1.12E-01,1.68E-02
1829,25577,IDP_dMRI_ProbtrackX_L1_cst_l,,AU,float,10,Weighted-mean L1,D,WM tract diffusivity,Weighted-mean L1 in tract left corticospinal tract (from dMRI data),20860,20842,20848,10495,-,-,31355,31331,31340,1.95E-01,2.04E-02
1830,25578,IDP_dMRI_ProbtrackX_L1_cst_r,,AU,float,10,Weighted-mean L1,D,WM tract diffusivity,Weighted-mean L1 in tract right corticospinal tract (from dMRI data),20860,20842,20848,10495,-,-,31355,31331,31340,1.98E-01,1.81E-02
1831,25579,IDP_dMRI_ProbtrackX_L1_fma,,AU,float,10,Weighted-mean L1,D,WM tract diffusivity,Weighted-mean L1 in tract forceps major (from dMRI data),20860,20842,20848,10495,-,-,31355,31331,31340,2.15E-01,2.15E-02
1832,25580,IDP_dMRI_ProbtrackX_L1_fmi,,AU,float,10,Weighted-mean L1,D,WM tract diffusivity,Weighted-mean L1 in tract forceps minor (from dMRI data),20860,20842,20848,10495,-,-,31355,31331,31340,2.60E-01,2.54E-02
1833,25581,IDP_dMRI_ProbtrackX_L1_ifo_l,,AU,float,10,Weighted-mean L1,D,WM tract diffusivity,Weighted-mean L1 in tract left inferior fronto-occipital fasciculus (from dMRI data),20860,20842,20848,10495,-,-,31355,31331,31340,2.50E-01,2.54E-02
1834,25582,IDP_dMRI_ProbtrackX_L1_ifo_r,,AU,float,10,Weighted-mean L1,D,WM tract diffusivity,Weighted-mean L1 in tract right inferior fronto-occipital fasciculus (from dMRI data),20860,20842,20848,10495,-,-,31355,31331,31340,2.45E-01,2.40E-02
1835,25583,IDP_dMRI_ProbtrackX_L1_ilf_l,,AU,float,10,Weighted-mean L1,D,WM tract diffusivity,Weighted-mean L1 in tract left inferior longitudinal fasciculus (from dMRI data),20860,20842,20848,10495,-,-,31355,31331,31340,2.51E-01,2.43E-02
1836,25584,IDP_dMRI_ProbtrackX_L1_ilf_r,,AU,float,10,Weighted-mean L1,D,WM tract diffusivity,Weighted-mean L1 in tract right inferior longitudinal fasciculus (from dMRI data),20860,20842,20848,10495,-,-,31355,31331,31340,2.56E-01,2.42E-02
1837,25585,IDP_dMRI_ProbtrackX_L1_mcp,,AU,float,10,Weighted-mean L1,D,WM tract diffusivity,Weighted-mean L1 in tract middle cerebellar peduncle (from dMRI data),20860,20842,20848,10495,-,-,31355,31331,31340,1.42E-01,1.78E-02
1838,25586,IDP_dMRI_ProbtrackX_L1_ml_l,,AU,float,10,Weighted-mean L1,D,WM tract diffusivity,Weighted-mean L1 in tract left medial lemniscus (from dMRI data),20860,20842,20848,10495,-,-,31355,31331,31340,1.57E-01,2.00E-02
1839,25587,IDP_dMRI_ProbtrackX_L1_ml_r,,AU,float,10,Weighted-mean L1,D,WM tract diffusivity,Weighted-mean L1 in tract right medial lemniscus (from dMRI data),20860,20842,20848,10495,-,-,31355,31331,31340,1.65E-01,1.96E-02
1840,25588,IDP_dMRI_ProbtrackX_L1_ptr_l,,AU,float,10,Weighted-mean L1,D,WM tract diffusivity,Weighted-mean L1 in tract left posterior thalamic radiation (from dMRI data),20860,20842,20848,10495,-,-,31355,31331,31340,1.83E-01,2.15E-02
1841,25589,IDP_dMRI_ProbtrackX_L1_ptr_r,,AU,float,10,Weighted-mean L1,D,WM tract diffusivity,Weighted-mean L1 in tract right posterior thalamic radiation (from dMRI data),20860,20842,20848,10495,-,-,31355,31331,31340,1.66E-01,2.00E-02
1842,25590,IDP_dMRI_ProbtrackX_L1_slf_l,,AU,float,10,Weighted-mean L1,D,WM tract diffusivity,Weighted-mean L1 in tract left superior longitudinal fasciculus (from dMRI data),20860,20842,20848,10495,-,-,31355,31331,31340,3.32E-01,2.76E-02
1843,25591,IDP_dMRI_ProbtrackX_L1_slf_r,,AU,float,10,Weighted-mean L1,D,WM tract diffusivity,Weighted-mean L1 in tract right superior longitudinal fasciculus (from dMRI data),20860,20842,20848,10495,-,-,31355,31331,31340,3.31E-01,2.71E-02
1844,25592,IDP_dMRI_ProbtrackX_L1_str_l,,AU,float,10,Weighted-mean L1,D,WM tract diffusivity,Weighted-mean L1 in tract left superior thalamic radiation (from dMRI data),20860,20842,20848,10495,-,-,31355,31331,31340,2.35E-01,2.08E-02
1845,25593,IDP_dMRI_ProbtrackX_L1_str_r,,AU,float,10,Weighted-mean L1,D,WM tract diffusivity,Weighted-mean L1 in tract right superior thalamic radiation (from dMRI data),20860,20842,20848,10495,-,-,31355,31331,31340,2.70E-01,2.17E-02
1846,25594,IDP_dMRI_ProbtrackX_L1_unc_l,,AU,float,10,Weighted-mean L1,D,WM tract diffusivity,Weighted-mean L1 in tract left uncinate fasciculus (from dMRI data),20860,20842,20848,10495,-,-,31355,31331,31340,2.40E-01,2.31E-02
1847,25595,IDP_dMRI_ProbtrackX_L1_unc_r,,AU,float,10,Weighted-mean L1,D,WM tract diffusivity,Weighted-mean L1 in tract right uncinate fasciculus (from dMRI data),20860,20842,20848,10495,-,-,31355,31331,31340,2.55E-01,2.39E-02
1848,25596,IDP_dMRI_ProbtrackX_L2_ar_l,,AU,float,10,Weighted-mean L2,D,WM tract diffusivity,Weighted-mean L2 in tract left acoustic radiation (from dMRI data),20860,20842,20848,10495,-,-,31355,31331,31340,1.55E-01,2.09E-02
1849,25597,IDP_dMRI_ProbtrackX_L2_ar_r,,AU,float,10,Weighted-mean L2,D,WM tract diffusivity,Weighted-mean L2 in tract right acoustic radiation (from dMRI data),20860,20842,20848,10495,-,-,31355,31331,31340,1.58E-01,1.88E-02
1850,25598,IDP_dMRI_ProbtrackX_L2_atr_l,,AU,float,10,Weighted-mean L2,D,WM tract diffusivity,Weighted-mean L2 in tract left anterior thalamic radiation (from dMRI data),20860,20842,20848,10495,-,-,31355,31331,31340,2.57E-01,2.52E-02
1851,25599,IDP_dMRI_ProbtrackX_L2_atr_r,,AU,float,10,Weighted-mean L2,D,WM tract diffusivity,Weighted-mean L2 in tract right anterior thalamic radiation (from dMRI data),20860,20842,20848,10495,-,-,31355,31331,31340,2.61E-01,2.48E-02
1852,25600,IDP_dMRI_ProbtrackX_L2_cgc_l,,AU,float,10,Weighted-mean L2,D,WM tract diffusivity,Weighted-mean L2 in tract left cingulate gyrus part of cingulum (from dMRI data),20860,20842,20848,10495,-,-,31355,31331,31340,2.60E-01,2.46E-02
1853,25601,IDP_dMRI_ProbtrackX_L2_cgc_r,,AU,float,10,Weighted-mean L2,D,WM tract diffusivity,Weighted-mean L2 in tract right cingulate gyrus part of cingulum (from dMRI data),20860,20842,20848,10495,-,-,31355,31331,31340,2.70E-01,2.33E-02
1854,25602,IDP_dMRI_ProbtrackX_L2_cgh_l,,AU,float,10,Weighted-mean L2,D,WM tract diffusivity,Weighted-mean L2 in tract left parahippocampal part of cingulum (from dMRI data),20860,20842,20848,10495,-,-,31355,31331,31340,1.32E-01,1.76E-02
1855,25603,IDP_dMRI_ProbtrackX_L2_cgh_r,,AU,float,10,Weighted-mean L2,D,WM tract diffusivity,Weighted-mean L2 in tract right parahippocampal part of cingulum (from dMRI data),20860,20842,20848,10495,-,-,31355,31331,31340,1.50E-01,1.81E-02
1856,25604,IDP_dMRI_ProbtrackX_L2_cst_l,,AU,float,10,Weighted-mean L2,D,WM tract diffusivity,Weighted-mean L2 in tract left corticospinal tract (from dMRI data),20860,20842,20848,10495,-,-,31355,31331,31340,1.96E-01,2.21E-02
1857,25605,IDP_dMRI_ProbtrackX_L2_cst_r,,AU,float,10,Weighted-mean L2,D,WM tract diffusivity,Weighted-mean L2 in tract right corticospinal tract (from dMRI data),20860,20842,20848,10495,-,-,31355,31331,31340,1.95E-01,2.06E-02
1858,25606,IDP_dMRI_ProbtrackX_L2_fma,,AU,float,10,Weighted-mean L2,D,WM tract diffusivity,Weighted-mean L2 in tract forceps major (from dMRI data),20860,20842,20848,10495,-,-,31355,31331,31340,2.24E-01,2.18E-02
1859,25607,IDP_dMRI_ProbtrackX_L2_fmi,,AU,float,10,Weighted-mean L2,D,WM tract diffusivity,Weighted-mean L2 in tract forceps minor (from dMRI data),20860,20842,20848,10495,10489,10492,31355,31331,31340,2.70E-01,2.77E-02
1860,25608,IDP_dMRI_ProbtrackX_L2_ifo_l,,AU,float,10,Weighted-mean L2,D,WM tract diffusivity,Weighted-mean L2 in tract left inferior fronto-occipital fasciculus (from dMRI data),20860,20842,20848,10495,10489,10492,31355,31331,31340,2.72E-01,2.85E-02
1861,25609,IDP_dMRI_ProbtrackX_L2_ifo_r,,AU,float,10,Weighted-mean L2,D,WM tract diffusivity,Weighted-mean L2 in tract right inferior fronto-occipital fasciculus (from dMRI data),20860,20842,20848,10495,-,-,31355,31331,31340,2.89E-01,2.86E-02
1862,25610,IDP_dMRI_ProbtrackX_L2_ilf_l,,AU,float,10,Weighted-mean L2,D,WM tract diffusivity,Weighted-mean L2 in tract left inferior longitudinal fasciculus (from dMRI data),20860,20842,20848,10495,-,-,31355,31331,31340,2.72E-01,2.78E-02
1863,25611,IDP_dMRI_ProbtrackX_L2_ilf_r,,AU,float,10,Weighted-mean L2,D,WM tract diffusivity,Weighted-mean L2 in tract right inferior longitudinal fasciculus (from dMRI data),20860,20842,20848,10495,-,-,31355,31331,31340,2.81E-01,2.84E-02
1864,25612,IDP_dMRI_ProbtrackX_L2_mcp,,AU,float,10,Weighted-mean L2,D,WM tract diffusivity,Weighted-mean L2 in tract middle cerebellar peduncle (from dMRI data),20860,20842,20848,10495,-,-,31355,31331,31340,9.00E-02,1.72E-02
1865,25613,IDP_dMRI_ProbtrackX_L2_ml_l,,AU,float,10,Weighted-mean L2,D,WM tract diffusivity,Weighted-mean L2 in tract left medial lemniscus (from dMRI data),20860,20842,20848,10495,-,-,31355,31331,31340,9.81E-02,1.49E-02
1866,25614,IDP_dMRI_ProbtrackX_L2_ml_r,,AU,float,10,Weighted-mean L2,D,WM tract diffusivity,Weighted-mean L2 in tract right medial lemniscus (from dMRI data),20860,20842,20848,10495,-,-,31355,31331,31340,1.10E-01,1.59E-02
1867,25615,IDP_dMRI_ProbtrackX_L2_ptr_l,,AU,float,10,Weighted-mean L2,D,WM tract diffusivity,Weighted-mean L2 in tract left posterior thalamic radiation (from dMRI data),20860,20842,20848,10495,-,-,31355,31331,31340,1.79E-01,2.07E-02
1868,25616,IDP_dMRI_ProbtrackX_L2_ptr_r,,AU,float,10,Weighted-mean L2,D,WM tract diffusivity,Weighted-mean L2 in tract right posterior thalamic radiation (from dMRI data),20860,20842,20848,10495,-,-,31355,31331,31340,1.97E-01,2.20E-02
1869,25617,IDP_dMRI_ProbtrackX_L2_slf_l,,AU,float,10,Weighted-mean L2,D,WM tract diffusivity,Weighted-mean L2 in tract left superior longitudinal fasciculus (from dMRI data),20860,20842,20848,10495,-,-,31355,31331,31340,3.43E-01,2.89E-02
1870,25618,IDP_dMRI_ProbtrackX_L2_slf_r,,AU,float,10,Weighted-mean L2,D,WM tract diffusivity,Weighted-mean L2 in tract right superior longitudinal fasciculus (from dMRI data),20860,20842,20848,10495,-,-,31355,31331,31340,3.38E-01,2.91E-02
1871,25619,IDP_dMRI_ProbtrackX_L2_str_l,,AU,float,10,Weighted-mean L2,D,WM tract diffusivity,Weighted-mean L2 in tract left superior thalamic radiation (from dMRI data),20860,20842,20848,10495,-,-,31355,31331,31340,2.44E-01,2.62E-02
1872,25620,IDP_dMRI_ProbtrackX_L2_str_r,,AU,float,10,Weighted-mean L2,D,WM tract diffusivity,Weighted-mean L2 in tract right superior thalamic radiation (from dMRI data),20860,20842,20848,10495,-,-,31355,31331,31340,2.19E-01,2.44E-02
1873,25621,IDP_dMRI_ProbtrackX_L2_unc_l,,AU,float,10,Weighted-mean L2,D,WM tract diffusivity,Weighted-mean L2 in tract left uncinate fasciculus (from dMRI data),20860,20842,20848,10495,-,-,31355,31331,31340,2.29E-01,2.40E-02
1874,25622,IDP_dMRI_ProbtrackX_L2_unc_r,,AU,float,10,Weighted-mean L2,D,WM tract diffusivity,Weighted-mean L2 in tract right uncinate fasciculus (from dMRI data),20860,20842,20848,10495,-,-,31355,31331,31340,2.62E-01,2.42E-02
1875,25623,IDP_dMRI_ProbtrackX_L3_ar_l,,AU,float,10,Weighted-mean L3,D,WM tract diffusivity,Weighted-mean L3 in tract left acoustic radiation (from dMRI data),20860,20842,20848,10495,-,-,31355,31331,31340,1.79E-01,1.96E-02
1876,25624,IDP_dMRI_ProbtrackX_L3_ar_r,,AU,float,10,Weighted-mean L3,D,WM tract diffusivity,Weighted-mean L3 in tract right acoustic radiation (from dMRI data),20860,20842,20848,10495,-,-,31355,31331,31340,1.79E-01,1.80E-02
1877,25625,IDP_dMRI_ProbtrackX_L3_atr_l,,AU,float,10,Weighted-mean L3,D,WM tract diffusivity,Weighted-mean L3 in tract left anterior thalamic radiation (from dMRI data),20860,20842,20848,10495,-,-,31355,31331,31340,2.50E-01,2.53E-02
1878,25626,IDP_dMRI_ProbtrackX_L3_atr_r,,AU,float,10,Weighted-mean L3,D,WM tract diffusivity,Weighted-mean L3 in tract right anterior thalamic radiation (from dMRI data),20860,20842,20848,10495,-,-,31355,31331,31340,2.58E-01,2.54E-02
1879,25627,IDP_dMRI_ProbtrackX_L3_cgc_l,,AU,float,10,Weighted-mean L3,D,WM tract diffusivity,Weighted-mean L3 in tract left cingulate gyrus part of cingulum (from dMRI data),20860,20842,20848,10495,-,-,31355,31331,31340,2.26E-01,2.29E-02
1880,25628,IDP_dMRI_ProbtrackX_L3_cgc_r,,AU,float,10,Weighted-mean L3,D,WM tract diffusivity,Weighted-mean L3 in tract right cingulate gyrus part of cingulum (from dMRI data),20860,20842,20848,10495,-,-,31355,31331,31340,2.42E-01,2.24E-02
1881,25629,IDP_dMRI_ProbtrackX_L3_cgh_l,,AU,float,10,Weighted-mean L3,D,WM tract diffusivity,Weighted-mean L3 in tract left parahippocampal part of cingulum (from dMRI data),20860,20842,20848,10495,-,-,31355,31331,31340,1.28E-01,1.72E-02
1882,25630,IDP_dMRI_ProbtrackX_L3_cgh_r,,AU,float,10,Weighted-mean L3,D,WM tract diffusivity,Weighted-mean L3 in tract right parahippocampal part of cingulum (from dMRI data),20860,20842,20848,10495,-,-,31355,31331,31340,1.45E-01,1.76E-02
1883,25631,IDP_dMRI_ProbtrackX_L3_cst_l,,AU,float,10,Weighted-mean L3,D,WM tract diffusivity,Weighted-mean L3 in tract left corticospinal tract (from dMRI data),20860,20842,20848,10495,-,-,31355,31331,31340,1.53E-01,2.05E-02
1884,25632,IDP_dMRI_ProbtrackX_L3_cst_r,,AU,float,10,Weighted-mean L3,D,WM tract diffusivity,Weighted-mean L3 in tract right corticospinal tract (from dMRI data),20860,20842,20848,10495,-,-,31355,31331,31340,1.94E-01,2.06E-02
1885,25633,IDP_dMRI_ProbtrackX_L3_fma,,AU,float,10,Weighted-mean L3,D,WM tract diffusivity,Weighted-mean L3 in tract forceps major (from dMRI data),20860,20842,20848,10495,-,-,31355,31331,31340,2.24E-01,2.11E-02
1886,25634,IDP_dMRI_ProbtrackX_L3_fmi,,AU,float,10,Weighted-mean L3,D,WM tract diffusivity,Weighted-mean L3 in tract forceps minor (from dMRI data),20860,20842,20848,10495,10489,10492,31355,31331,31340,2.71E-01,2.84E-02
1887,25635,IDP_dMRI_ProbtrackX_L3_ifo_l,,AU,float,10,Weighted-mean L3,D,WM tract diffusivity,Weighted-mean L3 in tract left inferior fronto-occipital fasciculus (from dMRI data),20860,20842,20848,10495,10489,10492,31355,31331,31340,2.88E-01,2.91E-02
1888,25636,IDP_dMRI_ProbtrackX_L3_ifo_r,,AU,float,10,Weighted-mean L3,D,WM tract diffusivity,Weighted-mean L3 in tract right inferior fronto-occipital fasciculus (from dMRI data),20860,20842,20848,10495,-,-,31355,31331,31340,2.95E-01,2.95E-02
1889,25637,IDP_dMRI_ProbtrackX_L3_ilf_l,,AU,float,10,Weighted-mean L3,D,WM tract diffusivity,Weighted-mean L3 in tract left inferior longitudinal fasciculus (from dMRI data),20860,20842,20848,10495,10489,10492,31355,31331,31340,2.83E-01,2.93E-02
1890,25638,IDP_dMRI_ProbtrackX_L3_ilf_r,,AU,float,10,Weighted-mean L3,D,WM tract diffusivity,Weighted-mean L3 in tract right inferior longitudinal fasciculus (from dMRI data),20860,20842,20848,10495,10489,10492,31355,31331,31340,2.86E-01,2.88E-02
1891,25639,IDP_dMRI_ProbtrackX_L3_mcp,,AU,float,10,Weighted-mean L3,D,WM tract diffusivity,Weighted-mean L3 in tract middle cerebellar peduncle (from dMRI data),20860,20842,20848,10495,-,-,31355,31331,31340,1.00E-01,1.64E-02
1892,25640,IDP_dMRI_ProbtrackX_L3_ml_l,,AU,float,10,Weighted-mean L3,D,WM tract diffusivity,Weighted-mean L3 in tract left medial lemniscus (from dMRI data),20860,20842,20848,10495,-,-,31355,31331,31340,9.79E-02,1.54E-02
1893,25641,IDP_dMRI_ProbtrackX_L3_ml_r,,AU,float,10,Weighted-mean L3,D,WM tract diffusivity,Weighted-mean L3 in tract right medial lemniscus (from dMRI data),20860,20842,20848,10495,-,-,31355,31331,31340,1.04E-01,1.60E-02
1894,25642,IDP_dMRI_ProbtrackX_L3_ptr_l,,AU,float,10,Weighted-mean L3,D,WM tract diffusivity,Weighted-mean L3 in tract left posterior thalamic radiation (from dMRI data),20860,20842,20848,10495,-,-,31355,31331,31340,2.03E-01,2.17E-02
1895,25643,IDP_dMRI_ProbtrackX_L3_ptr_r,,AU,float,10,Weighted-mean L3,D,WM tract diffusivity,Weighted-mean L3 in tract right posterior thalamic radiation (from dMRI data),20860,20842,20848,10495,-,-,31355,31331,31340,2.01E-01,2.31E-02
1896,25644,IDP_dMRI_ProbtrackX_L3_slf_l,,AU,float,10,Weighted-mean L3,D,WM tract diffusivity,Weighted-mean L3 in tract left superior longitudinal fasciculus (from dMRI data),20860,20842,20848,10495,10489,10492,31355,31331,31340,3.20E-01,2.92E-02
1897,25645,IDP_dMRI_ProbtrackX_L3_slf_r,,AU,float,10,Weighted-mean L3,D,WM tract diffusivity,Weighted-mean L3 in tract right superior longitudinal fasciculus (from dMRI data),20860,20842,20848,10495,10489,10492,31355,31331,31340,3.26E-01,2.94E-02
1898,25646,IDP_dMRI_ProbtrackX_L3_str_l,,AU,float,10,Weighted-mean L3,D,WM tract diffusivity,Weighted-mean L3 in tract left superior thalamic radiation (from dMRI data),20860,20842,20848,10495,-,-,31355,31331,31340,2.25E-01,2.51E-02
1899,25647,IDP_dMRI_ProbtrackX_L3_str_r,,AU,float,10,Weighted-mean L3,D,WM tract diffusivity,Weighted-mean L3 in tract right superior thalamic radiation (from dMRI data),20860,20842,20848,10495,-,-,31355,31331,31340,2.29E-01,2.44E-02
1900,25648,IDP_dMRI_ProbtrackX_L3_unc_l,,AU,float,10,Weighted-mean L3,D,WM tract diffusivity,Weighted-mean L3 in tract left uncinate fasciculus (from dMRI data),20860,20842,20848,10495,-,-,31355,31331,31340,2.20E-01,2.30E-02
1901,25649,IDP_dMRI_ProbtrackX_L3_unc_r,,AU,float,10,Weighted-mean L3,D,WM tract diffusivity,Weighted-mean L3 in tract right uncinate fasciculus (from dMRI data),20860,20842,20848,10495,-,-,31355,31331,31340,2.62E-01,2.41E-02
1950,25650,IDP_dMRI_ProbtrackX_ICVF_ar_l,,AU,float,11,Weighted-mean ICVF,D,WM tract ICVF,Weighted-mean ICVF (intra-cellular volume fraction) in tract left acoustic radiation (from dMRI data),20859,20841,20847,10495,-,-,31354,31330,31339,3.27E-01,3.22E-02
1951,25651,IDP_dMRI_ProbtrackX_ICVF_ar_r,,AU,float,11,Weighted-mean ICVF,D,WM tract ICVF,Weighted-mean ICVF (intra-cellular volume fraction) in tract right acoustic radiation (from dMRI data),20859,20841,20847,10495,10489,10492,31354,31330,31339,3.22E-01,3.17E-02
1952,25652,IDP_dMRI_ProbtrackX_ICVF_atr_l,,AU,float,11,Weighted-mean ICVF,D,WM tract ICVF,Weighted-mean ICVF (intra-cellular volume fraction) in tract left anterior thalamic radiation (from dMRI data),20859,20841,20847,10495,10489,10492,31354,31330,31339,3.48E-01,3.37E-02
1953,25653,IDP_dMRI_ProbtrackX_ICVF_atr_r,,AU,float,11,Weighted-mean ICVF,D,WM tract ICVF,Weighted-mean ICVF (intra-cellular volume fraction) in tract right anterior thalamic radiation (from dMRI data),20859,20841,20847,10495,10489,10492,31354,31330,31339,3.46E-01,3.32E-02
1954,25654,IDP_dMRI_ProbtrackX_ICVF_cgc_l,,AU,float,11,Weighted-mean ICVF,D,WM tract ICVF,Weighted-mean ICVF (intra-cellular volume fraction) in tract left cingulate gyrus part of cingulum (from dMRI data),20859,20841,20847,10495,10489,10492,31354,31330,31339,3.12E-01,3.09E-02
1955,25655,IDP_dMRI_ProbtrackX_ICVF_cgc_r,,AU,float,11,Weighted-mean ICVF,D,WM tract ICVF,Weighted-mean ICVF (intra-cellular volume fraction) in tract right cingulate gyrus part of cingulum (from dMRI data),20859,20841,20847,10495,10489,10492,31354,31330,31339,3.14E-01,2.95E-02
1956,25656,IDP_dMRI_ProbtrackX_ICVF_cgh_l,,AU,float,11,Weighted-mean ICVF,D,WM tract ICVF,Weighted-mean ICVF (intra-cellular volume fraction) in tract left parahippocampal part of cingulum (from dMRI data),20859,20841,20847,10495,-,-,31354,31330,31339,2.43E-01,2.77E-02
1957,25657,IDP_dMRI_ProbtrackX_ICVF_cgh_r,,AU,float,11,Weighted-mean ICVF,D,WM tract ICVF,Weighted-mean ICVF (intra-cellular volume fraction) in tract right parahippocampal part of cingulum (from dMRI data),20859,20841,20847,10495,10489,10492,31354,31330,31339,2.43E-01,2.68E-02
1958,25658,IDP_dMRI_ProbtrackX_ICVF_cst_l,,AU,float,11,Weighted-mean ICVF,D,WM tract ICVF,Weighted-mean ICVF (intra-cellular volume fraction) in tract left corticospinal tract (from dMRI data),20859,20841,20847,10495,10489,10492,31354,31330,31339,3.12E-01,3.07E-02
1959,25659,IDP_dMRI_ProbtrackX_ICVF_cst_r,,AU,float,11,Weighted-mean ICVF,D,WM tract ICVF,Weighted-mean ICVF (intra-cellular volume fraction) in tract right corticospinal tract (from dMRI data),20859,20841,20847,10495,10489,10492,31354,31330,31339,3.23E-01,3.08E-02
1960,25660,IDP_dMRI_ProbtrackX_ICVF_fma,,AU,float,11,Weighted-mean ICVF,D,WM tract ICVF,Weighted-mean ICVF (intra-cellular volume fraction) in tract forceps major (from dMRI data),20859,20841,20847,10495,10489,10492,31354,31330,31339,3.10E-01,3.35E-02
1961,25661,IDP_dMRI_ProbtrackX_ICVF_fmi,,AU,float,11,Weighted-mean ICVF,D,WM tract ICVF,Weighted-mean ICVF (intra-cellular volume fraction) in tract forceps minor (from dMRI data),20859,20841,20847,10495,10489,10492,31354,31330,31339,3.83E-01,3.81E-02
1962,25662,IDP_dMRI_ProbtrackX_ICVF_ifo_l,,AU,float,11,Weighted-mean ICVF,D,WM tract ICVF,Weighted-mean ICVF (intra-cellular volume fraction) in tract left inferior fronto-occipital fasciculus (from dMRI data),20859,20841,20847,10495,10489,10492,31354,31330,31339,3.44E-01,3.84E-02
1963,25663,IDP_dMRI_ProbtrackX_ICVF_ifo_r,,AU,float,11,Weighted-mean ICVF,D,WM tract ICVF,Weighted-mean ICVF (intra-cellular volume fraction) in tract right inferior fronto-occipital fasciculus (from dMRI data),20859,20841,20847,10495,10489,10492,31354,31330,31339,3.49E-01,3.79E-02
1964,25664,IDP_dMRI_ProbtrackX_ICVF_ilf_l,,AU,float,11,Weighted-mean ICVF,D,WM tract ICVF,Weighted-mean ICVF (intra-cellular volume fraction) in tract left inferior longitudinal fasciculus (from dMRI data),20859,20841,20847,10495,10489,10492,31354,31330,31339,3.46E-01,3.81E-02
1965,25665,IDP_dMRI_ProbtrackX_ICVF_ilf_r,,AU,float,11,Weighted-mean ICVF,D,WM tract ICVF,Weighted-mean ICVF (intra-cellular volume fraction) in tract right inferior longitudinal fasciculus (from dMRI data),20859,20841,20847,10495,10489,10492,31354,31330,31339,3.41E-01,3.90E-02
1966,25666,IDP_dMRI_ProbtrackX_ICVF_mcp,,AU,float,11,Weighted-mean ICVF,D,WM tract ICVF,Weighted-mean ICVF (intra-cellular volume fraction) in tract middle cerebellar peduncle (from dMRI data),20859,20841,20847,10495,-,-,31354,31330,31339,2.71E-01,2.82E-02
1967,25667,IDP_dMRI_ProbtrackX_ICVF_ml_l,,AU,float,11,Weighted-mean ICVF,D,WM tract ICVF,Weighted-mean ICVF (intra-cellular volume fraction) in tract left medial lemniscus (from dMRI data),20859,20841,20847,10495,-,-,31354,31330,31339,2.85E-01,2.66E-02
1968,25668,IDP_dMRI_ProbtrackX_ICVF_ml_r,,AU,float,11,Weighted-mean ICVF,D,WM tract ICVF,Weighted-mean ICVF (intra-cellular volume fraction) in tract right medial lemniscus (from dMRI data),20859,20841,20847,10495,-,-,31354,31330,31339,2.92E-01,2.65E-02
1969,25669,IDP_dMRI_ProbtrackX_ICVF_ptr_l,,AU,float,11,Weighted-mean ICVF,D,WM tract ICVF,Weighted-mean ICVF (intra-cellular volume fraction) in tract left posterior thalamic radiation (from dMRI data),20859,20841,20847,10495,10489,10492,31354,31330,31339,3.13E-01,3.50E-02
1970,25670,IDP_dMRI_ProbtrackX_ICVF_ptr_r,,AU,float,11,Weighted-mean ICVF,D,WM tract ICVF,Weighted-mean ICVF (intra-cellular volume fraction) in tract right posterior thalamic radiation (from dMRI data),20859,20841,20847,10495,10489,10492,31354,31330,31339,3.17E-01,3.53E-02
1971,25671,IDP_dMRI_ProbtrackX_ICVF_slf_l,,AU,float,11,Weighted-mean ICVF,D,WM tract ICVF,Weighted-mean ICVF (intra-cellular volume fraction) in tract left superior longitudinal fasciculus (from dMRI data),20859,20841,20847,10495,10489,10492,31354,31330,31339,3.74E-01,3.67E-02
1972,25672,IDP_dMRI_ProbtrackX_ICVF_slf_r,,AU,float,11,Weighted-mean ICVF,D,WM tract ICVF,Weighted-mean ICVF (intra-cellular volume fraction) in tract right superior longitudinal fasciculus (from dMRI data),20859,20841,20847,10495,10489,10492,31354,31330,31339,3.77E-01,3.68E-02
1973,25673,IDP_dMRI_ProbtrackX_ICVF_str_l,,AU,float,11,Weighted-mean ICVF,D,WM tract ICVF,Weighted-mean ICVF (intra-cellular volume fraction) in tract left superior thalamic radiation (from dMRI data),20859,20841,20847,10495,10489,10492,31354,31330,31339,3.25E-01,3.23E-02
1974,25674,IDP_dMRI_ProbtrackX_ICVF_str_r,,AU,float,11,Weighted-mean ICVF,D,WM tract ICVF,Weighted-mean ICVF (intra-cellular volume fraction) in tract right superior thalamic radiation (from dMRI data),20859,20841,20847,10495,10489,10492,31354,31330,31339,3.42E-01,3.40E-02
1975,25675,IDP_dMRI_ProbtrackX_ICVF_unc_l,,AU,float,11,Weighted-mean ICVF,D,WM tract ICVF,Weighted-mean ICVF (intra-cellular volume fraction) in tract left uncinate fasciculus (from dMRI data),20859,20841,20847,10495,10489,10492,31354,31330,31339,3.33E-01,3.07E-02
1976,25676,IDP_dMRI_ProbtrackX_ICVF_unc_r,,AU,float,11,Weighted-mean ICVF,D,WM tract ICVF,Weighted-mean ICVF (intra-cellular volume fraction) in tract right uncinate fasciculus (from dMRI data),20859,20841,20847,10495,10489,10492,31354,31330,31339,3.54E-01,3.27E-02
2025,25677,IDP_dMRI_ProbtrackX_OD_ar_l,,AU,float,12,Weighted-mean OD,D,WM tract OD,Weighted-mean OD (orientation dispersion index) in tract left acoustic radiation (from dMRI data),20859,20841,20847,10495,-,-,31354,31330,31339,1.43E-01,1.99E-02
2026,25678,IDP_dMRI_ProbtrackX_OD_ar_r,,AU,float,12,Weighted-mean OD,D,WM tract OD,Weighted-mean OD (orientation dispersion index) in tract right acoustic radiation (from dMRI data),20859,20841,20847,10495,-,-,31354,31330,31339,1.29E-01,1.76E-02
2027,25679,IDP_dMRI_ProbtrackX_OD_atr_l,,AU,float,12,Weighted-mean OD,D,WM tract OD,Weighted-mean OD (orientation dispersion index) in tract left anterior thalamic radiation (from dMRI data),20859,20841,20847,10495,-,-,31354,31330,31339,2.65E-01,2.20E-02
2028,25680,IDP_dMRI_ProbtrackX_OD_atr_r,,AU,float,12,Weighted-mean OD,D,WM tract OD,Weighted-mean OD (orientation dispersion index) in tract right anterior thalamic radiation (from dMRI data),20859,20841,20847,10495,-,-,31354,31330,31339,2.53E-01,2.09E-02
2029,25681,IDP_dMRI_ProbtrackX_OD_cgc_l,,AU,float,12,Weighted-mean OD,D,WM tract OD,Weighted-mean OD (orientation dispersion index) in tract left cingulate gyrus part of cingulum (from dMRI data),20859,20841,20847,10495,-,-,31354,31330,31339,1.10E-01,1.64E-02
2030,25682,IDP_dMRI_ProbtrackX_OD_cgc_r,,AU,float,12,Weighted-mean OD,D,WM tract OD,Weighted-mean OD (orientation dispersion index) in tract right cingulate gyrus part of cingulum (from dMRI data),20859,20841,20847,10495,-,-,31354,31330,31339,1.53E-01,1.82E-02
2031,25683,IDP_dMRI_ProbtrackX_OD_cgh_l,,AU,float,12,Weighted-mean OD,D,WM tract OD,Weighted-mean OD (orientation dispersion index) in tract left parahippocampal part of cingulum (from dMRI data),20859,20841,20847,10495,-,-,31354,31330,31339,1.22E-01,1.73E-02
2032,25684,IDP_dMRI_ProbtrackX_OD_cgh_r,,AU,float,12,Weighted-mean OD,D,WM tract OD,Weighted-mean OD (orientation dispersion index) in tract right parahippocampal part of cingulum (from dMRI data),20859,20841,20847,10495,-,-,31354,31330,31339,1.12E-01,1.64E-02
2033,25685,IDP_dMRI_ProbtrackX_OD_cst_l,,AU,float,12,Weighted-mean OD,D,WM tract OD,Weighted-mean OD (orientation dispersion index) in tract left corticospinal tract (from dMRI data),20859,20841,20847,10495,-,-,31354,31330,31339,2.52E-01,2.14E-02
2034,25686,IDP_dMRI_ProbtrackX_OD_cst_r,,AU,float,12,Weighted-mean OD,D,WM tract OD,Weighted-mean OD (orientation dispersion index) in tract right corticospinal tract (from dMRI data),20859,20841,20847,10495,-,-,31354,31330,31339,2.25E-01,2.02E-02
2035,25687,IDP_dMRI_ProbtrackX_OD_fma,,AU,float,12,Weighted-mean OD,D,WM tract OD,Weighted-mean OD (orientation dispersion index) in tract forceps major (from dMRI data),20859,20841,20847,10495,-,-,31354,31330,31339,1.66E-01,1.91E-02
2036,25688,IDP_dMRI_ProbtrackX_OD_fmi,,AU,float,12,Weighted-mean OD,D,WM tract OD,Weighted-mean OD (orientation dispersion index) in tract forceps minor (from dMRI data),20859,20841,20847,10495,-,-,31354,31330,31339,2.76E-01,2.21E-02
2037,25689,IDP_dMRI_ProbtrackX_OD_ifo_l,,AU,float,12,Weighted-mean OD,D,WM tract OD,Weighted-mean OD (orientation dispersion index) in tract left inferior fronto-occipital fasciculus (from dMRI data),20859,20841,20847,10495,-,-,31354,31330,31339,1.70E-01,2.02E-02
2038,25690,IDP_dMRI_ProbtrackX_OD_ifo_r,,AU,float,12,Weighted-mean OD,D,WM tract OD,Weighted-mean OD (orientation dispersion index) in tract right inferior fronto-occipital fasciculus (from dMRI data),20859,20841,20847,10495,-,-,31354,31330,31339,1.97E-01,2.03E-02
2039,25691,IDP_dMRI_ProbtrackX_OD_ilf_l,,AU,float,12,Weighted-mean OD,D,WM tract OD,Weighted-mean OD (orientation dispersion index) in tract left inferior longitudinal fasciculus (from dMRI data),20859,20841,20847,10495,-,-,31354,31330,31339,1.69E-01,1.87E-02
2040,25692,IDP_dMRI_ProbtrackX_OD_ilf_r,,AU,float,12,Weighted-mean OD,D,WM tract OD,Weighted-mean OD (orientation dispersion index) in tract right inferior longitudinal fasciculus (from dMRI data),20859,20841,20847,10495,-,-,31354,31330,31339,2.08E-01,2.14E-02
2041,25693,IDP_dMRI_ProbtrackX_OD_mcp,,AU,float,12,Weighted-mean OD,D,WM tract OD,Weighted-mean OD (orientation dispersion index) in tract middle cerebellar peduncle (from dMRI data),20859,20841,20847,10495,-,-,31354,31330,31339,1.15E-01,1.71E-02
2042,25694,IDP_dMRI_ProbtrackX_OD_ml_l,,AU,float,12,Weighted-mean OD,D,WM tract OD,Weighted-mean OD (orientation dispersion index) in tract left medial lemniscus (from dMRI data),20859,20841,20847,10495,-,-,31354,31330,31339,2.28E-01,2.73E-02
2043,25695,IDP_dMRI_ProbtrackX_OD_ml_r,,AU,float,12,Weighted-mean OD,D,WM tract OD,Weighted-mean OD (orientation dispersion index) in tract right medial lemniscus (from dMRI data),20859,20841,20847,10495,-,-,31354,31330,31339,2.38E-01,2.30E-02
2044,25696,IDP_dMRI_ProbtrackX_OD_ptr_l,,AU,float,12,Weighted-mean OD,D,WM tract OD,Weighted-mean OD (orientation dispersion index) in tract left posterior thalamic radiation (from dMRI data),20859,20841,20847,10495,-,-,31354,31330,31339,1.41E-01,1.83E-02
2045,25697,IDP_dMRI_ProbtrackX_OD_ptr_r,,AU,float,12,Weighted-mean OD,D,WM tract OD,Weighted-mean OD (orientation dispersion index) in tract right posterior thalamic radiation (from dMRI data),20859,20841,20847,10495,-,-,31354,31330,31339,1.34E-01,1.82E-02
2046,25698,IDP_dMRI_ProbtrackX_OD_slf_l,,AU,float,12,Weighted-mean OD,D,WM tract OD,Weighted-mean OD (orientation dispersion index) in tract left superior longitudinal fasciculus (from dMRI data),20859,20841,20847,10495,-,-,31354,31330,31339,2.88E-01,2.52E-02
2047,25699,IDP_dMRI_ProbtrackX_OD_slf_r,,AU,float,12,Weighted-mean OD,D,WM tract OD,Weighted-mean OD (orientation dispersion index) in tract right superior longitudinal fasciculus (from dMRI data),20859,20841,20847,10495,-,-,31354,31330,31339,3.23E-01,2.54E-02
2048,25700,IDP_dMRI_ProbtrackX_OD_str_l,,AU,float,12,Weighted-mean OD,D,WM tract OD,Weighted-mean OD (orientation dispersion index) in tract left superior thalamic radiation (from dMRI data),20859,20841,20847,10495,-,-,31354,31330,31339,2.65E-01,2.21E-02
2049,25701,IDP_dMRI_ProbtrackX_OD_str_r,,AU,float,12,Weighted-mean OD,D,WM tract OD,Weighted-mean OD (orientation dispersion index) in tract right superior thalamic radiation (from dMRI data),20859,20841,20847,10495,-,-,31354,31330,31339,2.77E-01,2.35E-02
2050,25702,IDP_dMRI_ProbtrackX_OD_unc_l,,AU,float,12,Weighted-mean OD,D,WM tract OD,Weighted-mean OD (orientation dispersion index) in tract left uncinate fasciculus (from dMRI data),20859,20841,20847,10495,-,-,31354,31330,31339,1.65E-01,1.87E-02
2051,25703,IDP_dMRI_ProbtrackX_OD_unc_r,,AU,float,12,Weighted-mean OD,D,WM tract OD,Weighted-mean OD (orientation dispersion index) in tract right uncinate fasciculus (from dMRI data),20859,20841,20847,10495,-,-,31354,31330,31339,1.79E-01,1.94E-02
2100,25704,IDP_dMRI_ProbtrackX_ISOVF_ar_l,,AU,float,13,Weighted-mean ISOVF,D,WM tract ISOVF,Weighted-mean ISOVF (isotropic or free water volume fraction) in tract left acoustic radiation (from dMRI data),20859,20841,20847,10495,-,-,31354,31330,31339,1.26E-01,1.78E-02
2101,25705,IDP_dMRI_ProbtrackX_ISOVF_ar_r,,AU,float,13,Weighted-mean ISOVF,D,WM tract ISOVF,Weighted-mean ISOVF (isotropic or free water volume fraction) in tract right acoustic radiation (from dMRI data),20859,20841,20847,10495,-,-,31354,31330,31339,1.44E-01,1.84E-02
2102,25706,IDP_dMRI_ProbtrackX_ISOVF_atr_l,,AU,float,13,Weighted-mean ISOVF,D,WM tract ISOVF,Weighted-mean ISOVF (isotropic or free water volume fraction) in tract left anterior thalamic radiation (from dMRI data),20859,20841,20847,10495,-,-,31354,31330,31339,1.64E-01,2.00E-02
2103,25707,IDP_dMRI_ProbtrackX_ISOVF_atr_r,,AU,float,13,Weighted-mean ISOVF,D,WM tract ISOVF,Weighted-mean ISOVF (isotropic or free water volume fraction) in tract right anterior thalamic radiation (from dMRI data),20859,20841,20847,10495,-,-,31354,31330,31339,1.79E-01,1.82E-02
2104,25708,IDP_dMRI_ProbtrackX_ISOVF_cgc_l,,AU,float,13,Weighted-mean ISOVF,D,WM tract ISOVF,Weighted-mean ISOVF (isotropic or free water volume fraction) in tract left cingulate gyrus part of cingulum (from dMRI data),20859,20841,20847,10495,-,-,31354,31330,31339,1.80E-01,2.42E-02
2105,25709,IDP_dMRI_ProbtrackX_ISOVF_cgc_r,,AU,float,13,Weighted-mean ISOVF,D,WM tract ISOVF,Weighted-mean ISOVF (isotropic or free water volume fraction) in tract right cingulate gyrus part of cingulum (from dMRI data),20859,20841,20847,10495,-,-,31354,31330,31339,1.84E-01,1.85E-02
2106,25710,IDP_dMRI_ProbtrackX_ISOVF_cgh_l,,AU,float,13,Weighted-mean ISOVF,D,WM tract ISOVF,Weighted-mean ISOVF (isotropic or free water volume fraction) in tract left parahippocampal part of cingulum (from dMRI data),20859,20841,20847,10495,-,-,31354,31330,31339,9.46E-02,1.74E-02
2107,25711,IDP_dMRI_ProbtrackX_ISOVF_cgh_r,,AU,float,13,Weighted-mean ISOVF,D,WM tract ISOVF,Weighted-mean ISOVF (isotropic or free water volume fraction) in tract right parahippocampal part of cingulum (from dMRI data),20859,20841,20847,10495,-,-,31354,31330,31339,1.31E-01,1.61E-02
2108,25712,IDP_dMRI_ProbtrackX_ISOVF_cst_l,,AU,float,13,Weighted-mean ISOVF,D,WM tract ISOVF,Weighted-mean ISOVF (isotropic or free water volume fraction) in tract left corticospinal tract (from dMRI data),20859,20841,20847,10495,-,-,31354,31330,31339,1.05E-01,1.85E-02
2109,25713,IDP_dMRI_ProbtrackX_ISOVF_cst_r,,AU,float,13,Weighted-mean ISOVF,D,WM tract ISOVF,Weighted-mean ISOVF (isotropic or free water volume fraction) in tract right corticospinal tract (from dMRI data),20859,20841,20847,10495,-,-,31354,31330,31339,1.26E-01,1.79E-02
2110,25714,IDP_dMRI_ProbtrackX_ISOVF_fma,,AU,float,13,Weighted-mean ISOVF,D,WM tract ISOVF,Weighted-mean ISOVF (isotropic or free water volume fraction) in tract forceps major (from dMRI data),20859,20841,20847,10495,-,-,31354,31330,31339,2.12E-01,2.08E-02
2111,25715,IDP_dMRI_ProbtrackX_ISOVF_fmi,,AU,float,13,Weighted-mean ISOVF,D,WM tract ISOVF,Weighted-mean ISOVF (isotropic or free water volume fraction) in tract forceps minor (from dMRI data),20859,20841,20847,10495,-,-,31354,31330,31339,1.85E-01,2.01E-02
2112,25716,IDP_dMRI_ProbtrackX_ISOVF_ifo_l,,AU,float,13,Weighted-mean ISOVF,D,WM tract ISOVF,Weighted-mean ISOVF (isotropic or free water volume fraction) in tract left inferior fronto-occipital fasciculus (from dMRI data),20859,20841,20847,10495,10489,10492,31354,31330,31339,2.22E-01,2.70E-02
2113,25717,IDP_dMRI_ProbtrackX_ISOVF_ifo_r,,AU,float,13,Weighted-mean ISOVF,D,WM tract ISOVF,Weighted-mean ISOVF (isotropic or free water volume fraction) in tract right inferior fronto-occipital fasciculus (from dMRI data),20859,20841,20847,10495,10489,10492,31354,31330,31339,2.27E-01,2.69E-02
2114,25718,IDP_dMRI_ProbtrackX_ISOVF_ilf_l,,AU,float,13,Weighted-mean ISOVF,D,WM tract ISOVF,Weighted-mean ISOVF (isotropic or free water volume fraction) in tract left inferior longitudinal fasciculus (from dMRI data),20859,20841,20847,10495,10489,10492,31354,31330,31339,2.18E-01,2.59E-02
2115,25719,IDP_dMRI_ProbtrackX_ISOVF_ilf_r,,AU,float,13,Weighted-mean ISOVF,D,WM tract ISOVF,Weighted-mean ISOVF (isotropic or free water volume fraction) in tract right inferior longitudinal fasciculus (from dMRI data),20859,20841,20847,10495,10489,10492,31354,31330,31339,2.46E-01,2.75E-02
2116,25720,IDP_dMRI_ProbtrackX_ISOVF_mcp,,AU,float,13,Weighted-mean ISOVF,D,WM tract ISOVF,Weighted-mean ISOVF (isotropic or free water volume fraction) in tract middle cerebellar peduncle (from dMRI data),20859,20841,20847,10495,-,-,31354,31330,31339,1.09E-01,1.81E-02
2117,25721,IDP_dMRI_ProbtrackX_ISOVF_ml_l,,AU,float,13,Weighted-mean ISOVF,D,WM tract ISOVF,Weighted-mean ISOVF (isotropic or free water volume fraction) in tract left medial lemniscus (from dMRI data),20859,20841,20847,10495,-,-,31354,31330,31339,6.92E-02,1.54E-02
2118,25722,IDP_dMRI_ProbtrackX_ISOVF_ml_r,,AU,float,13,Weighted-mean ISOVF,D,WM tract ISOVF,Weighted-mean ISOVF (isotropic or free water volume fraction) in tract right medial lemniscus (from dMRI data),20859,20841,20847,10495,-,-,31354,31330,31339,8.08E-02,1.59E-02
2119,25723,IDP_dMRI_ProbtrackX_ISOVF_ptr_l,,AU,float,13,Weighted-mean ISOVF,D,WM tract ISOVF,Weighted-mean ISOVF (isotropic or free water volume fraction) in tract left posterior thalamic radiation (from dMRI data),20859,20841,20847,10495,-,-,31354,31330,31339,1.39E-01,1.93E-02
2120,25724,IDP_dMRI_ProbtrackX_ISOVF_ptr_r,,AU,float,13,Weighted-mean ISOVF,D,WM tract ISOVF,Weighted-mean ISOVF (isotropic or free water volume fraction) in tract right posterior thalamic radiation (from dMRI data),20859,20841,20847,10495,10489,10492,31354,31330,31339,1.38E-01,1.93E-02
2121,25725,IDP_dMRI_ProbtrackX_ISOVF_slf_l,,AU,float,13,Weighted-mean ISOVF,D,WM tract ISOVF,Weighted-mean ISOVF (isotropic or free water volume fraction) in tract left superior longitudinal fasciculus (from dMRI data),20859,20841,20847,10495,-,-,31354,31330,31339,2.77E-01,2.76E-02
2122,25726,IDP_dMRI_ProbtrackX_ISOVF_slf_r,,AU,float,13,Weighted-mean ISOVF,D,WM tract ISOVF,Weighted-mean ISOVF (isotropic or free water volume fraction) in tract right superior longitudinal fasciculus (from dMRI data),20859,20841,20847,10495,-,-,31354,31330,31339,2.63E-01,2.62E-02
2123,25727,IDP_dMRI_ProbtrackX_ISOVF_str_l,,AU,float,13,Weighted-mean ISOVF,D,WM tract ISOVF,Weighted-mean ISOVF (isotropic or free water volume fraction) in tract left superior thalamic radiation (from dMRI data),20859,20841,20847,10495,-,-,31354,31330,31339,2.16E-01,2.24E-02
2124,25728,IDP_dMRI_ProbtrackX_ISOVF_str_r,,AU,float,13,Weighted-mean ISOVF,D,WM tract ISOVF,Weighted-mean ISOVF (isotropic or free water volume fraction) in tract right superior thalamic radiation (from dMRI data),20859,20841,20847,10495,-,-,31354,31330,31339,2.07E-01,2.05E-02
2125,25729,IDP_dMRI_ProbtrackX_ISOVF_unc_l,,AU,float,13,Weighted-mean ISOVF,D,WM tract ISOVF,Weighted-mean ISOVF (isotropic or free water volume fraction) in tract left uncinate fasciculus (from dMRI data),20859,20841,20847,10495,-,-,31354,31330,31339,1.79E-01,2.25E-02
2126,25730,IDP_dMRI_ProbtrackX_ISOVF_unc_r,,AU,float,13,Weighted-mean ISOVF,D,WM tract ISOVF,Weighted-mean ISOVF (isotropic or free water volume fraction) in tract right uncinate fasciculus (from dMRI data),20859,20841,20847,10495,-,-,31354,31330,31339,1.77E-01,1.97E-02
3920,25731,QC_T1-to-standard_linear_alignment_discrepancy,,AU,float,0,,,QC,Discrepancy between the T1 brain image (linearly-aligned to standard space) and the standard-space brain template,22138,22117,22126,11086,-,-,33224,33197,33209,1.92E-01,1.80E-02
3921,25732,QC_T1-to-standard_nonlinear_alignment_discrepancy,,AU,float,0,,,QC,Discrepancy between the T1 brain image (nonlinearly-aligned to standard space) and the standard-space brain template,22138,22117,22126,11086,-,-,33224,33197,33209,2.52E-01,2.23E-02
3922,25733,QC_T1-to-standard_nonlinear_alignment_warping,,AU,float,0,,,QC,Amount of warping (averaged distortion) applied to nonlinearly align the T1 brain image to standard-space,22138,22117,22126,11086,-,-,33224,33197,33209,1.46E-01,1.80E-02
3923,25734,QC_T1_inverse_SNR,,ratio,float,0,,,QC,Inverted signal-to-noise ratio in the T1 - background spatial standard deviation divided by mean brain intensity,22138,22117,22126,11086,-,-,33224,33197,33209,1.01E-01,1.58E-02
3924,25735,QC_T1_inverse_CNR,,ratio,float,0,,,QC,Inverted contrast-to-noise ratio in the T1 - background spatial standard deviation divided by contrast between white and grey matter mean intensities,22138,22117,22126,11086,-,-,33224,33197,33209,1.35E-01,1.65E-02
3925,25736,QC_T2_FLAIR-to-T1_linear_alignment_discrepancy,,AU,float,0,,,QC,Discrepancy between the T2 FLAIR brain image (linearly-aligned to the T1) and the T1 brain image,21386,21365,21374,10733,-,-,32119,32092,32104,2.43E-01,2.77E-02
3926,25737,QC_dMRI-to-T1_linear_alignment_discrepancy,,AU,float,0,,,QC,Discrepancy between the (EPI-unwarped b=0) dMRI brain image (linearly-aligned to the T1) and the T1 brain image,21163,21145,21151,10640,-,-,31803,31779,31788,2.15E-01,1.92E-02
3927,25738,QC_SWI-to-T1_linear_alignment_discrepancy,,AU,float,0,,,QC,Discrepancy between the (magnitude) SWI brain image (linearly-aligned to the T1) and the T1 brain image,19545,19527,19534,9801,-,-,29346,29322,29332,1.92E-01,2.07E-02
3928,25739,QC_rfMRI-to-T1_linear_alignment_discrepancy,,AU,float,0,,,QC,Discrepancy between the (EPI-unwarped SBref) rfMRI brain image (linearly-aligned to the T1) and the T1 brain image,21091,21073,21079,10610,-,-,31701,31677,31686,2.27E-01,2.11E-02
3929,25740,QC_tfMRI-to-T1_linear_alignment_discrepancy,,AU,float,0,,,QC,Discrepancy between the (EPI-unwarped SBref) tfMRI brain image (linearly-aligned to the T1) and the T1 brain image,18420,18409,18414,9252,-,-,27672,27657,27663,2.40E-01,2.18E-02
3930,25741,QC_rfMRI_head_motion,,mm,float,0,,,QC,"Mean rfMRI head motion, averaged across space and time points",21091,21073,21079,10610,-,-,31701,31677,31686,6.20E-03,1.32E-02
3931,25742,QC_tfMRI_head_motion,,mm,float,0,,,QC,"Mean tfMRI head motion, averaged across space and time points",18420,18409,18414,9252,-,-,27672,27657,27663,-1.14E-02,1.57E-02
3932,25743,QC_rfMRI_inverse_tSNR,,ratio,float,0,,,QC,Inverted temporal signal-to-noise ratio in the pre-processed rfMRI. Reciprocal of median (across brain voxels) of voxelwise mean intensity divided by voxelwise time-series standard deviation,21091,21073,21079,10610,-,-,31701,31677,31686,1.53E-01,2.08E-02
3933,25744,QC_rfMRI_cleaned_inverse_tSNR,,ratio,float,0,,,QC,Inverted temporal signal-to-noise ratio in the artefact-cleaned pre-processed rfMRI. Reciprocal of median (across brain voxels) of voxelwise mean intensity divided by voxelwise time-series standard deviation,21090,21072,21078,10609,-,-,31699,31675,31684,2.18E-01,2.32E-02
3934,25745,QC_tfMRI_inverse_tSNR,,ratio,float,0,,,QC,Inverted temporal signal-to-noise ratio in the pre-processed tfMRI. Reciprocal of median (across brain voxels) of voxelwise mean intensity divided by voxelwise time-series standard deviation,18420,18409,18414,9252,-,-,27672,27657,27663,5.18E-02,1.63E-02
3935,25746,QC_dMRI_eddy_outlier_slices,,count,int,0,,,QC,Number of dMRI outlier slices (across all slices in all volumes) detected and corrected,20866,20848,20854,10496,10490,10493,31362,31338,31347,4.00E-04,1.51E-02
2219,25752,rfMRI connectivity (ICA25 edge 1),,,,16,rfMRI,F,rfMRI connectivity,,21081,21063,21069,10607,-,-,31688,31664,31673,6.24E-02,1.43E-02
2220,25752,rfMRI connectivity (ICA25 edge 2),,,,16,rfMRI,F,rfMRI connectivity,,21081,21063,21069,10607,-,-,31688,31664,31673,5.65E-02,1.55E-02
2221,25752,rfMRI connectivity (ICA25 edge 3),,,,16,rfMRI,F,rfMRI connectivity,,21081,21063,21069,10607,-,-,31688,31664,31673,6.02E-02,1.53E-02
2222,25752,rfMRI connectivity (ICA25 edge 4),,,,16,rfMRI,F,rfMRI connectivity,,21081,21063,21069,10607,-,-,31688,31664,31673,2.59E-02,1.50E-02
2223,25752,rfMRI connectivity (ICA25 edge 5),,,,16,rfMRI,F,rfMRI connectivity,,21081,21063,21069,10607,-,-,31688,31664,31673,4.99E-02,1.43E-02
2224,25752,rfMRI connectivity (ICA25 edge 6),,,,16,rfMRI,F,rfMRI connectivity,,21081,21063,21069,10607,-,-,31688,31664,31673,2.05E-02,1.33E-02
2225,25752,rfMRI connectivity (ICA25 edge 7),,,,16,rfMRI,F,rfMRI connectivity,,21081,21063,21069,10607,-,-,31688,31664,31673,9.36E-02,1.41E-02
2226,25752,rfMRI connectivity (ICA25 edge 8),,,,16,rfMRI,F,rfMRI connectivity,,21081,21063,21069,10607,-,-,31688,31664,31673,3.71E-02,1.35E-02
2227,25752,rfMRI connectivity (ICA25 edge 9),,,,16,rfMRI,F,rfMRI connectivity,,21081,21063,21069,10607,-,-,31688,31664,31673,5.07E-02,1.84E-02
2228,25752,rfMRI connectivity (ICA25 edge 10),,,,16,rfMRI,F,rfMRI connectivity,,21081,21063,21069,10607,-,-,31688,31664,31673,1.40E-02,1.37E-02
2229,25752,rfMRI connectivity (ICA25 edge 11),,,,16,rfMRI,F,rfMRI connectivity,,21081,21063,21069,10607,-,-,31688,31664,31673,6.83E-02,1.54E-02
2230,25752,rfMRI connectivity (ICA25 edge 12),,,,16,rfMRI,F,rfMRI connectivity,,21081,21063,21069,10607,-,-,31688,31664,31673,3.61E-02,1.37E-02
2231,25752,rfMRI connectivity (ICA25 edge 13),,,,16,rfMRI,F,rfMRI connectivity,,21081,21063,21069,10607,-,-,31688,31664,31673,7.45E-02,1.49E-02
2232,25752,rfMRI connectivity (ICA25 edge 14),,,,16,rfMRI,F,rfMRI connectivity,,21081,21063,21069,10607,-,-,31688,31664,31673,2.18E-02,1.29E-02
2233,25752,rfMRI connectivity (ICA25 edge 15),,,,16,rfMRI,F,rfMRI connectivity,,21081,21063,21069,10607,-,-,31688,31664,31673,8.37E-02,1.52E-02
2234,25752,rfMRI connectivity (ICA25 edge 16),,,,16,rfMRI,F,rfMRI connectivity,,21081,21063,21069,10607,-,-,31688,31664,31673,6.91E-02,1.56E-02
2235,25752,rfMRI connectivity (ICA25 edge 17),,,,16,rfMRI,F,rfMRI connectivity,,21081,21063,21069,10607,-,-,31688,31664,31673,4.00E-02,1.52E-02
2236,25752,rfMRI connectivity (ICA25 edge 18),,,,16,rfMRI,F,rfMRI connectivity,,21081,21063,21069,10607,-,-,31688,31664,31673,7.06E-02,1.58E-02
2237,25752,rfMRI connectivity (ICA25 edge 19),,,,16,rfMRI,F,rfMRI connectivity,,21081,21063,21069,10607,-,-,31688,31664,31673,1.27E-02,1.43E-02
2238,25752,rfMRI connectivity (ICA25 edge 20),,,,16,rfMRI,F,rfMRI connectivity,,21081,21063,21069,10607,-,-,31688,31664,31673,3.65E-02,1.38E-02
2239,25752,rfMRI connectivity (ICA25 edge 21),,,,16,rfMRI,F,rfMRI connectivity,,21081,21063,21069,10607,10601,10604,31688,31664,31673,3.36E-02,1.36E-02
2240,25752,rfMRI connectivity (ICA25 edge 22),,,,16,rfMRI,F,rfMRI connectivity,,21081,21063,21069,10607,-,-,31688,31664,31673,3.12E-02,1.30E-02
2241,25752,rfMRI connectivity (ICA25 edge 23),,,,16,rfMRI,F,rfMRI connectivity,,21081,21063,21069,10607,-,-,31688,31664,31673,4.40E-02,1.49E-02
2242,25752,rfMRI connectivity (ICA25 edge 24),,,,16,rfMRI,F,rfMRI connectivity,,21081,21063,21069,10607,-,-,31688,31664,31673,7.67E-02,1.83E-02
2243,25752,rfMRI connectivity (ICA25 edge 25),,,,16,rfMRI,F,rfMRI connectivity,,21081,21063,21069,10607,-,-,31688,31664,31673,1.53E-02,1.43E-02
2244,25752,rfMRI connectivity (ICA25 edge 26),,,,16,rfMRI,F,rfMRI connectivity,,21081,21063,21069,10607,-,-,31688,31664,31673,5.21E-02,1.53E-02
2245,25752,rfMRI connectivity (ICA25 edge 27),,,,16,rfMRI,F,rfMRI connectivity,,21081,21063,21069,10607,-,-,31688,31664,31673,2.69E-02,1.47E-02
2246,25752,rfMRI connectivity (ICA25 edge 28),,,,16,rfMRI,F,rfMRI connectivity,,21081,21063,21069,10607,-,-,31688,31664,31673,5.19E-02,1.38E-02
2247,25752,rfMRI connectivity (ICA25 edge 29),,,,16,rfMRI,F,rfMRI connectivity,,21081,21063,21069,10607,-,-,31688,31664,31673,8.05E-02,1.50E-02
2248,25752,rfMRI connectivity (ICA25 edge 30),,,,16,rfMRI,F,rfMRI connectivity,,21081,21063,21069,10607,-,-,31688,31664,31673,3.16E-02,1.67E-02
2249,25752,rfMRI connectivity (ICA25 edge 31),,,,16,rfMRI,F,rfMRI connectivity,,21081,21063,21069,10607,-,-,31688,31664,31673,9.14E-02,1.79E-02
2250,25752,rfMRI connectivity (ICA25 edge 32),,,,16,rfMRI,F,rfMRI connectivity,,21081,21063,21069,10607,-,-,31688,31664,31673,3.78E-02,1.32E-02
2251,25752,rfMRI connectivity (ICA25 edge 33),,,,16,rfMRI,F,rfMRI connectivity,,21081,21063,21069,10607,-,-,31688,31664,31673,7.33E-02,1.53E-02
2252,25752,rfMRI connectivity (ICA25 edge 34),,,,16,rfMRI,F,rfMRI connectivity,,21081,21063,21069,10607,-,-,31688,31664,31673,7.69E-02,1.58E-02
2253,25752,rfMRI connectivity (ICA25 edge 35),,,,16,rfMRI,F,rfMRI connectivity,,21081,21063,21069,10607,-,-,31688,31664,31673,6.22E-02,1.56E-02
2254,25752,rfMRI connectivity (ICA25 edge 36),,,,16,rfMRI,F,rfMRI connectivity,,21081,21063,21069,10607,-,-,31688,31664,31673,3.43E-02,1.42E-02
2255,25752,rfMRI connectivity (ICA25 edge 37),,,,16,rfMRI,F,rfMRI connectivity,,21081,21063,21069,10607,-,-,31688,31664,31673,5.05E-02,1.49E-02
2256,25752,rfMRI connectivity (ICA25 edge 38),,,,16,rfMRI,F,rfMRI connectivity,,21081,21063,21069,10607,-,-,31688,31664,31673,4.92E-02,1.48E-02
2257,25752,rfMRI connectivity (ICA25 edge 39),,,,16,rfMRI,F,rfMRI connectivity,,21081,21063,21069,10607,-,-,31688,31664,31673,6.40E-03,1.35E-02
2258,25752,rfMRI connectivity (ICA25 edge 40),,,,16,rfMRI,F,rfMRI connectivity,,21081,21063,21069,10607,-,-,31688,31664,31673,2.37E-02,1.31E-02
2259,25752,rfMRI connectivity (ICA25 edge 41),,,,16,rfMRI,F,rfMRI connectivity,,21081,21063,21069,10607,-,-,31688,31664,31673,3.46E-02,1.53E-02
2260,25752,rfMRI connectivity (ICA25 edge 42),,,,16,rfMRI,F,rfMRI connectivity,,21081,21063,21069,10607,-,-,31688,31664,31673,3.01E-02,1.39E-02
2261,25752,rfMRI connectivity (ICA25 edge 43),,,,16,rfMRI,F,rfMRI connectivity,,21081,21063,21069,10607,-,-,31688,31664,31673,3.96E-02,1.43E-02
2262,25752,rfMRI connectivity (ICA25 edge 44),,,,16,rfMRI,F,rfMRI connectivity,,21081,21063,21069,10607,-,-,31688,31664,31673,2.30E-02,1.35E-02
2263,25752,rfMRI connectivity (ICA25 edge 45),,,,16,rfMRI,F,rfMRI connectivity,,21081,21063,21069,10607,-,-,31688,31664,31673,2.91E-02,1.48E-02
2264,25752,rfMRI connectivity (ICA25 edge 46),,,,16,rfMRI,F,rfMRI connectivity,,21081,21063,21069,10607,-,-,31688,31664,31673,1.15E-02,1.38E-02
2265,25752,rfMRI connectivity (ICA25 edge 47),,,,16,rfMRI,F,rfMRI connectivity,,21081,21063,21069,10607,-,-,31688,31664,31673,1.87E-02,1.20E-02
2266,25752,rfMRI connectivity (ICA25 edge 48),,,,16,rfMRI,F,rfMRI connectivity,,21081,21063,21069,10607,-,-,31688,31664,31673,5.16E-02,1.42E-02
2267,25752,rfMRI connectivity (ICA25 edge 49),,,,16,rfMRI,F,rfMRI connectivity,,21081,21063,21069,10607,-,-,31688,31664,31673,2.51E-02,1.24E-02
2268,25752,rfMRI connectivity (ICA25 edge 50),,,,16,rfMRI,F,rfMRI connectivity,,21081,21063,21069,10607,-,-,31688,31664,31673,1.13E-02,1.41E-02
2269,25752,rfMRI connectivity (ICA25 edge 51),,,,16,rfMRI,F,rfMRI connectivity,,21081,21063,21069,10607,-,-,31688,31664,31673,1.89E-02,1.53E-02
2270,25752,rfMRI connectivity (ICA25 edge 52),,,,16,rfMRI,F,rfMRI connectivity,,21081,21063,21069,10607,-,-,31688,31664,31673,5.50E-03,1.42E-02
2271,25752,rfMRI connectivity (ICA25 edge 53),,,,16,rfMRI,F,rfMRI connectivity,,21081,21063,21069,10607,-,-,31688,31664,31673,4.35E-02,1.46E-02
2272,25752,rfMRI connectivity (ICA25 edge 54),,,,16,rfMRI,F,rfMRI connectivity,,21081,21063,21069,10607,-,-,31688,31664,31673,7.80E-03,1.37E-02
2273,25752,rfMRI connectivity (ICA25 edge 55),,,,16,rfMRI,F,rfMRI connectivity,,21081,21063,21069,10607,-,-,31688,31664,31673,6.36E-02,1.51E-02
2274,25752,rfMRI connectivity (ICA25 edge 56),,,,16,rfMRI,F,rfMRI connectivity,,21081,21063,21069,10607,-,-,31688,31664,31673,1.69E-02,1.46E-02
2275,25752,rfMRI connectivity (ICA25 edge 57),,,,16,rfMRI,F,rfMRI connectivity,,21081,21063,21069,10607,-,-,31688,31664,31673,5.84E-02,1.53E-02
2276,25752,rfMRI connectivity (ICA25 edge 58),,,,16,rfMRI,F,rfMRI connectivity,,21081,21063,21069,10607,-,-,31688,31664,31673,5.47E-02,1.45E-02
2277,25752,rfMRI connectivity (ICA25 edge 59),,,,16,rfMRI,F,rfMRI connectivity,,21081,21063,21069,10607,-,-,31688,31664,31673,5.89E-02,1.34E-02
2278,25752,rfMRI connectivity (ICA25 edge 60),,,,16,rfMRI,F,rfMRI connectivity,,21081,21063,21069,10607,-,-,31688,31664,31673,6.07E-02,1.48E-02
2279,25752,rfMRI connectivity (ICA25 edge 61),,,,16,rfMRI,F,rfMRI connectivity,,21081,21063,21069,10607,-,-,31688,31664,31673,4.07E-02,1.39E-02
2280,25752,rfMRI connectivity (ICA25 edge 62),,,,16,rfMRI,F,rfMRI connectivity,,21081,21063,21069,10607,-,-,31688,31664,31673,-6.60E-03,1.16E-02
2281,25752,rfMRI connectivity (ICA25 edge 63),,,,16,rfMRI,F,rfMRI connectivity,,21081,21063,21069,10607,-,-,31688,31664,31673,3.36E-02,1.41E-02
2282,25752,rfMRI connectivity (ICA25 edge 64),,,,16,rfMRI,F,rfMRI connectivity,,21081,21063,21069,10607,-,-,31688,31664,31673,3.09E-02,1.45E-02
2283,25752,rfMRI connectivity (ICA25 edge 65),,,,16,rfMRI,F,rfMRI connectivity,,21081,21063,21069,10607,-,-,31688,31664,31673,4.91E-02,1.43E-02
2284,25752,rfMRI connectivity (ICA25 edge 66),,,,16,rfMRI,F,rfMRI connectivity,,21081,21063,21069,10607,-,-,31688,31664,31673,5.50E-02,1.51E-02
2285,25752,rfMRI connectivity (ICA25 edge 67),,,,16,rfMRI,F,rfMRI connectivity,,21081,21063,21069,10607,-,-,31688,31664,31673,7.78E-02,1.49E-02
2286,25752,rfMRI connectivity (ICA25 edge 68),,,,16,rfMRI,F,rfMRI connectivity,,21081,21063,21069,10607,-,-,31688,31664,31673,4.67E-02,1.31E-02
2287,25752,rfMRI connectivity (ICA25 edge 69),,,,16,rfMRI,F,rfMRI connectivity,,21081,21063,21069,10607,-,-,31688,31664,31673,6.62E-02,1.45E-02
2288,25752,rfMRI connectivity (ICA25 edge 70),,,,16,rfMRI,F,rfMRI connectivity,,21081,21063,21069,10607,-,-,31688,31664,31673,1.19E-02,1.30E-02
2289,25752,rfMRI connectivity (ICA25 edge 71),,,,16,rfMRI,F,rfMRI connectivity,,21081,21063,21069,10607,-,-,31688,31664,31673,8.17E-02,2.39E-02
2290,25752,rfMRI connectivity (ICA25 edge 72),,,,16,rfMRI,F,rfMRI connectivity,,21081,21063,21069,10607,-,-,31688,31664,31673,5.99E-02,1.46E-02
2291,25752,rfMRI connectivity (ICA25 edge 73),,,,16,rfMRI,F,rfMRI connectivity,,21081,21063,21069,10607,-,-,31688,31664,31673,2.98E-02,1.49E-02
2292,25752,rfMRI connectivity (ICA25 edge 74),,,,16,rfMRI,F,rfMRI connectivity,,21081,21063,21069,10607,-,-,31688,31664,31673,3.57E-02,1.31E-02
2293,25752,rfMRI connectivity (ICA25 edge 75),,,,16,rfMRI,F,rfMRI connectivity,,21081,21063,21069,10607,-,-,31688,31664,31673,6.95E-02,1.46E-02
2294,25752,rfMRI connectivity (ICA25 edge 76),,,,16,rfMRI,F,rfMRI connectivity,,21081,21063,21069,10607,-,-,31688,31664,31673,2.98E-02,1.52E-02
2295,25752,rfMRI connectivity (ICA25 edge 77),,,,16,rfMRI,F,rfMRI connectivity,,21081,21063,21069,10607,-,-,31688,31664,31673,2.13E-02,1.32E-02
2296,25752,rfMRI connectivity (ICA25 edge 78),,,,16,rfMRI,F,rfMRI connectivity,,21081,21063,21069,10607,-,-,31688,31664,31673,2.48E-02,1.58E-02
2297,25752,rfMRI connectivity (ICA25 edge 79),,,,16,rfMRI,F,rfMRI connectivity,,21081,21063,21069,10607,-,-,31688,31664,31673,1.09E-01,1.65E-02
2298,25752,rfMRI connectivity (ICA25 edge 80),,,,16,rfMRI,F,rfMRI connectivity,,21081,21063,21069,10607,-,-,31688,31664,31673,3.31E-02,1.40E-02
2299,25752,rfMRI connectivity (ICA25 edge 81),,,,16,rfMRI,F,rfMRI connectivity,,21081,21063,21069,10607,-,-,31688,31664,31673,9.63E-02,1.43E-02
2300,25752,rfMRI connectivity (ICA25 edge 82),,,,16,rfMRI,F,rfMRI connectivity,,21081,21063,21069,10607,-,-,31688,31664,31673,1.55E-02,1.35E-02
2301,25752,rfMRI connectivity (ICA25 edge 83),,,,16,rfMRI,F,rfMRI connectivity,,21081,21063,21069,10607,-,-,31688,31664,31673,3.29E-02,1.31E-02
2302,25752,rfMRI connectivity (ICA25 edge 84),,,,16,rfMRI,F,rfMRI connectivity,,21081,21063,21069,10607,-,-,31688,31664,31673,6.67E-02,1.42E-02
2303,25752,rfMRI connectivity (ICA25 edge 85),,,,16,rfMRI,F,rfMRI connectivity,,21081,21063,21069,10607,-,-,31688,31664,31673,6.02E-02,1.43E-02
2304,25752,rfMRI connectivity (ICA25 edge 86),,,,16,rfMRI,F,rfMRI connectivity,,21081,21063,21069,10607,-,-,31688,31664,31673,2.46E-02,1.19E-02
2305,25752,rfMRI connectivity (ICA25 edge 87),,,,16,rfMRI,F,rfMRI connectivity,,21081,21063,21069,10607,-,-,31688,31664,31673,6.66E-02,1.55E-02
2306,25752,rfMRI connectivity (ICA25 edge 88),,,,16,rfMRI,F,rfMRI connectivity,,21081,21063,21069,10607,-,-,31688,31664,31673,3.49E-02,1.33E-02
2307,25752,rfMRI connectivity (ICA25 edge 89),,,,16,rfMRI,F,rfMRI connectivity,,21081,21063,21069,10607,-,-,31688,31664,31673,4.27E-02,1.40E-02
2308,25752,rfMRI connectivity (ICA25 edge 90),,,,16,rfMRI,F,rfMRI connectivity,,21081,21063,21069,10607,10601,10604,31688,31664,31673,4.17E-02,1.38E-02
2309,25752,rfMRI connectivity (ICA25 edge 91),,,,16,rfMRI,F,rfMRI connectivity,,21081,21063,21069,10607,-,-,31688,31664,31673,5.00E-02,1.48E-02
2310,25752,rfMRI connectivity (ICA25 edge 92),,,,16,rfMRI,F,rfMRI connectivity,,21081,21063,21069,10607,-,-,31688,31664,31673,7.91E-02,1.46E-02
2311,25752,rfMRI connectivity (ICA25 edge 93),,,,16,rfMRI,F,rfMRI connectivity,,21081,21063,21069,10607,-,-,31688,31664,31673,4.28E-02,1.34E-02
2312,25752,rfMRI connectivity (ICA25 edge 94),,,,16,rfMRI,F,rfMRI connectivity,,21081,21063,21069,10607,-,-,31688,31664,31673,2.85E-02,1.44E-02
2313,25752,rfMRI connectivity (ICA25 edge 95),,,,16,rfMRI,F,rfMRI connectivity,,21081,21063,21069,10607,-,-,31688,31664,31673,1.39E-02,1.34E-02
2314,25752,rfMRI connectivity (ICA25 edge 96),,,,16,rfMRI,F,rfMRI connectivity,,21081,21063,21069,10607,-,-,31688,31664,31673,4.88E-02,1.33E-02
2315,25752,rfMRI connectivity (ICA25 edge 97),,,,16,rfMRI,F,rfMRI connectivity,,21081,21063,21069,10607,-,-,31688,31664,31673,3.93E-02,1.46E-02
2316,25752,rfMRI connectivity (ICA25 edge 98),,,,16,rfMRI,F,rfMRI connectivity,,21081,21063,21069,10607,-,-,31688,31664,31673,4.37E-02,1.41E-02
2317,25752,rfMRI connectivity (ICA25 edge 99),,,,16,rfMRI,F,rfMRI connectivity,,21081,21063,21069,10607,-,-,31688,31664,31673,9.60E-03,1.47E-02
2318,25752,rfMRI connectivity (ICA25 edge 100),,,,16,rfMRI,F,rfMRI connectivity,,21081,21063,21069,10607,-,-,31688,31664,31673,3.81E-02,1.54E-02
2319,25752,rfMRI connectivity (ICA25 edge 101),,,,16,rfMRI,F,rfMRI connectivity,,21081,21063,21069,10607,-,-,31688,31664,31673,4.75E-02,1.64E-02
2320,25752,rfMRI connectivity (ICA25 edge 102),,,,16,rfMRI,F,rfMRI connectivity,,21081,21063,21069,10607,-,-,31688,31664,31673,5.18E-02,1.45E-02
2321,25752,rfMRI connectivity (ICA25 edge 103),,,,16,rfMRI,F,rfMRI connectivity,,21081,21063,21069,10607,-,-,31688,31664,31673,7.62E-02,1.46E-02
2322,25752,rfMRI connectivity (ICA25 edge 104),,,,16,rfMRI,F,rfMRI connectivity,,21081,21063,21069,10607,-,-,31688,31664,31673,2.19E-02,1.50E-02
2323,25752,rfMRI connectivity (ICA25 edge 105),,,,16,rfMRI,F,rfMRI connectivity,,21081,21063,21069,10607,-,-,31688,31664,31673,3.99E-02,1.54E-02
2324,25752,rfMRI connectivity (ICA25 edge 106),,,,16,rfMRI,F,rfMRI connectivity,,21081,21063,21069,10607,-,-,31688,31664,31673,8.49E-02,1.53E-02
2325,25752,rfMRI connectivity (ICA25 edge 107),,,,16,rfMRI,F,rfMRI connectivity,,21081,21063,21069,10607,-,-,31688,31664,31673,1.39E-02,1.46E-02
2326,25752,rfMRI connectivity (ICA25 edge 108),,,,16,rfMRI,F,rfMRI connectivity,,21081,21063,21069,10607,-,-,31688,31664,31673,5.96E-02,1.55E-02
2327,25752,rfMRI connectivity (ICA25 edge 109),,,,16,rfMRI,F,rfMRI connectivity,,21081,21063,21069,10607,-,-,31688,31664,31673,3.49E-02,1.42E-02
2328,25752,rfMRI connectivity (ICA25 edge 110),,,,16,rfMRI,F,rfMRI connectivity,,21081,21063,21069,10607,-,-,31688,31664,31673,4.71E-02,1.41E-02
2329,25752,rfMRI connectivity (ICA25 edge 111),,,,16,rfMRI,F,rfMRI connectivity,,21081,21063,21069,10607,-,-,31688,31664,31673,7.70E-02,1.39E-02
2330,25752,rfMRI connectivity (ICA25 edge 112),,,,16,rfMRI,F,rfMRI connectivity,,21081,21063,21069,10607,-,-,31688,31664,31673,2.69E-02,1.39E-02
2331,25752,rfMRI connectivity (ICA25 edge 113),,,,16,rfMRI,F,rfMRI connectivity,,21081,21063,21069,10607,-,-,31688,31664,31673,2.44E-02,1.32E-02
2332,25752,rfMRI connectivity (ICA25 edge 114),,,,16,rfMRI,F,rfMRI connectivity,,21081,21063,21069,10607,-,-,31688,31664,31673,5.33E-02,1.49E-02
2333,25752,rfMRI connectivity (ICA25 edge 115),,,,16,rfMRI,F,rfMRI connectivity,,21081,21063,21069,10607,-,-,31688,31664,31673,2.15E-02,1.30E-02
2334,25752,rfMRI connectivity (ICA25 edge 116),,,,16,rfMRI,F,rfMRI connectivity,,21081,21063,21069,10607,-,-,31688,31664,31673,3.34E-02,1.40E-02
2335,25752,rfMRI connectivity (ICA25 edge 117),,,,16,rfMRI,F,rfMRI connectivity,,21081,21063,21069,10607,-,-,31688,31664,31673,1.89E-02,1.63E-02
2336,25752,rfMRI connectivity (ICA25 edge 118),,,,16,rfMRI,F,rfMRI connectivity,,21081,21063,21069,10607,-,-,31688,31664,31673,5.33E-02,1.51E-02
2337,25752,rfMRI connectivity (ICA25 edge 119),,,,16,rfMRI,F,rfMRI connectivity,,21081,21063,21069,10607,-,-,31688,31664,31673,8.86E-02,1.55E-02
2338,25752,rfMRI connectivity (ICA25 edge 120),,,,16,rfMRI,F,rfMRI connectivity,,21081,21063,21069,10607,-,-,31688,31664,31673,3.74E-02,1.42E-02
2339,25752,rfMRI connectivity (ICA25 edge 121),,,,16,rfMRI,F,rfMRI connectivity,,21081,21063,21069,10607,-,-,31688,31664,31673,4.39E-02,1.39E-02
2340,25752,rfMRI connectivity (ICA25 edge 122),,,,16,rfMRI,F,rfMRI connectivity,,21081,21063,21069,10607,-,-,31688,31664,31673,3.26E-02,1.44E-02
2341,25752,rfMRI connectivity (ICA25 edge 123),,,,16,rfMRI,F,rfMRI connectivity,,21081,21063,21069,10607,-,-,31688,31664,31673,5.70E-02,1.41E-02
2342,25752,rfMRI connectivity (ICA25 edge 124),,,,16,rfMRI,F,rfMRI connectivity,,21081,21063,21069,10607,-,-,31688,31664,31673,-4.10E-03,1.39E-02
2343,25752,rfMRI connectivity (ICA25 edge 125),,,,16,rfMRI,F,rfMRI connectivity,,21081,21063,21069,10607,-,-,31688,31664,31673,5.82E-02,1.42E-02
2344,25752,rfMRI connectivity (ICA25 edge 126),,,,16,rfMRI,F,rfMRI connectivity,,21081,21063,21069,10607,-,-,31688,31664,31673,7.76E-02,1.43E-02
2345,25752,rfMRI connectivity (ICA25 edge 127),,,,16,rfMRI,F,rfMRI connectivity,,21081,21063,21069,10607,-,-,31688,31664,31673,3.00E-03,1.33E-02
2346,25752,rfMRI connectivity (ICA25 edge 128),,,,16,rfMRI,F,rfMRI connectivity,,21081,21063,21069,10607,-,-,31688,31664,31673,3.46E-02,1.47E-02
2347,25752,rfMRI connectivity (ICA25 edge 129),,,,16,rfMRI,F,rfMRI connectivity,,21081,21063,21069,10607,-,-,31688,31664,31673,5.09E-02,1.47E-02
2348,25752,rfMRI connectivity (ICA25 edge 130),,,,16,rfMRI,F,rfMRI connectivity,,21081,21063,21069,10607,-,-,31688,31664,31673,4.16E-02,1.53E-02
2349,25752,rfMRI connectivity (ICA25 edge 131),,,,16,rfMRI,F,rfMRI connectivity,,21081,21063,21069,10607,-,-,31688,31664,31673,1.30E-03,1.28E-02
2350,25752,rfMRI connectivity (ICA25 edge 132),,,,16,rfMRI,F,rfMRI connectivity,,21081,21063,21069,10607,-,-,31688,31664,31673,2.69E-02,1.40E-02
2351,25752,rfMRI connectivity (ICA25 edge 133),,,,16,rfMRI,F,rfMRI connectivity,,21081,21063,21069,10607,-,-,31688,31664,31673,7.20E-02,1.46E-02
2352,25752,rfMRI connectivity (ICA25 edge 134),,,,16,rfMRI,F,rfMRI connectivity,,21081,21063,21069,10607,-,-,31688,31664,31673,3.72E-02,1.39E-02
2353,25752,rfMRI connectivity (ICA25 edge 135),,,,16,rfMRI,F,rfMRI connectivity,,21081,21063,21069,10607,-,-,31688,31664,31673,5.48E-02,1.52E-02
2354,25752,rfMRI connectivity (ICA25 edge 136),,,,16,rfMRI,F,rfMRI connectivity,,21081,21063,21069,10607,-,-,31688,31664,31673,4.07E-02,1.42E-02
2355,25752,rfMRI connectivity (ICA25 edge 137),,,,16,rfMRI,F,rfMRI connectivity,,21081,21063,21069,10607,-,-,31688,31664,31673,4.46E-02,1.53E-02
2356,25752,rfMRI connectivity (ICA25 edge 138),,,,16,rfMRI,F,rfMRI connectivity,,21081,21063,21069,10607,-,-,31688,31664,31673,5.46E-02,1.30E-02
2357,25752,rfMRI connectivity (ICA25 edge 139),,,,16,rfMRI,F,rfMRI connectivity,,21081,21063,21069,10607,-,-,31688,31664,31673,7.37E-02,1.45E-02
2358,25752,rfMRI connectivity (ICA25 edge 140),,,,16,rfMRI,F,rfMRI connectivity,,21081,21063,21069,10607,-,-,31688,31664,31673,-7.00E-04,1.36E-02
2359,25752,rfMRI connectivity (ICA25 edge 141),,,,16,rfMRI,F,rfMRI connectivity,,21081,21063,21069,10607,-,-,31688,31664,31673,4.37E-02,1.51E-02
2360,25752,rfMRI connectivity (ICA25 edge 142),,,,16,rfMRI,F,rfMRI connectivity,,21081,21063,21069,10607,-,-,31688,31664,31673,4.60E-02,1.41E-02
2361,25752,rfMRI connectivity (ICA25 edge 143),,,,16,rfMRI,F,rfMRI connectivity,,21081,21063,21069,10607,-,-,31688,31664,31673,2.15E-02,1.63E-02
2362,25752,rfMRI connectivity (ICA25 edge 144),,,,16,rfMRI,F,rfMRI connectivity,,21081,21063,21069,10607,-,-,31688,31664,31673,1.31E-02,1.33E-02
2363,25752,rfMRI connectivity (ICA25 edge 145),,,,16,rfMRI,F,rfMRI connectivity,,21081,21063,21069,10607,-,-,31688,31664,31673,5.26E-02,1.34E-02
2364,25752,rfMRI connectivity (ICA25 edge 146),,,,16,rfMRI,F,rfMRI connectivity,,21081,21063,21069,10607,-,-,31688,31664,31673,6.95E-02,1.53E-02
2365,25752,rfMRI connectivity (ICA25 edge 147),,,,16,rfMRI,F,rfMRI connectivity,,21081,21063,21069,10607,-,-,31688,31664,31673,2.49E-02,1.38E-02
2366,25752,rfMRI connectivity (ICA25 edge 148),,,,16,rfMRI,F,rfMRI connectivity,,21081,21063,21069,10607,-,-,31688,31664,31673,5.64E-02,1.47E-02
2367,25752,rfMRI connectivity (ICA25 edge 149),,,,16,rfMRI,F,rfMRI connectivity,,21081,21063,21069,10607,-,-,31688,31664,31673,3.68E-02,1.32E-02
2368,25752,rfMRI connectivity (ICA25 edge 150),,,,16,rfMRI,F,rfMRI connectivity,,21081,21063,21069,10607,-,-,31688,31664,31673,5.03E-02,1.51E-02
2369,25752,rfMRI connectivity (ICA25 edge 151),,,,16,rfMRI,F,rfMRI connectivity,,21081,21063,21069,10607,-,-,31688,31664,31673,5.34E-02,1.44E-02
2370,25752,rfMRI connectivity (ICA25 edge 152),,,,16,rfMRI,F,rfMRI connectivity,,21081,21063,21069,10607,-,-,31688,31664,31673,1.71E-02,1.43E-02
2371,25752,rfMRI connectivity (ICA25 edge 153),,,,16,rfMRI,F,rfMRI connectivity,,21081,21063,21069,10607,-,-,31688,31664,31673,5.43E-02,1.50E-02
2372,25752,rfMRI connectivity (ICA25 edge 154),,,,16,rfMRI,F,rfMRI connectivity,,21081,21063,21069,10607,-,-,31688,31664,31673,7.40E-03,1.43E-02
2373,25752,rfMRI connectivity (ICA25 edge 155),,,,16,rfMRI,F,rfMRI connectivity,,21081,21063,21069,10607,-,-,31688,31664,31673,7.46E-02,1.56E-02
2374,25752,rfMRI connectivity (ICA25 edge 156),,,,16,rfMRI,F,rfMRI connectivity,,21081,21063,21069,10607,-,-,31688,31664,31673,4.50E-03,1.45E-02
2375,25752,rfMRI connectivity (ICA25 edge 157),,,,16,rfMRI,F,rfMRI connectivity,,21081,21063,21069,10607,-,-,31688,31664,31673,3.31E-02,1.54E-02
2376,25752,rfMRI connectivity (ICA25 edge 158),,,,16,rfMRI,F,rfMRI connectivity,,21081,21063,21069,10607,-,-,31688,31664,31673,-1.02E-02,1.23E-02
2377,25752,rfMRI connectivity (ICA25 edge 159),,,,16,rfMRI,F,rfMRI connectivity,,21081,21063,21069,10607,-,-,31688,31664,31673,2.00E-03,1.37E-02
2378,25752,rfMRI connectivity (ICA25 edge 160),,,,16,rfMRI,F,rfMRI connectivity,,21081,21063,21069,10607,-,-,31688,31664,31673,1.69E-02,1.48E-02
2379,25752,rfMRI connectivity (ICA25 edge 161),,,,16,rfMRI,F,rfMRI connectivity,,21081,21063,21069,10607,-,-,31688,31664,31673,5.25E-02,1.43E-02
2380,25752,rfMRI connectivity (ICA25 edge 162),,,,16,rfMRI,F,rfMRI connectivity,,21081,21063,21069,10607,-,-,31688,31664,31673,2.72E-02,1.40E-02
2381,25752,rfMRI connectivity (ICA25 edge 163),,,,16,rfMRI,F,rfMRI connectivity,,21081,21063,21069,10607,-,-,31688,31664,31673,1.97E-02,1.35E-02
2382,25752,rfMRI connectivity (ICA25 edge 164),,,,16,rfMRI,F,rfMRI connectivity,,21081,21063,21069,10607,-,-,31688,31664,31673,-6.20E-03,1.27E-02
2383,25752,rfMRI connectivity (ICA25 edge 165),,,,16,rfMRI,F,rfMRI connectivity,,21081,21063,21069,10607,-,-,31688,31664,31673,3.46E-02,1.32E-02
2384,25752,rfMRI connectivity (ICA25 edge 166),,,,16,rfMRI,F,rfMRI connectivity,,21081,21063,21069,10607,-,-,31688,31664,31673,1.65E-02,1.44E-02
2385,25752,rfMRI connectivity (ICA25 edge 167),,,,16,rfMRI,F,rfMRI connectivity,,21081,21063,21069,10607,-,-,31688,31664,31673,2.02E-02,1.50E-02
2386,25752,rfMRI connectivity (ICA25 edge 168),,,,16,rfMRI,F,rfMRI connectivity,,21081,21063,21069,10607,-,-,31688,31664,31673,2.45E-02,1.32E-02
2387,25752,rfMRI connectivity (ICA25 edge 169),,,,16,rfMRI,F,rfMRI connectivity,,21081,21063,21069,10607,-,-,31688,31664,31673,2.88E-02,1.30E-02
2388,25752,rfMRI connectivity (ICA25 edge 170),,,,16,rfMRI,F,rfMRI connectivity,,21081,21063,21069,10607,-,-,31688,31664,31673,2.36E-02,1.49E-02
2389,25752,rfMRI connectivity (ICA25 edge 171),,,,16,rfMRI,F,rfMRI connectivity,,21081,21063,21069,10607,-,-,31688,31664,31673,6.10E-03,1.28E-02
2390,25752,rfMRI connectivity (ICA25 edge 172),,,,16,rfMRI,F,rfMRI connectivity,,21081,21063,21069,10607,-,-,31688,31664,31673,9.35E-02,1.60E-02
2391,25752,rfMRI connectivity (ICA25 edge 173),,,,16,rfMRI,F,rfMRI connectivity,,21081,21063,21069,10607,-,-,31688,31664,31673,1.39E-02,1.46E-02
2392,25752,rfMRI connectivity (ICA25 edge 174),,,,16,rfMRI,F,rfMRI connectivity,,21081,21063,21069,10607,-,-,31688,31664,31673,8.63E-02,1.49E-02
2393,25752,rfMRI connectivity (ICA25 edge 175),,,,16,rfMRI,F,rfMRI connectivity,,21081,21063,21069,10607,-,-,31688,31664,31673,3.79E-02,1.38E-02
2394,25752,rfMRI connectivity (ICA25 edge 176),,,,16,rfMRI,F,rfMRI connectivity,,21081,21063,21069,10607,-,-,31688,31664,31673,4.26E-02,1.27E-02
2395,25752,rfMRI connectivity (ICA25 edge 177),,,,16,rfMRI,F,rfMRI connectivity,,21081,21063,21069,10607,-,-,31688,31664,31673,5.67E-02,1.68E-02
2396,25752,rfMRI connectivity (ICA25 edge 178),,,,16,rfMRI,F,rfMRI connectivity,,21081,21063,21069,10607,-,-,31688,31664,31673,3.35E-02,1.30E-02
2397,25752,rfMRI connectivity (ICA25 edge 179),,,,16,rfMRI,F,rfMRI connectivity,,21081,21063,21069,10607,-,-,31688,31664,31673,1.44E-02,1.33E-02
2398,25752,rfMRI connectivity (ICA25 edge 180),,,,16,rfMRI,F,rfMRI connectivity,,21081,21063,21069,10607,-,-,31688,31664,31673,6.45E-02,1.63E-02
2399,25752,rfMRI connectivity (ICA25 edge 181),,,,16,rfMRI,F,rfMRI connectivity,,21081,21063,21069,10607,-,-,31688,31664,31673,3.14E-02,1.54E-02
2400,25752,rfMRI connectivity (ICA25 edge 182),,,,16,rfMRI,F,rfMRI connectivity,,21081,21063,21069,10607,-,-,31688,31664,31673,2.69E-02,1.35E-02
2401,25752,rfMRI connectivity (ICA25 edge 183),,,,16,rfMRI,F,rfMRI connectivity,,21081,21063,21069,10607,-,-,31688,31664,31673,5.09E-02,1.72E-02
2402,25752,rfMRI connectivity (ICA25 edge 184),,,,16,rfMRI,F,rfMRI connectivity,,21081,21063,21069,10607,-,-,31688,31664,31673,5.96E-02,1.45E-02
2403,25752,rfMRI connectivity (ICA25 edge 185),,,,16,rfMRI,F,rfMRI connectivity,,21081,21063,21069,10607,-,-,31688,31664,31673,3.20E-02,1.55E-02
2404,25752,rfMRI connectivity (ICA25 edge 186),,,,16,rfMRI,F,rfMRI connectivity,,21081,21063,21069,10607,-,-,31688,31664,31673,6.90E-02,1.68E-02
2405,25752,rfMRI connectivity (ICA25 edge 187),,,,16,rfMRI,F,rfMRI connectivity,,21081,21063,21069,10607,-,-,31688,31664,31673,4.33E-02,1.43E-02
2406,25752,rfMRI connectivity (ICA25 edge 188),,,,16,rfMRI,F,rfMRI connectivity,,21081,21063,21069,10607,-,-,31688,31664,31673,2.50E-02,1.37E-02
2407,25752,rfMRI connectivity (ICA25 edge 189),,,,16,rfMRI,F,rfMRI connectivity,,21081,21063,21069,10607,-,-,31688,31664,31673,4.73E-02,1.64E-02
2408,25752,rfMRI connectivity (ICA25 edge 190),,,,16,rfMRI,F,rfMRI connectivity,,21081,21063,21069,10607,-,-,31688,31664,31673,5.43E-02,1.32E-02
2409,25752,rfMRI connectivity (ICA25 edge 191),,,,16,rfMRI,F,rfMRI connectivity,,21081,21063,21069,10607,-,-,31688,31664,31673,8.00E-02,1.59E-02
2410,25752,rfMRI connectivity (ICA25 edge 192),,,,16,rfMRI,F,rfMRI connectivity,,21081,21063,21069,10607,-,-,31688,31664,31673,1.60E-02,1.24E-02
2411,25752,rfMRI connectivity (ICA25 edge 193),,,,16,rfMRI,F,rfMRI connectivity,,21081,21063,21069,10607,-,-,31688,31664,31673,7.12E-02,1.37E-02
2412,25752,rfMRI connectivity (ICA25 edge 194),,,,16,rfMRI,F,rfMRI connectivity,,21081,21063,21069,10607,-,-,31688,31664,31673,8.70E-03,1.46E-02
2413,25752,rfMRI connectivity (ICA25 edge 195),,,,16,rfMRI,F,rfMRI connectivity,,21081,21063,21069,10607,-,-,31688,31664,31673,1.10E-01,1.64E-02
2414,25752,rfMRI connectivity (ICA25 edge 196),,,,16,rfMRI,F,rfMRI connectivity,,21081,21063,21069,10607,-,-,31688,31664,31673,1.04E-01,2.06E-02
2415,25752,rfMRI connectivity (ICA25 edge 197),,,,16,rfMRI,F,rfMRI connectivity,,21081,21063,21069,10607,-,-,31688,31664,31673,1.71E-02,1.40E-02
2416,25752,rfMRI connectivity (ICA25 edge 198),,,,16,rfMRI,F,rfMRI connectivity,,21081,21063,21069,10607,-,-,31688,31664,31673,4.00E-02,1.47E-02
2417,25752,rfMRI connectivity (ICA25 edge 199),,,,16,rfMRI,F,rfMRI connectivity,,21081,21063,21069,10607,-,-,31688,31664,31673,3.76E-02,1.46E-02
2418,25752,rfMRI connectivity (ICA25 edge 200),,,,16,rfMRI,F,rfMRI connectivity,,21081,21063,21069,10607,-,-,31688,31664,31673,2.81E-02,1.44E-02
2419,25752,rfMRI connectivity (ICA25 edge 201),,,,16,rfMRI,F,rfMRI connectivity,,21081,21063,21069,10607,-,-,31688,31664,31673,1.62E-02,1.41E-02
2420,25752,rfMRI connectivity (ICA25 edge 202),,,,16,rfMRI,F,rfMRI connectivity,,21081,21063,21069,10607,-,-,31688,31664,31673,3.15E-02,1.24E-02
2421,25752,rfMRI connectivity (ICA25 edge 203),,,,16,rfMRI,F,rfMRI connectivity,,21081,21063,21069,10607,-,-,31688,31664,31673,7.11E-02,1.46E-02
2422,25752,rfMRI connectivity (ICA25 edge 204),,,,16,rfMRI,F,rfMRI connectivity,,21081,21063,21069,10607,-,-,31688,31664,31673,3.44E-02,1.61E-02
2423,25752,rfMRI connectivity (ICA25 edge 205),,,,16,rfMRI,F,rfMRI connectivity,,21081,21063,21069,10607,-,-,31688,31664,31673,5.20E-02,1.49E-02
2424,25752,rfMRI connectivity (ICA25 edge 206),,,,16,rfMRI,F,rfMRI connectivity,,21081,21063,21069,10607,-,-,31688,31664,31673,6.02E-02,1.59E-02
2425,25752,rfMRI connectivity (ICA25 edge 207),,,,16,rfMRI,F,rfMRI connectivity,,21081,21063,21069,10607,-,-,31688,31664,31673,3.92E-02,1.45E-02
2426,25752,rfMRI connectivity (ICA25 edge 208),,,,16,rfMRI,F,rfMRI connectivity,,21081,21063,21069,10607,-,-,31688,31664,31673,1.08E-02,1.27E-02
2427,25752,rfMRI connectivity (ICA25 edge 209),,,,16,rfMRI,F,rfMRI connectivity,,21081,21063,21069,10607,-,-,31688,31664,31673,1.37E-02,1.52E-02
2428,25752,rfMRI connectivity (ICA25 edge 210),,,,16,rfMRI,F,rfMRI connectivity,,21081,21063,21069,10607,-,-,31688,31664,31673,4.11E-02,1.41E-02
2429,25753,rfMRI connectivity (ICA100 edge 1),,,,16,,,rfMRI connectivity,,21081,21063,21069,10607,-,-,31688,31664,31673,3.23E-02,1.43E-02
2430,25753,rfMRI connectivity (ICA100 edge 2),,,,16,,,rfMRI connectivity,,21081,21063,21069,10607,-,-,31688,31664,31673,3.97E-02,1.40E-02
2431,25753,rfMRI connectivity (ICA100 edge 3),,,,16,,,rfMRI connectivity,,21081,21063,21069,10607,-,-,31688,31664,31673,3.61E-02,1.37E-02
2432,25753,rfMRI connectivity (ICA100 edge 4),,,,16,,,rfMRI connectivity,,21081,21063,21069,10607,-,-,31688,31664,31673,5.38E-02,1.42E-02
2433,25753,rfMRI connectivity (ICA100 edge 5),,,,16,,,rfMRI connectivity,,21081,21063,21069,10607,-,-,31688,31664,31673,3.87E-02,1.56E-02
2434,25753,rfMRI connectivity (ICA100 edge 6),,,,16,,,rfMRI connectivity,,21081,21063,21069,10607,-,-,31688,31664,31673,7.97E-02,1.57E-02
2435,25753,rfMRI connectivity (ICA100 edge 7),,,,16,,,rfMRI connectivity,,21081,21063,21069,10607,-,-,31688,31664,31673,1.73E-02,1.36E-02
2436,25753,rfMRI connectivity (ICA100 edge 8),,,,16,,,rfMRI connectivity,,21081,21063,21069,10607,-,-,31688,31664,31673,2.63E-02,1.44E-02
2437,25753,rfMRI connectivity (ICA100 edge 9),,,,16,,,rfMRI connectivity,,21081,21063,21069,10607,-,-,31688,31664,31673,1.02E-02,1.35E-02
2438,25753,rfMRI connectivity (ICA100 edge 10),,,,16,,,rfMRI connectivity,,21081,21063,21069,10607,-,-,31688,31664,31673,3.93E-02,1.51E-02
2439,25753,rfMRI connectivity (ICA100 edge 11),,,,16,,,rfMRI connectivity,,21081,21063,21069,10607,-,-,31688,31664,31673,6.10E-03,1.44E-02
2440,25753,rfMRI connectivity (ICA100 edge 12),,,,16,,,rfMRI connectivity,,21081,21063,21069,10607,-,-,31688,31664,31673,3.67E-02,1.46E-02
2441,25753,rfMRI connectivity (ICA100 edge 13),,,,16,,,rfMRI connectivity,,21081,21063,21069,10607,-,-,31688,31664,31673,5.00E-03,1.36E-02
2442,25753,rfMRI connectivity (ICA100 edge 14),,,,16,,,rfMRI connectivity,,21081,21063,21069,10607,-,-,31688,31664,31673,5.10E-03,1.39E-02
2443,25753,rfMRI connectivity (ICA100 edge 15),,,,16,,,rfMRI connectivity,,21081,21063,21069,10607,-,-,31688,31664,31673,2.20E-02,1.32E-02
2444,25753,rfMRI connectivity (ICA100 edge 16),,,,16,,,rfMRI connectivity,,21081,21063,21069,10607,-,-,31688,31664,31673,-1.03E-02,1.23E-02
2445,25753,rfMRI connectivity (ICA100 edge 17),,,,16,,,rfMRI connectivity,,21081,21063,21069,10607,-,-,31688,31664,31673,5.42E-02,1.29E-02
2446,25753,rfMRI connectivity (ICA100 edge 18),,,,16,,,rfMRI connectivity,,21081,21063,21069,10607,-,-,31688,31664,31673,-5.70E-03,1.36E-02
2447,25753,rfMRI connectivity (ICA100 edge 19),,,,16,,,rfMRI connectivity,,21081,21063,21069,10607,-,-,31688,31664,31673,1.04E-02,1.65E-02
2448,25753,rfMRI connectivity (ICA100 edge 20),,,,16,,,rfMRI connectivity,,21081,21063,21069,10607,-,-,31688,31664,31673,1.04E-01,1.70E-02
2449,25753,rfMRI connectivity (ICA100 edge 21),,,,16,,,rfMRI connectivity,,21081,21063,21069,10607,-,-,31688,31664,31673,5.51E-02,1.42E-02
2450,25753,rfMRI connectivity (ICA100 edge 22),,,,16,,,rfMRI connectivity,,21081,21063,21069,10607,-,-,31688,31664,31673,1.32E-01,1.82E-02
2451,25753,rfMRI connectivity (ICA100 edge 23),,,,16,,,rfMRI connectivity,,21081,21063,21069,10607,-,-,31688,31664,31673,3.13E-02,1.71E-02
2452,25753,rfMRI connectivity (ICA100 edge 24),,,,16,,,rfMRI connectivity,,21081,21063,21069,10607,-,-,31688,31664,31673,4.29E-02,1.24E-02
2453,25753,rfMRI connectivity (ICA100 edge 25),,,,16,,,rfMRI connectivity,,21081,21063,21069,10607,-,-,31688,31664,31673,6.84E-02,1.41E-02
2454,25753,rfMRI connectivity (ICA100 edge 26),,,,16,,,rfMRI connectivity,,21081,21063,21069,10607,-,-,31688,31664,31673,4.50E-03,1.36E-02
2455,25753,rfMRI connectivity (ICA100 edge 27),,,,16,,,rfMRI connectivity,,21081,21063,21069,10607,-,-,31688,31664,31673,-6.70E-03,1.23E-02
2456,25753,rfMRI connectivity (ICA100 edge 28),,,,16,,,rfMRI connectivity,,21081,21063,21069,10607,-,-,31688,31664,31673,3.22E-02,1.47E-02
2457,25753,rfMRI connectivity (ICA100 edge 29),,,,16,,,rfMRI connectivity,,21081,21063,21069,10607,-,-,31688,31664,31673,1.10E-02,1.34E-02
2458,25753,rfMRI connectivity (ICA100 edge 30),,,,16,,,rfMRI connectivity,,21081,21063,21069,10607,-,-,31688,31664,31673,6.09E-02,1.35E-02
2459,25753,rfMRI connectivity (ICA100 edge 31),,,,16,,,rfMRI connectivity,,21081,21063,21069,10607,-,-,31688,31664,31673,1.79E-02,1.17E-02
2460,25753,rfMRI connectivity (ICA100 edge 32),,,,16,,,rfMRI connectivity,,21081,21063,21069,10607,-,-,31688,31664,31673,1.58E-02,1.50E-02
2461,25753,rfMRI connectivity (ICA100 edge 33),,,,16,,,rfMRI connectivity,,21081,21063,21069,10607,-,-,31688,31664,31673,6.68E-02,1.39E-02
2462,25753,rfMRI connectivity (ICA100 edge 34),,,,16,,,rfMRI connectivity,,21081,21063,21069,10607,-,-,31688,31664,31673,1.39E-02,1.35E-02
2463,25753,rfMRI connectivity (ICA100 edge 35),,,,16,,,rfMRI connectivity,,21081,21063,21069,10607,-,-,31688,31664,31673,8.65E-02,1.51E-02
2464,25753,rfMRI connectivity (ICA100 edge 36),,,,16,,,rfMRI connectivity,,21081,21063,21069,10607,-,-,31688,31664,31673,3.24E-02,1.40E-02
2465,25753,rfMRI connectivity (ICA100 edge 37),,,,16,,,rfMRI connectivity,,21081,21063,21069,10607,-,-,31688,31664,31673,3.99E-02,1.48E-02
2466,25753,rfMRI connectivity (ICA100 edge 38),,,,16,,,rfMRI connectivity,,21081,21063,21069,10607,-,-,31688,31664,31673,4.31E-02,1.38E-02
2467,25753,rfMRI connectivity (ICA100 edge 39),,,,16,,,rfMRI connectivity,,21081,21063,21069,10607,-,-,31688,31664,31673,5.44E-02,1.79E-02
2468,25753,rfMRI connectivity (ICA100 edge 40),,,,16,,,rfMRI connectivity,,21081,21063,21069,10607,-,-,31688,31664,31673,6.61E-02,1.40E-02
2469,25753,rfMRI connectivity (ICA100 edge 41),,,,16,,,rfMRI connectivity,,21081,21063,21069,10607,-,-,31688,31664,31673,3.81E-02,1.42E-02
2470,25753,rfMRI connectivity (ICA100 edge 42),,,,16,,,rfMRI connectivity,,21081,21063,21069,10607,-,-,31688,31664,31673,-3.30E-03,1.24E-02
2471,25753,rfMRI connectivity (ICA100 edge 43),,,,16,,,rfMRI connectivity,,21081,21063,21069,10607,-,-,31688,31664,31673,8.24E-02,1.66E-02
2472,25753,rfMRI connectivity (ICA100 edge 44),,,,16,,,rfMRI connectivity,,21081,21063,21069,10607,-,-,31688,31664,31673,6.65E-02,1.37E-02
2473,25753,rfMRI connectivity (ICA100 edge 45),,,,16,,,rfMRI connectivity,,21081,21063,21069,10607,-,-,31688,31664,31673,7.66E-02,1.48E-02
2474,25753,rfMRI connectivity (ICA100 edge 46),,,,16,,,rfMRI connectivity,,21081,21063,21069,10607,-,-,31688,31664,31673,1.05E-02,1.46E-02
2475,25753,rfMRI connectivity (ICA100 edge 47),,,,16,,,rfMRI connectivity,,21081,21063,21069,10607,-,-,31688,31664,31673,4.19E-02,1.28E-02
2476,25753,rfMRI connectivity (ICA100 edge 48),,,,16,,,rfMRI connectivity,,21081,21063,21069,10607,-,-,31688,31664,31673,4.80E-03,1.30E-02
2477,25753,rfMRI connectivity (ICA100 edge 49),,,,16,,,rfMRI connectivity,,21081,21063,21069,10607,-,-,31688,31664,31673,2.87E-02,1.44E-02
2478,25753,rfMRI connectivity (ICA100 edge 50),,,,16,,,rfMRI connectivity,,21081,21063,21069,10607,-,-,31688,31664,31673,7.96E-02,1.48E-02
2479,25753,rfMRI connectivity (ICA100 edge 51),,,,16,,,rfMRI connectivity,,21081,21063,21069,10607,-,-,31688,31664,31673,6.70E-03,1.18E-02
2480,25753,rfMRI connectivity (ICA100 edge 52),,,,16,,,rfMRI connectivity,,21081,21063,21069,10607,-,-,31688,31664,31673,9.31E-02,1.55E-02
2481,25753,rfMRI connectivity (ICA100 edge 53),,,,16,,,rfMRI connectivity,,21081,21063,21069,10607,-,-,31688,31664,31673,1.44E-02,1.39E-02
2482,25753,rfMRI connectivity (ICA100 edge 54),,,,16,,,rfMRI connectivity,,21081,21063,21069,10607,-,-,31688,31664,31673,7.84E-02,1.90E-02
2483,25753,rfMRI connectivity (ICA100 edge 55),,,,16,,,rfMRI connectivity,,21081,21063,21069,10607,-,-,31688,31664,31673,5.87E-02,1.49E-02
2484,25753,rfMRI connectivity (ICA100 edge 56),,,,16,,,rfMRI connectivity,,21081,21063,21069,10607,-,-,31688,31664,31673,9.00E-03,1.35E-02
2485,25753,rfMRI connectivity (ICA100 edge 57),,,,16,,,rfMRI connectivity,,21081,21063,21069,10607,-,-,31688,31664,31673,1.76E-02,1.57E-02
2486,25753,rfMRI connectivity (ICA100 edge 58),,,,16,,,rfMRI connectivity,,21081,21063,21069,10607,-,-,31688,31664,31673,1.57E-02,1.44E-02
2487,25753,rfMRI connectivity (ICA100 edge 59),,,,16,,,rfMRI connectivity,,21081,21063,21069,10607,-,-,31688,31664,31673,4.87E-02,1.31E-02
2488,25753,rfMRI connectivity (ICA100 edge 60),,,,16,,,rfMRI connectivity,,21081,21063,21069,10607,-,-,31688,31664,31673,7.78E-02,1.63E-02
2489,25753,rfMRI connectivity (ICA100 edge 61),,,,16,,,rfMRI connectivity,,21081,21063,21069,10607,-,-,31688,31664,31673,3.36E-02,1.50E-02
2490,25753,rfMRI connectivity (ICA100 edge 62),,,,16,,,rfMRI connectivity,,21081,21063,21069,10607,-,-,31688,31664,31673,4.41E-02,1.47E-02
2491,25753,rfMRI connectivity (ICA100 edge 63),,,,16,,,rfMRI connectivity,,21081,21063,21069,10607,-,-,31688,31664,31673,2.47E-02,1.29E-02
2492,25753,rfMRI connectivity (ICA100 edge 64),,,,16,,,rfMRI connectivity,,21081,21063,21069,10607,-,-,31688,31664,31673,3.89E-02,1.49E-02
2493,25753,rfMRI connectivity (ICA100 edge 65),,,,16,,,rfMRI connectivity,,21081,21063,21069,10607,-,-,31688,31664,31673,3.17E-02,1.40E-02
2494,25753,rfMRI connectivity (ICA100 edge 66),,,,16,,,rfMRI connectivity,,21081,21063,21069,10607,-,-,31688,31664,31673,9.55E-02,1.53E-02
2495,25753,rfMRI connectivity (ICA100 edge 67),,,,16,,,rfMRI connectivity,,21081,21063,21069,10607,-,-,31688,31664,31673,3.32E-02,1.40E-02
2496,25753,rfMRI connectivity (ICA100 edge 68),,,,16,,,rfMRI connectivity,,21081,21063,21069,10607,-,-,31688,31664,31673,4.56E-02,1.45E-02
2497,25753,rfMRI connectivity (ICA100 edge 69),,,,16,,,rfMRI connectivity,,21081,21063,21069,10607,-,-,31688,31664,31673,1.94E-02,1.44E-02
2498,25753,rfMRI connectivity (ICA100 edge 70),,,,16,,,rfMRI connectivity,,21081,21063,21069,10607,-,-,31688,31664,31673,3.30E-02,1.56E-02
2499,25753,rfMRI connectivity (ICA100 edge 71),,,,16,,,rfMRI connectivity,,21081,21063,21069,10607,-,-,31688,31664,31673,7.56E-02,1.77E-02
2500,25753,rfMRI connectivity (ICA100 edge 72),,,,16,,,rfMRI connectivity,,21081,21063,21069,10607,-,-,31688,31664,31673,8.60E-03,1.38E-02
2501,25753,rfMRI connectivity (ICA100 edge 73),,,,16,,,rfMRI connectivity,,21081,21063,21069,10607,-,-,31688,31664,31673,4.97E-02,1.51E-02
2502,25753,rfMRI connectivity (ICA100 edge 74),,,,16,,,rfMRI connectivity,,21081,21063,21069,10607,-,-,31688,31664,31673,3.13E-02,1.44E-02
2503,25753,rfMRI connectivity (ICA100 edge 75),,,,16,,,rfMRI connectivity,,21081,21063,21069,10607,-,-,31688,31664,31673,9.66E-02,1.63E-02
2504,25753,rfMRI connectivity (ICA100 edge 76),,,,16,,,rfMRI connectivity,,21081,21063,21069,10607,-,-,31688,31664,31673,5.87E-02,1.75E-02
2505,25753,rfMRI connectivity (ICA100 edge 77),,,,16,,,rfMRI connectivity,,21081,21063,21069,10607,10601,10604,31688,31664,31673,5.89E-02,1.36E-02
2506,25753,rfMRI connectivity (ICA100 edge 78),,,,16,,,rfMRI connectivity,,21081,21063,21069,10607,-,-,31688,31664,31673,1.21E-01,1.78E-02
2507,25753,rfMRI connectivity (ICA100 edge 79),,,,16,,,rfMRI connectivity,,21081,21063,21069,10607,-,-,31688,31664,31673,8.54E-02,1.53E-02
2508,25753,rfMRI connectivity (ICA100 edge 80),,,,16,,,rfMRI connectivity,,21081,21063,21069,10607,-,-,31688,31664,31673,2.40E-03,1.35E-02
2509,25753,rfMRI connectivity (ICA100 edge 81),,,,16,,,rfMRI connectivity,,21081,21063,21069,10607,-,-,31688,31664,31673,6.02E-02,1.55E-02
2510,25753,rfMRI connectivity (ICA100 edge 82),,,,16,,,rfMRI connectivity,,21081,21063,21069,10607,10601,10604,31688,31664,31673,5.43E-02,1.55E-02
2511,25753,rfMRI connectivity (ICA100 edge 83),,,,16,,,rfMRI connectivity,,21081,21063,21069,10607,-,-,31688,31664,31673,1.86E-02,1.47E-02
2512,25753,rfMRI connectivity (ICA100 edge 84),,,,16,,,rfMRI connectivity,,21081,21063,21069,10607,-,-,31688,31664,31673,3.61E-02,1.54E-02
2513,25753,rfMRI connectivity (ICA100 edge 85),,,,16,,,rfMRI connectivity,,21081,21063,21069,10607,-,-,31688,31664,31673,3.43E-02,1.39E-02
2514,25753,rfMRI connectivity (ICA100 edge 86),,,,16,,,rfMRI connectivity,,21081,21063,21069,10607,-,-,31688,31664,31673,4.18E-02,1.49E-02
2515,25753,rfMRI connectivity (ICA100 edge 87),,,,16,,,rfMRI connectivity,,21081,21063,21069,10607,-,-,31688,31664,31673,4.05E-02,1.20E-02
2516,25753,rfMRI connectivity (ICA100 edge 88),,,,16,,,rfMRI connectivity,,21081,21063,21069,10607,-,-,31688,31664,31673,5.39E-02,1.49E-02
2517,25753,rfMRI connectivity (ICA100 edge 89),,,,16,,,rfMRI connectivity,,21081,21063,21069,10607,-,-,31688,31664,31673,-5.10E-03,1.44E-02
2518,25753,rfMRI connectivity (ICA100 edge 90),,,,16,,,rfMRI connectivity,,21081,21063,21069,10607,-,-,31688,31664,31673,2.94E-02,1.33E-02
2519,25753,rfMRI connectivity (ICA100 edge 91),,,,16,,,rfMRI connectivity,,21081,21063,21069,10607,-,-,31688,31664,31673,3.88E-02,1.41E-02
2520,25753,rfMRI connectivity (ICA100 edge 92),,,,16,,,rfMRI connectivity,,21081,21063,21069,10607,-,-,31688,31664,31673,1.22E-02,1.48E-02
2521,25753,rfMRI connectivity (ICA100 edge 93),,,,16,,,rfMRI connectivity,,21081,21063,21069,10607,-,-,31688,31664,31673,8.35E-02,1.40E-02
2522,25753,rfMRI connectivity (ICA100 edge 94),,,,16,,,rfMRI connectivity,,21081,21063,21069,10607,-,-,31688,31664,31673,6.80E-03,1.44E-02
2523,25753,rfMRI connectivity (ICA100 edge 95),,,,16,,,rfMRI connectivity,,21081,21063,21069,10607,-,-,31688,31664,31673,1.97E-02,1.37E-02
2524,25753,rfMRI connectivity (ICA100 edge 96),,,,16,,,rfMRI connectivity,,21081,21063,21069,10607,-,-,31688,31664,31673,3.29E-02,1.42E-02
2525,25753,rfMRI connectivity (ICA100 edge 97),,,,16,,,rfMRI connectivity,,21081,21063,21069,10607,-,-,31688,31664,31673,2.78E-02,1.34E-02
2526,25753,rfMRI connectivity (ICA100 edge 98),,,,16,,,rfMRI connectivity,,21081,21063,21069,10607,-,-,31688,31664,31673,6.01E-02,1.32E-02
2527,25753,rfMRI connectivity (ICA100 edge 99),,,,16,,,rfMRI connectivity,,21081,21063,21069,10607,-,-,31688,31664,31673,1.73E-02,1.50E-02
2528,25753,rfMRI connectivity (ICA100 edge 100),,,,16,,,rfMRI connectivity,,21081,21063,21069,10607,-,-,31688,31664,31673,6.02E-02,1.84E-02
2529,25753,rfMRI connectivity (ICA100 edge 101),,,,16,,,rfMRI connectivity,,21081,21063,21069,10607,-,-,31688,31664,31673,7.84E-02,1.52E-02
2530,25753,rfMRI connectivity (ICA100 edge 102),,,,16,,,rfMRI connectivity,,21081,21063,21069,10607,-,-,31688,31664,31673,8.75E-02,1.77E-02
2531,25753,rfMRI connectivity (ICA100 edge 103),,,,16,,,rfMRI connectivity,,21081,21063,21069,10607,-,-,31688,31664,31673,4.27E-02,1.40E-02
2532,25753,rfMRI connectivity (ICA100 edge 104),,,,16,,,rfMRI connectivity,,21081,21063,21069,10607,-,-,31688,31664,31673,6.27E-02,1.65E-02
2533,25753,rfMRI connectivity (ICA100 edge 105),,,,16,,,rfMRI connectivity,,21081,21063,21069,10607,-,-,31688,31664,31673,2.38E-02,1.52E-02
2534,25753,rfMRI connectivity (ICA100 edge 106),,,,16,,,rfMRI connectivity,,21081,21063,21069,10607,-,-,31688,31664,31673,2.77E-02,1.45E-02
2535,25753,rfMRI connectivity (ICA100 edge 107),,,,16,,,rfMRI connectivity,,21081,21063,21069,10607,-,-,31688,31664,31673,-4.20E-03,1.17E-02
2536,25753,rfMRI connectivity (ICA100 edge 108),,,,16,,,rfMRI connectivity,,21081,21063,21069,10607,-,-,31688,31664,31673,5.58E-02,1.48E-02
2537,25753,rfMRI connectivity (ICA100 edge 109),,,,16,,,rfMRI connectivity,,21081,21063,21069,10607,-,-,31688,31664,31673,2.51E-02,1.50E-02
2538,25753,rfMRI connectivity (ICA100 edge 110),,,,16,,,rfMRI connectivity,,21081,21063,21069,10607,-,-,31688,31664,31673,1.94E-02,1.39E-02
2539,25753,rfMRI connectivity (ICA100 edge 111),,,,16,,,rfMRI connectivity,,21081,21063,21069,10607,-,-,31688,31664,31673,2.60E-03,1.46E-02
2540,25753,rfMRI connectivity (ICA100 edge 112),,,,16,,,rfMRI connectivity,,21081,21063,21069,10607,-,-,31688,31664,31673,-3.20E-03,1.46E-02
2541,25753,rfMRI connectivity (ICA100 edge 113),,,,16,,,rfMRI connectivity,,21081,21063,21069,10607,-,-,31688,31664,31673,6.41E-02,1.45E-02
2542,25753,rfMRI connectivity (ICA100 edge 114),,,,16,,,rfMRI connectivity,,21081,21063,21069,10607,-,-,31688,31664,31673,2.08E-02,1.29E-02
2543,25753,rfMRI connectivity (ICA100 edge 115),,,,16,,,rfMRI connectivity,,21081,21063,21069,10607,-,-,31688,31664,31673,3.40E-03,1.40E-02
2544,25753,rfMRI connectivity (ICA100 edge 116),,,,16,,,rfMRI connectivity,,21081,21063,21069,10607,-,-,31688,31664,31673,1.67E-02,1.22E-02
2545,25753,rfMRI connectivity (ICA100 edge 117),,,,16,,,rfMRI connectivity,,21081,21063,21069,10607,-,-,31688,31664,31673,2.14E-02,1.44E-02
2546,25753,rfMRI connectivity (ICA100 edge 118),,,,16,,,rfMRI connectivity,,21081,21063,21069,10607,-,-,31688,31664,31673,1.85E-02,1.49E-02
2547,25753,rfMRI connectivity (ICA100 edge 119),,,,16,,,rfMRI connectivity,,21081,21063,21069,10607,-,-,31688,31664,31673,3.82E-02,1.49E-02
2548,25753,rfMRI connectivity (ICA100 edge 120),,,,16,,,rfMRI connectivity,,21081,21063,21069,10607,-,-,31688,31664,31673,6.70E-03,1.31E-02
2549,25753,rfMRI connectivity (ICA100 edge 121),,,,16,,,rfMRI connectivity,,21081,21063,21069,10607,-,-,31688,31664,31673,3.23E-02,1.55E-02
2550,25753,rfMRI connectivity (ICA100 edge 122),,,,16,,,rfMRI connectivity,,21081,21063,21069,10607,-,-,31688,31664,31673,3.13E-02,1.43E-02
2551,25753,rfMRI connectivity (ICA100 edge 123),,,,16,,,rfMRI connectivity,,21081,21063,21069,10607,-,-,31688,31664,31673,4.50E-03,1.35E-02
2552,25753,rfMRI connectivity (ICA100 edge 124),,,,16,,,rfMRI connectivity,,21081,21063,21069,10607,-,-,31688,31664,31673,5.46E-02,1.59E-02
2553,25753,rfMRI connectivity (ICA100 edge 125),,,,16,,,rfMRI connectivity,,21081,21063,21069,10607,-,-,31688,31664,31673,1.74E-02,1.47E-02
2554,25753,rfMRI connectivity (ICA100 edge 126),,,,16,,,rfMRI connectivity,,21081,21063,21069,10607,-,-,31688,31664,31673,2.70E-03,1.35E-02
2555,25753,rfMRI connectivity (ICA100 edge 127),,,,16,,,rfMRI connectivity,,21081,21063,21069,10607,-,-,31688,31664,31673,4.66E-02,1.68E-02
2556,25753,rfMRI connectivity (ICA100 edge 128),,,,16,,,rfMRI connectivity,,21081,21063,21069,10607,-,-,31688,31664,31673,1.83E-02,1.41E-02
2557,25753,rfMRI connectivity (ICA100 edge 129),,,,16,,,rfMRI connectivity,,21081,21063,21069,10607,-,-,31688,31664,31673,2.56E-02,1.42E-02
2558,25753,rfMRI connectivity (ICA100 edge 130),,,,16,,,rfMRI connectivity,,21081,21063,21069,10607,-,-,31688,31664,31673,1.84E-02,1.39E-02
2559,25753,rfMRI connectivity (ICA100 edge 131),,,,16,,,rfMRI connectivity,,21081,21063,21069,10607,-,-,31688,31664,31673,5.31E-02,1.37E-02
2560,25753,rfMRI connectivity (ICA100 edge 132),,,,16,,,rfMRI connectivity,,21081,21063,21069,10607,-,-,31688,31664,31673,3.87E-02,1.70E-02
2561,25753,rfMRI connectivity (ICA100 edge 133),,,,16,,,rfMRI connectivity,,21081,21063,21069,10607,-,-,31688,31664,31673,8.98E-02,1.74E-02
2562,25753,rfMRI connectivity (ICA100 edge 134),,,,16,,,rfMRI connectivity,,21081,21063,21069,10607,-,-,31688,31664,31673,6.60E-03,1.32E-02
2563,25753,rfMRI connectivity (ICA100 edge 135),,,,16,,,rfMRI connectivity,,21081,21063,21069,10607,-,-,31688,31664,31673,4.92E-02,1.34E-02
2564,25753,rfMRI connectivity (ICA100 edge 136),,,,16,,,rfMRI connectivity,,21081,21063,21069,10607,-,-,31688,31664,31673,1.87E-02,1.26E-02
2565,25753,rfMRI connectivity (ICA100 edge 137),,,,16,,,rfMRI connectivity,,21081,21063,21069,10607,-,-,31688,31664,31673,2.19E-02,1.42E-02
2566,25753,rfMRI connectivity (ICA100 edge 138),,,,16,,,rfMRI connectivity,,21081,21063,21069,10607,-,-,31688,31664,31673,5.01E-02,1.61E-02
2567,25753,rfMRI connectivity (ICA100 edge 139),,,,16,,,rfMRI connectivity,,21081,21063,21069,10607,-,-,31688,31664,31673,1.84E-02,1.53E-02
2568,25753,rfMRI connectivity (ICA100 edge 140),,,,16,,,rfMRI connectivity,,21081,21063,21069,10607,-,-,31688,31664,31673,6.33E-02,1.93E-02
2569,25753,rfMRI connectivity (ICA100 edge 141),,,,16,,,rfMRI connectivity,,21081,21063,21069,10607,-,-,31688,31664,31673,1.29E-02,1.37E-02
2570,25753,rfMRI connectivity (ICA100 edge 142),,,,16,,,rfMRI connectivity,,21081,21063,21069,10607,-,-,31688,31664,31673,2.30E-02,1.38E-02
2571,25753,rfMRI connectivity (ICA100 edge 143),,,,16,,,rfMRI connectivity,,21081,21063,21069,10607,-,-,31688,31664,31673,5.83E-02,1.36E-02
2572,25753,rfMRI connectivity (ICA100 edge 144),,,,16,,,rfMRI connectivity,,21081,21063,21069,10607,-,-,31688,31664,31673,2.29E-02,1.49E-02
2573,25753,rfMRI connectivity (ICA100 edge 145),,,,16,,,rfMRI connectivity,,21081,21063,21069,10607,-,-,31688,31664,31673,6.22E-02,1.32E-02
2574,25753,rfMRI connectivity (ICA100 edge 146),,,,16,,,rfMRI connectivity,,21081,21063,21069,10607,-,-,31688,31664,31673,4.50E-02,1.57E-02
2575,25753,rfMRI connectivity (ICA100 edge 147),,,,16,,,rfMRI connectivity,,21081,21063,21069,10607,-,-,31688,31664,31673,2.19E-02,1.38E-02
2576,25753,rfMRI connectivity (ICA100 edge 148),,,,16,,,rfMRI connectivity,,21081,21063,21069,10607,-,-,31688,31664,31673,3.92E-02,1.36E-02
2577,25753,rfMRI connectivity (ICA100 edge 149),,,,16,,,rfMRI connectivity,,21081,21063,21069,10607,-,-,31688,31664,31673,3.61E-02,1.46E-02
2578,25753,rfMRI connectivity (ICA100 edge 150),,,,16,,,rfMRI connectivity,,21081,21063,21069,10607,-,-,31688,31664,31673,2.41E-02,1.38E-02
2579,25753,rfMRI connectivity (ICA100 edge 151),,,,16,,,rfMRI connectivity,,21081,21063,21069,10607,-,-,31688,31664,31673,3.21E-02,1.51E-02
2580,25753,rfMRI connectivity (ICA100 edge 152),,,,16,,,rfMRI connectivity,,21081,21063,21069,10607,-,-,31688,31664,31673,2.80E-03,1.26E-02
2581,25753,rfMRI connectivity (ICA100 edge 153),,,,16,,,rfMRI connectivity,,21081,21063,21069,10607,-,-,31688,31664,31673,-2.70E-03,1.29E-02
2582,25753,rfMRI connectivity (ICA100 edge 154),,,,16,,,rfMRI connectivity,,21081,21063,21069,10607,-,-,31688,31664,31673,3.10E-02,1.43E-02
2583,25753,rfMRI connectivity (ICA100 edge 155),,,,16,,,rfMRI connectivity,,21081,21063,21069,10607,-,-,31688,31664,31673,1.23E-02,1.48E-02
2584,25753,rfMRI connectivity (ICA100 edge 156),,,,16,,,rfMRI connectivity,,21081,21063,21069,10607,-,-,31688,31664,31673,2.80E-03,1.24E-02
2585,25753,rfMRI connectivity (ICA100 edge 157),,,,16,,,rfMRI connectivity,,21081,21063,21069,10607,-,-,31688,31664,31673,1.45E-02,1.38E-02
2586,25753,rfMRI connectivity (ICA100 edge 158),,,,16,,,rfMRI connectivity,,21081,21063,21069,10607,-,-,31688,31664,31673,6.70E-02,1.62E-02
2587,25753,rfMRI connectivity (ICA100 edge 159),,,,16,,,rfMRI connectivity,,21081,21063,21069,10607,-,-,31688,31664,31673,1.32E-02,1.45E-02
2588,25753,rfMRI connectivity (ICA100 edge 160),,,,16,,,rfMRI connectivity,,21081,21063,21069,10607,-,-,31688,31664,31673,5.77E-02,1.35E-02
2589,25753,rfMRI connectivity (ICA100 edge 161),,,,16,,,rfMRI connectivity,,21081,21063,21069,10607,-,-,31688,31664,31673,1.44E-02,1.36E-02
2590,25753,rfMRI connectivity (ICA100 edge 162),,,,16,,,rfMRI connectivity,,21081,21063,21069,10607,-,-,31688,31664,31673,7.71E-02,1.50E-02
2591,25753,rfMRI connectivity (ICA100 edge 163),,,,16,,,rfMRI connectivity,,21081,21063,21069,10607,-,-,31688,31664,31673,6.62E-02,1.62E-02
2592,25753,rfMRI connectivity (ICA100 edge 164),,,,16,,,rfMRI connectivity,,21081,21063,21069,10607,-,-,31688,31664,31673,8.62E-02,1.51E-02
2593,25753,rfMRI connectivity (ICA100 edge 165),,,,16,,,rfMRI connectivity,,21081,21063,21069,10607,-,-,31688,31664,31673,3.19E-02,1.24E-02
2594,25753,rfMRI connectivity (ICA100 edge 166),,,,16,,,rfMRI connectivity,,21081,21063,21069,10607,-,-,31688,31664,31673,5.57E-02,1.48E-02
2595,25753,rfMRI connectivity (ICA100 edge 167),,,,16,,,rfMRI connectivity,,21081,21063,21069,10607,-,-,31688,31664,31673,-4.30E-03,1.38E-02
2596,25753,rfMRI connectivity (ICA100 edge 168),,,,16,,,rfMRI connectivity,,21081,21063,21069,10607,-,-,31688,31664,31673,4.01E-02,1.48E-02
2597,25753,rfMRI connectivity (ICA100 edge 169),,,,16,,,rfMRI connectivity,,21081,21063,21069,10607,-,-,31688,31664,31673,1.42E-02,1.30E-02
2598,25753,rfMRI connectivity (ICA100 edge 170),,,,16,,,rfMRI connectivity,,21081,21063,21069,10607,-,-,31688,31664,31673,4.34E-02,1.41E-02
2599,25753,rfMRI connectivity (ICA100 edge 171),,,,16,,,rfMRI connectivity,,21081,21063,21069,10607,-,-,31688,31664,31673,4.80E-02,1.29E-02
2600,25753,rfMRI connectivity (ICA100 edge 172),,,,16,,,rfMRI connectivity,,21081,21063,21069,10607,-,-,31688,31664,31673,1.72E-02,1.31E-02
2601,25753,rfMRI connectivity (ICA100 edge 173),,,,16,,,rfMRI connectivity,,21081,21063,21069,10607,-,-,31688,31664,31673,3.32E-02,1.35E-02
2602,25753,rfMRI connectivity (ICA100 edge 174),,,,16,,,rfMRI connectivity,,21081,21063,21069,10607,-,-,31688,31664,31673,1.59E-02,1.40E-02
2603,25753,rfMRI connectivity (ICA100 edge 175),,,,16,,,rfMRI connectivity,,21081,21063,21069,10607,-,-,31688,31664,31673,2.92E-02,1.48E-02
2604,25753,rfMRI connectivity (ICA100 edge 176),,,,16,,,rfMRI connectivity,,21081,21063,21069,10607,-,-,31688,31664,31673,-1.40E-03,1.37E-02
2605,25753,rfMRI connectivity (ICA100 edge 177),,,,16,,,rfMRI connectivity,,21081,21063,21069,10607,-,-,31688,31664,31673,3.85E-02,1.37E-02
2606,25753,rfMRI connectivity (ICA100 edge 178),,,,16,,,rfMRI connectivity,,21081,21063,21069,10607,-,-,31688,31664,31673,-1.20E-03,1.43E-02
2607,25753,rfMRI connectivity (ICA100 edge 179),,,,16,,,rfMRI connectivity,,21081,21063,21069,10607,-,-,31688,31664,31673,1.50E-03,1.29E-02
2608,25753,rfMRI connectivity (ICA100 edge 180),,,,16,,,rfMRI connectivity,,21081,21063,21069,10607,-,-,31688,31664,31673,5.30E-03,1.37E-02
2609,25753,rfMRI connectivity (ICA100 edge 181),,,,16,,,rfMRI connectivity,,21081,21063,21069,10607,-,-,31688,31664,31673,1.45E-02,1.30E-02
2610,25753,rfMRI connectivity (ICA100 edge 182),,,,16,,,rfMRI connectivity,,21081,21063,21069,10607,-,-,31688,31664,31673,8.80E-03,1.53E-02
2611,25753,rfMRI connectivity (ICA100 edge 183),,,,16,,,rfMRI connectivity,,21081,21063,21069,10607,-,-,31688,31664,31673,-3.60E-03,1.31E-02
2612,25753,rfMRI connectivity (ICA100 edge 184),,,,16,,,rfMRI connectivity,,21081,21063,21069,10607,-,-,31688,31664,31673,6.40E-03,1.39E-02
2613,25753,rfMRI connectivity (ICA100 edge 185),,,,16,,,rfMRI connectivity,,21081,21063,21069,10607,-,-,31688,31664,31673,2.50E-03,1.35E-02
2614,25753,rfMRI connectivity (ICA100 edge 186),,,,16,,,rfMRI connectivity,,21081,21063,21069,10607,-,-,31688,31664,31673,8.30E-03,1.51E-02
2615,25753,rfMRI connectivity (ICA100 edge 187),,,,16,,,rfMRI connectivity,,21081,21063,21069,10607,-,-,31688,31664,31673,-8.00E-04,1.65E-02
2616,25753,rfMRI connectivity (ICA100 edge 188),,,,16,,,rfMRI connectivity,,21081,21063,21069,10607,-,-,31688,31664,31673,3.12E-02,1.45E-02
2617,25753,rfMRI connectivity (ICA100 edge 189),,,,16,,,rfMRI connectivity,,21081,21063,21069,10607,10601,10604,31688,31664,31673,5.61E-02,1.36E-02
2618,25753,rfMRI connectivity (ICA100 edge 190),,,,16,,,rfMRI connectivity,,21081,21063,21069,10607,-,-,31688,31664,31673,2.06E-02,1.39E-02
2619,25753,rfMRI connectivity (ICA100 edge 191),,,,16,,,rfMRI connectivity,,21081,21063,21069,10607,-,-,31688,31664,31673,1.20E-02,1.48E-02
2620,25753,rfMRI connectivity (ICA100 edge 192),,,,16,,,rfMRI connectivity,,21081,21063,21069,10607,-,-,31688,31664,31673,2.70E-02,1.48E-02
2621,25753,rfMRI connectivity (ICA100 edge 193),,,,16,,,rfMRI connectivity,,21081,21063,21069,10607,-,-,31688,31664,31673,4.77E-02,1.27E-02
2622,25753,rfMRI connectivity (ICA100 edge 194),,,,16,,,rfMRI connectivity,,21081,21063,21069,10607,-,-,31688,31664,31673,1.38E-02,1.35E-02
2623,25753,rfMRI connectivity (ICA100 edge 195),,,,16,,,rfMRI connectivity,,21081,21063,21069,10607,-,-,31688,31664,31673,9.71E-02,1.55E-02
2624,25753,rfMRI connectivity (ICA100 edge 196),,,,16,,,rfMRI connectivity,,21081,21063,21069,10607,-,-,31688,31664,31673,1.20E-02,1.81E-02
2625,25753,rfMRI connectivity (ICA100 edge 197),,,,16,,,rfMRI connectivity,,21081,21063,21069,10607,-,-,31688,31664,31673,7.61E-02,1.66E-02
2626,25753,rfMRI connectivity (ICA100 edge 198),,,,16,,,rfMRI connectivity,,21081,21063,21069,10607,-,-,31688,31664,31673,-1.20E-02,1.36E-02
2627,25753,rfMRI connectivity (ICA100 edge 199),,,,16,,,rfMRI connectivity,,21081,21063,21069,10607,-,-,31688,31664,31673,1.35E-01,1.71E-02
2628,25753,rfMRI connectivity (ICA100 edge 200),,,,16,,,rfMRI connectivity,,21081,21063,21069,10607,-,-,31688,31664,31673,8.13E-02,1.45E-02
2629,25753,rfMRI connectivity (ICA100 edge 201),,,,16,,,rfMRI connectivity,,21081,21063,21069,10607,-,-,31688,31664,31673,9.05E-02,1.59E-02
2630,25753,rfMRI connectivity (ICA100 edge 202),,,,16,,,rfMRI connectivity,,21081,21063,21069,10607,-,-,31688,31664,31673,8.70E-02,1.56E-02
2631,25753,rfMRI connectivity (ICA100 edge 203),,,,16,,,rfMRI connectivity,,21081,21063,21069,10607,-,-,31688,31664,31673,1.01E-01,1.76E-02
2632,25753,rfMRI connectivity (ICA100 edge 204),,,,16,,,rfMRI connectivity,,21081,21063,21069,10607,-,-,31688,31664,31673,5.10E-03,1.47E-02
2633,25753,rfMRI connectivity (ICA100 edge 205),,,,16,,,rfMRI connectivity,,21081,21063,21069,10607,-,-,31688,31664,31673,8.70E-02,1.58E-02
2634,25753,rfMRI connectivity (ICA100 edge 206),,,,16,,,rfMRI connectivity,,21081,21063,21069,10607,-,-,31688,31664,31673,2.55E-02,1.45E-02
2635,25753,rfMRI connectivity (ICA100 edge 207),,,,16,,,rfMRI connectivity,,21081,21063,21069,10607,-,-,31688,31664,31673,5.54E-02,1.53E-02
2636,25753,rfMRI connectivity (ICA100 edge 208),,,,16,,,rfMRI connectivity,,21081,21063,21069,10607,-,-,31688,31664,31673,4.65E-02,1.31E-02
2637,25753,rfMRI connectivity (ICA100 edge 209),,,,16,,,rfMRI connectivity,,21081,21063,21069,10607,-,-,31688,31664,31673,6.34E-02,1.42E-02
2638,25753,rfMRI connectivity (ICA100 edge 210),,,,16,,,rfMRI connectivity,,21081,21063,21069,10607,-,-,31688,31664,31673,1.88E-02,1.33E-02
2639,25753,rfMRI connectivity (ICA100 edge 211),,,,16,,,rfMRI connectivity,,21081,21063,21069,10607,-,-,31688,31664,31673,9.70E-03,1.28E-02
2640,25753,rfMRI connectivity (ICA100 edge 212),,,,16,,,rfMRI connectivity,,21081,21063,21069,10607,-,-,31688,31664,31673,2.64E-02,1.39E-02
2641,25753,rfMRI connectivity (ICA100 edge 213),,,,16,,,rfMRI connectivity,,21081,21063,21069,10607,-,-,31688,31664,31673,9.50E-03,1.39E-02
2642,25753,rfMRI connectivity (ICA100 edge 214),,,,16,,,rfMRI connectivity,,21081,21063,21069,10607,-,-,31688,31664,31673,3.25E-02,2.18E-02
2643,25753,rfMRI connectivity (ICA100 edge 215),,,,16,,,rfMRI connectivity,,21081,21063,21069,10607,-,-,31688,31664,31673,3.12E-02,1.54E-02
2644,25753,rfMRI connectivity (ICA100 edge 216),,,,16,,,rfMRI connectivity,,21081,21063,21069,10607,-,-,31688,31664,31673,2.05E-02,1.28E-02
2645,25753,rfMRI connectivity (ICA100 edge 217),,,,16,,,rfMRI connectivity,,21081,21063,21069,10607,-,-,31688,31664,31673,3.88E-02,1.46E-02
2646,25753,rfMRI connectivity (ICA100 edge 218),,,,16,,,rfMRI connectivity,,21081,21063,21069,10607,-,-,31688,31664,31673,2.78E-02,1.35E-02
2647,25753,rfMRI connectivity (ICA100 edge 219),,,,16,,,rfMRI connectivity,,21081,21063,21069,10607,-,-,31688,31664,31673,9.07E-02,2.09E-02
2648,25753,rfMRI connectivity (ICA100 edge 220),,,,16,,,rfMRI connectivity,,21081,21063,21069,10607,-,-,31688,31664,31673,5.63E-02,1.32E-02
2649,25753,rfMRI connectivity (ICA100 edge 221),,,,16,,,rfMRI connectivity,,21081,21063,21069,10607,-,-,31688,31664,31673,6.54E-02,1.56E-02
2650,25753,rfMRI connectivity (ICA100 edge 222),,,,16,,,rfMRI connectivity,,21081,21063,21069,10607,-,-,31688,31664,31673,1.12E-02,1.38E-02
2651,25753,rfMRI connectivity (ICA100 edge 223),,,,16,,,rfMRI connectivity,,21081,21063,21069,10607,-,-,31688,31664,31673,2.95E-02,1.45E-02
2652,25753,rfMRI connectivity (ICA100 edge 224),,,,16,,,rfMRI connectivity,,21081,21063,21069,10607,-,-,31688,31664,31673,7.30E-03,1.40E-02
2653,25753,rfMRI connectivity (ICA100 edge 225),,,,16,,,rfMRI connectivity,,21081,21063,21069,10607,-,-,31688,31664,31673,3.75E-02,1.43E-02
2654,25753,rfMRI connectivity (ICA100 edge 226),,,,16,,,rfMRI connectivity,,21081,21063,21069,10607,-,-,31688,31664,31673,9.90E-03,1.48E-02
2655,25753,rfMRI connectivity (ICA100 edge 227),,,,16,,,rfMRI connectivity,,21081,21063,21069,10607,-,-,31688,31664,31673,3.97E-02,1.69E-02
2656,25753,rfMRI connectivity (ICA100 edge 228),,,,16,,,rfMRI connectivity,,21081,21063,21069,10607,-,-,31688,31664,31673,1.79E-02,1.33E-02
2657,25753,rfMRI connectivity (ICA100 edge 229),,,,16,,,rfMRI connectivity,,21081,21063,21069,10607,-,-,31688,31664,31673,3.59E-02,1.48E-02
2658,25753,rfMRI connectivity (ICA100 edge 230),,,,16,,,rfMRI connectivity,,21081,21063,21069,10607,-,-,31688,31664,31673,6.30E-03,1.44E-02
2659,25753,rfMRI connectivity (ICA100 edge 231),,,,16,,,rfMRI connectivity,,21081,21063,21069,10607,-,-,31688,31664,31673,4.22E-02,1.43E-02
2660,25753,rfMRI connectivity (ICA100 edge 232),,,,16,,,rfMRI connectivity,,21081,21063,21069,10607,-,-,31688,31664,31673,1.70E-02,1.33E-02
2661,25753,rfMRI connectivity (ICA100 edge 233),,,,16,,,rfMRI connectivity,,21081,21063,21069,10607,-,-,31688,31664,31673,4.34E-02,1.41E-02
2662,25753,rfMRI connectivity (ICA100 edge 234),,,,16,,,rfMRI connectivity,,21081,21063,21069,10607,-,-,31688,31664,31673,9.00E-04,1.33E-02
2663,25753,rfMRI connectivity (ICA100 edge 235),,,,16,,,rfMRI connectivity,,21081,21063,21069,10607,-,-,31688,31664,31673,4.60E-02,1.31E-02
2664,25753,rfMRI connectivity (ICA100 edge 236),,,,16,,,rfMRI connectivity,,21081,21063,21069,10607,-,-,31688,31664,31673,2.06E-02,1.38E-02
2665,25753,rfMRI connectivity (ICA100 edge 237),,,,16,,,rfMRI connectivity,,21081,21063,21069,10607,-,-,31688,31664,31673,4.12E-02,1.43E-02
2666,25753,rfMRI connectivity (ICA100 edge 238),,,,16,,,rfMRI connectivity,,21081,21063,21069,10607,-,-,31688,31664,31673,4.40E-02,1.48E-02
2667,25753,rfMRI connectivity (ICA100 edge 239),,,,16,,,rfMRI connectivity,,21081,21063,21069,10607,-,-,31688,31664,31673,3.70E-02,1.54E-02
2668,25753,rfMRI connectivity (ICA100 edge 240),,,,16,,,rfMRI connectivity,,21081,21063,21069,10607,-,-,31688,31664,31673,2.51E-02,1.78E-02
2669,25753,rfMRI connectivity (ICA100 edge 241),,,,16,,,rfMRI connectivity,,21081,21063,21069,10607,-,-,31688,31664,31673,-5.60E-03,1.31E-02
2670,25753,rfMRI connectivity (ICA100 edge 242),,,,16,,,rfMRI connectivity,,21081,21063,21069,10607,-,-,31688,31664,31673,3.36E-02,1.35E-02
2671,25753,rfMRI connectivity (ICA100 edge 243),,,,16,,,rfMRI connectivity,,21081,21063,21069,10607,-,-,31688,31664,31673,2.15E-02,1.29E-02
2672,25753,rfMRI connectivity (ICA100 edge 244),,,,16,,,rfMRI connectivity,,21081,21063,21069,10607,-,-,31688,31664,31673,2.06E-02,1.44E-02
2673,25753,rfMRI connectivity (ICA100 edge 245),,,,16,,,rfMRI connectivity,,21081,21063,21069,10607,-,-,31688,31664,31673,1.09E-02,1.24E-02
2674,25753,rfMRI connectivity (ICA100 edge 246),,,,16,,,rfMRI connectivity,,21081,21063,21069,10607,-,-,31688,31664,31673,1.91E-02,1.32E-02
2675,25753,rfMRI connectivity (ICA100 edge 247),,,,16,,,rfMRI connectivity,,21081,21063,21069,10607,-,-,31688,31664,31673,1.48E-02,1.48E-02
2676,25753,rfMRI connectivity (ICA100 edge 248),,,,16,,,rfMRI connectivity,,21081,21063,21069,10607,-,-,31688,31664,31673,7.83E-02,1.76E-02
2677,25753,rfMRI connectivity (ICA100 edge 249),,,,16,,,rfMRI connectivity,,21081,21063,21069,10607,-,-,31688,31664,31673,1.66E-02,1.36E-02
2678,25753,rfMRI connectivity (ICA100 edge 250),,,,16,,,rfMRI connectivity,,21081,21063,21069,10607,-,-,31688,31664,31673,3.71E-02,1.32E-02
2679,25753,rfMRI connectivity (ICA100 edge 251),,,,16,,,rfMRI connectivity,,21081,21063,21069,10607,-,-,31688,31664,31673,5.27E-02,1.45E-02
2680,25753,rfMRI connectivity (ICA100 edge 252),,,,16,,,rfMRI connectivity,,21081,21063,21069,10607,-,-,31688,31664,31673,3.23E-02,1.37E-02
2681,25753,rfMRI connectivity (ICA100 edge 253),,,,16,,,rfMRI connectivity,,21081,21063,21069,10607,-,-,31688,31664,31673,4.11E-02,2.19E-02
2682,25753,rfMRI connectivity (ICA100 edge 254),,,,16,,,rfMRI connectivity,,21081,21063,21069,10607,-,-,31688,31664,31673,2.32E-02,1.41E-02
2683,25753,rfMRI connectivity (ICA100 edge 255),,,,16,,,rfMRI connectivity,,21081,21063,21069,10607,-,-,31688,31664,31673,4.30E-02,1.43E-02
2684,25753,rfMRI connectivity (ICA100 edge 256),,,,16,,,rfMRI connectivity,,21081,21063,21069,10607,-,-,31688,31664,31673,7.27E-02,1.31E-02
2685,25753,rfMRI connectivity (ICA100 edge 257),,,,16,,,rfMRI connectivity,,21081,21063,21069,10607,-,-,31688,31664,31673,2.76E-02,1.50E-02
2686,25753,rfMRI connectivity (ICA100 edge 258),,,,16,,,rfMRI connectivity,,21081,21063,21069,10607,-,-,31688,31664,31673,3.14E-02,1.46E-02
2687,25753,rfMRI connectivity (ICA100 edge 259),,,,16,,,rfMRI connectivity,,21081,21063,21069,10607,-,-,31688,31664,31673,1.08E-02,1.34E-02
2688,25753,rfMRI connectivity (ICA100 edge 260),,,,16,,,rfMRI connectivity,,21081,21063,21069,10607,-,-,31688,31664,31673,4.00E-02,1.62E-02
2689,25753,rfMRI connectivity (ICA100 edge 261),,,,16,,,rfMRI connectivity,,21081,21063,21069,10607,-,-,31688,31664,31673,4.76E-02,1.47E-02
2690,25753,rfMRI connectivity (ICA100 edge 262),,,,16,,,rfMRI connectivity,,21081,21063,21069,10607,-,-,31688,31664,31673,5.43E-02,1.48E-02
2691,25753,rfMRI connectivity (ICA100 edge 263),,,,16,,,rfMRI connectivity,,21081,21063,21069,10607,-,-,31688,31664,31673,7.36E-02,1.38E-02
2692,25753,rfMRI connectivity (ICA100 edge 264),,,,16,,,rfMRI connectivity,,21081,21063,21069,10607,-,-,31688,31664,31673,4.62E-02,1.40E-02
2693,25753,rfMRI connectivity (ICA100 edge 265),,,,16,,,rfMRI connectivity,,21081,21063,21069,10607,-,-,31688,31664,31673,6.41E-02,1.61E-02
2694,25753,rfMRI connectivity (ICA100 edge 266),,,,16,,,rfMRI connectivity,,21081,21063,21069,10607,-,-,31688,31664,31673,1.13E-01,2.14E-02
2695,25753,rfMRI connectivity (ICA100 edge 267),,,,16,,,rfMRI connectivity,,21081,21063,21069,10607,-,-,31688,31664,31673,3.30E-02,1.47E-02
2696,25753,rfMRI connectivity (ICA100 edge 268),,,,16,,,rfMRI connectivity,,21081,21063,21069,10607,-,-,31688,31664,31673,4.24E-02,1.36E-02
2697,25753,rfMRI connectivity (ICA100 edge 269),,,,16,,,rfMRI connectivity,,21081,21063,21069,10607,-,-,31688,31664,31673,8.70E-03,1.41E-02
2698,25753,rfMRI connectivity (ICA100 edge 270),,,,16,,,rfMRI connectivity,,21081,21063,21069,10607,-,-,31688,31664,31673,3.53E-02,1.58E-02
2699,25753,rfMRI connectivity (ICA100 edge 271),,,,16,,,rfMRI connectivity,,21081,21063,21069,10607,-,-,31688,31664,31673,7.65E-02,1.38E-02
2700,25753,rfMRI connectivity (ICA100 edge 272),,,,16,,,rfMRI connectivity,,21081,21063,21069,10607,-,-,31688,31664,31673,1.22E-01,1.63E-02
2701,25753,rfMRI connectivity (ICA100 edge 273),,,,16,,,rfMRI connectivity,,21081,21063,21069,10607,-,-,31688,31664,31673,3.56E-02,1.61E-02
2702,25753,rfMRI connectivity (ICA100 edge 274),,,,16,,,rfMRI connectivity,,21081,21063,21069,10607,-,-,31688,31664,31673,8.45E-02,1.48E-02
2703,25753,rfMRI connectivity (ICA100 edge 275),,,,16,,,rfMRI connectivity,,21081,21063,21069,10607,-,-,31688,31664,31673,1.58E-02,1.43E-02
2704,25753,rfMRI connectivity (ICA100 edge 276),,,,16,,,rfMRI connectivity,,21081,21063,21069,10607,-,-,31688,31664,31673,1.51E-02,1.44E-02
2705,25753,rfMRI connectivity (ICA100 edge 277),,,,16,,,rfMRI connectivity,,21081,21063,21069,10607,-,-,31688,31664,31673,1.20E-02,1.29E-02
2706,25753,rfMRI connectivity (ICA100 edge 278),,,,16,,,rfMRI connectivity,,21081,21063,21069,10607,-,-,31688,31664,31673,4.57E-02,1.54E-02
2707,25753,rfMRI connectivity (ICA100 edge 279),,,,16,,,rfMRI connectivity,,21081,21063,21069,10607,-,-,31688,31664,31673,2.43E-02,1.30E-02
2708,25753,rfMRI connectivity (ICA100 edge 280),,,,16,,,rfMRI connectivity,,21081,21063,21069,10607,-,-,31688,31664,31673,5.80E-02,1.94E-02
2709,25753,rfMRI connectivity (ICA100 edge 281),,,,16,,,rfMRI connectivity,,21081,21063,21069,10607,-,-,31688,31664,31673,4.92E-02,1.64E-02
2710,25753,rfMRI connectivity (ICA100 edge 282),,,,16,,,rfMRI connectivity,,21081,21063,21069,10607,-,-,31688,31664,31673,4.50E-03,1.39E-02
2711,25753,rfMRI connectivity (ICA100 edge 283),,,,16,,,rfMRI connectivity,,21081,21063,21069,10607,-,-,31688,31664,31673,6.57E-02,1.48E-02
2712,25753,rfMRI connectivity (ICA100 edge 284),,,,16,,,rfMRI connectivity,,21081,21063,21069,10607,-,-,31688,31664,31673,3.79E-02,1.38E-02
2713,25753,rfMRI connectivity (ICA100 edge 285),,,,16,,,rfMRI connectivity,,21081,21063,21069,10607,-,-,31688,31664,31673,9.65E-02,1.69E-02
2714,25753,rfMRI connectivity (ICA100 edge 286),,,,16,,,rfMRI connectivity,,21081,21063,21069,10607,-,-,31688,31664,31673,1.13E-01,1.57E-02
2715,25753,rfMRI connectivity (ICA100 edge 287),,,,16,,,rfMRI connectivity,,21081,21063,21069,10607,-,-,31688,31664,31673,6.84E-02,1.52E-02
2716,25753,rfMRI connectivity (ICA100 edge 288),,,,16,,,rfMRI connectivity,,21081,21063,21069,10607,-,-,31688,31664,31673,8.26E-02,1.68E-02
2717,25753,rfMRI connectivity (ICA100 edge 289),,,,16,,,rfMRI connectivity,,21081,21063,21069,10607,-,-,31688,31664,31673,4.84E-02,1.63E-02
2718,25753,rfMRI connectivity (ICA100 edge 290),,,,16,,,rfMRI connectivity,,21081,21063,21069,10607,-,-,31688,31664,31673,1.91E-02,1.73E-02
2719,25753,rfMRI connectivity (ICA100 edge 291),,,,16,,,rfMRI connectivity,,21081,21063,21069,10607,-,-,31688,31664,31673,7.72E-02,1.43E-02
2720,25753,rfMRI connectivity (ICA100 edge 292),,,,16,,,rfMRI connectivity,,21081,21063,21069,10607,-,-,31688,31664,31673,3.36E-02,1.48E-02
2721,25753,rfMRI connectivity (ICA100 edge 293),,,,16,,,rfMRI connectivity,,21081,21063,21069,10607,-,-,31688,31664,31673,5.13E-02,1.52E-02
2722,25753,rfMRI connectivity (ICA100 edge 294),,,,16,,,rfMRI connectivity,,21081,21063,21069,10607,-,-,31688,31664,31673,6.75E-02,1.53E-02
2723,25753,rfMRI connectivity (ICA100 edge 295),,,,16,,,rfMRI connectivity,,21081,21063,21069,10607,-,-,31688,31664,31673,8.55E-02,1.59E-02
2724,25753,rfMRI connectivity (ICA100 edge 296),,,,16,,,rfMRI connectivity,,21081,21063,21069,10607,-,-,31688,31664,31673,1.97E-02,1.30E-02
2725,25753,rfMRI connectivity (ICA100 edge 297),,,,16,,,rfMRI connectivity,,21081,21063,21069,10607,-,-,31688,31664,31673,1.19E-01,1.83E-02
2726,25753,rfMRI connectivity (ICA100 edge 298),,,,16,,,rfMRI connectivity,,21081,21063,21069,10607,-,-,31688,31664,31673,5.10E-02,1.49E-02
2727,25753,rfMRI connectivity (ICA100 edge 299),,,,16,,,rfMRI connectivity,,21081,21063,21069,10607,-,-,31688,31664,31673,2.89E-02,1.35E-02
2728,25753,rfMRI connectivity (ICA100 edge 300),,,,16,,,rfMRI connectivity,,21081,21063,21069,10607,-,-,31688,31664,31673,1.56E-01,1.52E-02
2729,25753,rfMRI connectivity (ICA100 edge 301),,,,16,,,rfMRI connectivity,,21081,21063,21069,10607,-,-,31688,31664,31673,5.00E-02,1.40E-02
2730,25753,rfMRI connectivity (ICA100 edge 302),,,,16,,,rfMRI connectivity,,21081,21063,21069,10607,-,-,31688,31664,31673,2.02E-02,1.46E-02
2731,25753,rfMRI connectivity (ICA100 edge 303),,,,16,,,rfMRI connectivity,,21081,21063,21069,10607,-,-,31688,31664,31673,6.00E-03,1.22E-02
2732,25753,rfMRI connectivity (ICA100 edge 304),,,,16,,,rfMRI connectivity,,21081,21063,21069,10607,-,-,31688,31664,31673,6.23E-02,1.89E-02
2733,25753,rfMRI connectivity (ICA100 edge 305),,,,16,,,rfMRI connectivity,,21081,21063,21069,10607,-,-,31688,31664,31673,3.41E-02,1.44E-02
2734,25753,rfMRI connectivity (ICA100 edge 306),,,,16,,,rfMRI connectivity,,21081,21063,21069,10607,-,-,31688,31664,31673,2.20E-03,1.32E-02
2735,25753,rfMRI connectivity (ICA100 edge 307),,,,16,,,rfMRI connectivity,,21081,21063,21069,10607,-,-,31688,31664,31673,4.78E-02,1.43E-02
2736,25753,rfMRI connectivity (ICA100 edge 308),,,,16,,,rfMRI connectivity,,21081,21063,21069,10607,-,-,31688,31664,31673,9.70E-03,1.17E-02
2737,25753,rfMRI connectivity (ICA100 edge 309),,,,16,,,rfMRI connectivity,,21081,21063,21069,10607,-,-,31688,31664,31673,3.42E-02,1.27E-02
2738,25753,rfMRI connectivity (ICA100 edge 310),,,,16,,,rfMRI connectivity,,21081,21063,21069,10607,-,-,31688,31664,31673,2.38E-02,1.30E-02
2739,25753,rfMRI connectivity (ICA100 edge 311),,,,16,,,rfMRI connectivity,,21081,21063,21069,10607,-,-,31688,31664,31673,6.15E-02,1.68E-02
2740,25753,rfMRI connectivity (ICA100 edge 312),,,,16,,,rfMRI connectivity,,21081,21063,21069,10607,-,-,31688,31664,31673,8.06E-02,1.49E-02
2741,25753,rfMRI connectivity (ICA100 edge 313),,,,16,,,rfMRI connectivity,,21081,21063,21069,10607,-,-,31688,31664,31673,3.50E-02,1.34E-02
2742,25753,rfMRI connectivity (ICA100 edge 314),,,,16,,,rfMRI connectivity,,21081,21063,21069,10607,-,-,31688,31664,31673,-3.24E-05,1.51E-02
2743,25753,rfMRI connectivity (ICA100 edge 315),,,,16,,,rfMRI connectivity,,21081,21063,21069,10607,-,-,31688,31664,31673,1.52E-02,1.59E-02
2744,25753,rfMRI connectivity (ICA100 edge 316),,,,16,,,rfMRI connectivity,,21081,21063,21069,10607,-,-,31688,31664,31673,-6.80E-03,1.36E-02
2745,25753,rfMRI connectivity (ICA100 edge 317),,,,16,,,rfMRI connectivity,,21081,21063,21069,10607,-,-,31688,31664,31673,6.00E-04,1.37E-02
2746,25753,rfMRI connectivity (ICA100 edge 318),,,,16,,,rfMRI connectivity,,21081,21063,21069,10607,-,-,31688,31664,31673,5.63E-02,1.26E-02
2747,25753,rfMRI connectivity (ICA100 edge 319),,,,16,,,rfMRI connectivity,,21081,21063,21069,10607,-,-,31688,31664,31673,7.60E-02,1.58E-02
2748,25753,rfMRI connectivity (ICA100 edge 320),,,,16,,,rfMRI connectivity,,21081,21063,21069,10607,-,-,31688,31664,31673,1.95E-02,1.32E-02
2749,25753,rfMRI connectivity (ICA100 edge 321),,,,16,,,rfMRI connectivity,,21081,21063,21069,10607,-,-,31688,31664,31673,2.81E-02,1.43E-02
2750,25753,rfMRI connectivity (ICA100 edge 322),,,,16,,,rfMRI connectivity,,21081,21063,21069,10607,-,-,31688,31664,31673,3.12E-02,1.46E-02
2751,25753,rfMRI connectivity (ICA100 edge 323),,,,16,,,rfMRI connectivity,,21081,21063,21069,10607,-,-,31688,31664,31673,2.19E-02,1.48E-02
2752,25753,rfMRI connectivity (ICA100 edge 324),,,,16,,,rfMRI connectivity,,21081,21063,21069,10607,-,-,31688,31664,31673,3.07E-02,1.40E-02
2753,25753,rfMRI connectivity (ICA100 edge 325),,,,16,,,rfMRI connectivity,,21081,21063,21069,10607,-,-,31688,31664,31673,4.19E-02,1.66E-02
2754,25753,rfMRI connectivity (ICA100 edge 326),,,,16,,,rfMRI connectivity,,21081,21063,21069,10607,-,-,31688,31664,31673,1.53E-02,1.53E-02
2755,25753,rfMRI connectivity (ICA100 edge 327),,,,16,,,rfMRI connectivity,,21081,21063,21069,10607,-,-,31688,31664,31673,1.00E-01,1.47E-02
2756,25753,rfMRI connectivity (ICA100 edge 328),,,,16,,,rfMRI connectivity,,21081,21063,21069,10607,-,-,31688,31664,31673,2.14E-02,1.41E-02
2757,25753,rfMRI connectivity (ICA100 edge 329),,,,16,,,rfMRI connectivity,,21081,21063,21069,10607,-,-,31688,31664,31673,2.13E-02,1.41E-02
2758,25753,rfMRI connectivity (ICA100 edge 330),,,,16,,,rfMRI connectivity,,21081,21063,21069,10607,-,-,31688,31664,31673,5.06E-02,1.24E-02
2759,25753,rfMRI connectivity (ICA100 edge 331),,,,16,,,rfMRI connectivity,,21081,21063,21069,10607,-,-,31688,31664,31673,2.84E-02,1.27E-02
2760,25753,rfMRI connectivity (ICA100 edge 332),,,,16,,,rfMRI connectivity,,21081,21063,21069,10607,-,-,31688,31664,31673,2.15E-02,1.37E-02
2761,25753,rfMRI connectivity (ICA100 edge 333),,,,16,,,rfMRI connectivity,,21081,21063,21069,10607,-,-,31688,31664,31673,2.40E-02,1.55E-02
2762,25753,rfMRI connectivity (ICA100 edge 334),,,,16,,,rfMRI connectivity,,21081,21063,21069,10607,-,-,31688,31664,31673,3.90E-02,1.52E-02
2763,25753,rfMRI connectivity (ICA100 edge 335),,,,16,,,rfMRI connectivity,,21081,21063,21069,10607,-,-,31688,31664,31673,5.22E-02,1.42E-02
2764,25753,rfMRI connectivity (ICA100 edge 336),,,,16,,,rfMRI connectivity,,21081,21063,21069,10607,-,-,31688,31664,31673,8.32E-02,1.61E-02
2765,25753,rfMRI connectivity (ICA100 edge 337),,,,16,,,rfMRI connectivity,,21081,21063,21069,10607,-,-,31688,31664,31673,2.94E-02,1.41E-02
2766,25753,rfMRI connectivity (ICA100 edge 338),,,,16,,,rfMRI connectivity,,21081,21063,21069,10607,-,-,31688,31664,31673,4.35E-02,1.50E-02
2767,25753,rfMRI connectivity (ICA100 edge 339),,,,16,,,rfMRI connectivity,,21081,21063,21069,10607,-,-,31688,31664,31673,4.20E-03,1.30E-02
2768,25753,rfMRI connectivity (ICA100 edge 340),,,,16,,,rfMRI connectivity,,21081,21063,21069,10607,-,-,31688,31664,31673,3.46E-02,1.36E-02
2769,25753,rfMRI connectivity (ICA100 edge 341),,,,16,,,rfMRI connectivity,,21081,21063,21069,10607,-,-,31688,31664,31673,1.48E-02,1.40E-02
2770,25753,rfMRI connectivity (ICA100 edge 342),,,,16,,,rfMRI connectivity,,21081,21063,21069,10607,-,-,31688,31664,31673,4.84E-02,1.57E-02
2771,25753,rfMRI connectivity (ICA100 edge 343),,,,16,,,rfMRI connectivity,,21081,21063,21069,10607,-,-,31688,31664,31673,6.09E-02,1.45E-02
2772,25753,rfMRI connectivity (ICA100 edge 344),,,,16,,,rfMRI connectivity,,21081,21063,21069,10607,-,-,31688,31664,31673,2.50E-02,1.42E-02
2773,25753,rfMRI connectivity (ICA100 edge 345),,,,16,,,rfMRI connectivity,,21081,21063,21069,10607,-,-,31688,31664,31673,6.16E-02,1.55E-02
2774,25753,rfMRI connectivity (ICA100 edge 346),,,,16,,,rfMRI connectivity,,21081,21063,21069,10607,-,-,31688,31664,31673,3.45E-02,1.42E-02
2775,25753,rfMRI connectivity (ICA100 edge 347),,,,16,,,rfMRI connectivity,,21081,21063,21069,10607,-,-,31688,31664,31673,3.71E-02,1.47E-02
2776,25753,rfMRI connectivity (ICA100 edge 348),,,,16,,,rfMRI connectivity,,21081,21063,21069,10607,-,-,31688,31664,31673,2.07E-02,1.34E-02
2777,25753,rfMRI connectivity (ICA100 edge 349),,,,16,,,rfMRI connectivity,,21081,21063,21069,10607,-,-,31688,31664,31673,5.15E-02,1.33E-02
2778,25753,rfMRI connectivity (ICA100 edge 350),,,,16,,,rfMRI connectivity,,21081,21063,21069,10607,-,-,31688,31664,31673,3.05E-02,1.44E-02
2779,25753,rfMRI connectivity (ICA100 edge 351),,,,16,,,rfMRI connectivity,,21081,21063,21069,10607,-,-,31688,31664,31673,4.25E-02,1.46E-02
2780,25753,rfMRI connectivity (ICA100 edge 352),,,,16,,,rfMRI connectivity,,21081,21063,21069,10607,-,-,31688,31664,31673,8.90E-03,1.32E-02
2781,25753,rfMRI connectivity (ICA100 edge 353),,,,16,,,rfMRI connectivity,,21081,21063,21069,10607,-,-,31688,31664,31673,5.12E-02,1.49E-02
2782,25753,rfMRI connectivity (ICA100 edge 354),,,,16,,,rfMRI connectivity,,21081,21063,21069,10607,-,-,31688,31664,31673,1.01E-02,1.23E-02
2783,25753,rfMRI connectivity (ICA100 edge 355),,,,16,,,rfMRI connectivity,,21081,21063,21069,10607,-,-,31688,31664,31673,2.00E-04,1.26E-02
2784,25753,rfMRI connectivity (ICA100 edge 356),,,,16,,,rfMRI connectivity,,21081,21063,21069,10607,-,-,31688,31664,31673,4.62E-02,1.64E-02
2785,25753,rfMRI connectivity (ICA100 edge 357),,,,16,,,rfMRI connectivity,,21081,21063,21069,10607,-,-,31688,31664,31673,1.76E-02,1.45E-02
2786,25753,rfMRI connectivity (ICA100 edge 358),,,,16,,,rfMRI connectivity,,21081,21063,21069,10607,-,-,31688,31664,31673,5.77E-02,1.48E-02
2787,25753,rfMRI connectivity (ICA100 edge 359),,,,16,,,rfMRI connectivity,,21081,21063,21069,10607,-,-,31688,31664,31673,-9.90E-03,1.20E-02
2788,25753,rfMRI connectivity (ICA100 edge 360),,,,16,,,rfMRI connectivity,,21081,21063,21069,10607,-,-,31688,31664,31673,8.98E-02,1.71E-02
2789,25753,rfMRI connectivity (ICA100 edge 361),,,,16,,,rfMRI connectivity,,21081,21063,21069,10607,-,-,31688,31664,31673,4.40E-02,1.43E-02
2790,25753,rfMRI connectivity (ICA100 edge 362),,,,16,,,rfMRI connectivity,,21081,21063,21069,10607,-,-,31688,31664,31673,5.17E-02,1.44E-02
2791,25753,rfMRI connectivity (ICA100 edge 363),,,,16,,,rfMRI connectivity,,21081,21063,21069,10607,-,-,31688,31664,31673,5.68E-02,1.37E-02
2792,25753,rfMRI connectivity (ICA100 edge 364),,,,16,,,rfMRI connectivity,,21081,21063,21069,10607,-,-,31688,31664,31673,8.15E-02,1.54E-02
2793,25753,rfMRI connectivity (ICA100 edge 365),,,,16,,,rfMRI connectivity,,21081,21063,21069,10607,-,-,31688,31664,31673,2.72E-02,1.42E-02
2794,25753,rfMRI connectivity (ICA100 edge 366),,,,16,,,rfMRI connectivity,,21081,21063,21069,10607,-,-,31688,31664,31673,9.30E-03,1.37E-02
2795,25753,rfMRI connectivity (ICA100 edge 367),,,,16,,,rfMRI connectivity,,21081,21063,21069,10607,-,-,31688,31664,31673,1.87E-02,1.98E-02
2796,25753,rfMRI connectivity (ICA100 edge 368),,,,16,,,rfMRI connectivity,,21081,21063,21069,10607,-,-,31688,31664,31673,4.35E-02,1.63E-02
2797,25753,rfMRI connectivity (ICA100 edge 369),,,,16,,,rfMRI connectivity,,21081,21063,21069,10607,-,-,31688,31664,31673,2.92E-02,1.27E-02
2798,25753,rfMRI connectivity (ICA100 edge 370),,,,16,,,rfMRI connectivity,,21081,21063,21069,10607,-,-,31688,31664,31673,5.88E-02,1.66E-02
2799,25753,rfMRI connectivity (ICA100 edge 371),,,,16,,,rfMRI connectivity,,21081,21063,21069,10607,-,-,31688,31664,31673,3.47E-02,1.49E-02
2800,25753,rfMRI connectivity (ICA100 edge 372),,,,16,,,rfMRI connectivity,,21081,21063,21069,10607,-,-,31688,31664,31673,1.29E-01,1.71E-02
2801,25753,rfMRI connectivity (ICA100 edge 373),,,,16,,,rfMRI connectivity,,21081,21063,21069,10607,-,-,31688,31664,31673,4.76E-02,1.43E-02
2802,25753,rfMRI connectivity (ICA100 edge 374),,,,16,,,rfMRI connectivity,,21081,21063,21069,10607,-,-,31688,31664,31673,3.84E-02,1.39E-02
2803,25753,rfMRI connectivity (ICA100 edge 375),,,,16,,,rfMRI connectivity,,21081,21063,21069,10607,-,-,31688,31664,31673,4.38E-02,1.39E-02
2804,25753,rfMRI connectivity (ICA100 edge 376),,,,16,,,rfMRI connectivity,,21081,21063,21069,10607,-,-,31688,31664,31673,7.27E-02,1.46E-02
2805,25753,rfMRI connectivity (ICA100 edge 377),,,,16,,,rfMRI connectivity,,21081,21063,21069,10607,-,-,31688,31664,31673,3.30E-02,1.33E-02
2806,25753,rfMRI connectivity (ICA100 edge 378),,,,16,,,rfMRI connectivity,,21081,21063,21069,10607,-,-,31688,31664,31673,3.98E-02,1.58E-02
2807,25753,rfMRI connectivity (ICA100 edge 379),,,,16,,,rfMRI connectivity,,21081,21063,21069,10607,-,-,31688,31664,31673,1.93E-02,1.38E-02
2808,25753,rfMRI connectivity (ICA100 edge 380),,,,16,,,rfMRI connectivity,,21081,21063,21069,10607,-,-,31688,31664,31673,1.32E-01,1.94E-02
2809,25753,rfMRI connectivity (ICA100 edge 381),,,,16,,,rfMRI connectivity,,21081,21063,21069,10607,-,-,31688,31664,31673,2.58E-02,1.40E-02
2810,25753,rfMRI connectivity (ICA100 edge 382),,,,16,,,rfMRI connectivity,,21081,21063,21069,10607,-,-,31688,31664,31673,4.98E-02,1.76E-02
2811,25753,rfMRI connectivity (ICA100 edge 383),,,,16,,,rfMRI connectivity,,21081,21063,21069,10607,-,-,31688,31664,31673,1.22E-01,2.16E-02
2812,25753,rfMRI connectivity (ICA100 edge 384),,,,16,,,rfMRI connectivity,,21081,21063,21069,10607,-,-,31688,31664,31673,-2.04E-02,1.49E-02
2813,25753,rfMRI connectivity (ICA100 edge 385),,,,16,,,rfMRI connectivity,,21081,21063,21069,10607,-,-,31688,31664,31673,8.01E-02,1.41E-02
2814,25753,rfMRI connectivity (ICA100 edge 386),,,,16,,,rfMRI connectivity,,21081,21063,21069,10607,-,-,31688,31664,31673,2.32E-02,1.28E-02
2815,25753,rfMRI connectivity (ICA100 edge 387),,,,16,,,rfMRI connectivity,,21081,21063,21069,10607,-,-,31688,31664,31673,2.04E-01,3.09E-02
2816,25753,rfMRI connectivity (ICA100 edge 388),,,,16,,,rfMRI connectivity,,21081,21063,21069,10607,-,-,31688,31664,31673,8.74E-02,1.53E-02
2817,25753,rfMRI connectivity (ICA100 edge 389),,,,16,,,rfMRI connectivity,,21081,21063,21069,10607,-,-,31688,31664,31673,9.94E-02,1.63E-02
2818,25753,rfMRI connectivity (ICA100 edge 390),,,,16,,,rfMRI connectivity,,21081,21063,21069,10607,-,-,31688,31664,31673,1.01E-01,1.70E-02
2819,25753,rfMRI connectivity (ICA100 edge 391),,,,16,,,rfMRI connectivity,,21081,21063,21069,10607,-,-,31688,31664,31673,1.30E-01,1.91E-02
2820,25753,rfMRI connectivity (ICA100 edge 392),,,,16,,,rfMRI connectivity,,21081,21063,21069,10607,-,-,31688,31664,31673,-2.50E-03,1.33E-02
2821,25753,rfMRI connectivity (ICA100 edge 393),,,,16,,,rfMRI connectivity,,21081,21063,21069,10607,-,-,31688,31664,31673,4.16E-02,1.41E-02
2822,25753,rfMRI connectivity (ICA100 edge 394),,,,16,,,rfMRI connectivity,,21081,21063,21069,10607,-,-,31688,31664,31673,1.03E-02,1.27E-02
2823,25753,rfMRI connectivity (ICA100 edge 395),,,,16,,,rfMRI connectivity,,21081,21063,21069,10607,-,-,31688,31664,31673,2.67E-02,1.31E-02
2824,25753,rfMRI connectivity (ICA100 edge 396),,,,16,,,rfMRI connectivity,,21081,21063,21069,10607,-,-,31688,31664,31673,5.91E-02,1.62E-02
2825,25753,rfMRI connectivity (ICA100 edge 397),,,,16,,,rfMRI connectivity,,21081,21063,21069,10607,-,-,31688,31664,31673,1.06E-01,1.69E-02
2826,25753,rfMRI connectivity (ICA100 edge 398),,,,16,,,rfMRI connectivity,,21081,21063,21069,10607,-,-,31688,31664,31673,3.99E-02,1.47E-02
2827,25753,rfMRI connectivity (ICA100 edge 399),,,,16,,,rfMRI connectivity,,21081,21063,21069,10607,-,-,31688,31664,31673,1.40E-01,1.94E-02
2828,25753,rfMRI connectivity (ICA100 edge 400),,,,16,,,rfMRI connectivity,,21081,21063,21069,10607,-,-,31688,31664,31673,1.86E-02,1.52E-02
2829,25753,rfMRI connectivity (ICA100 edge 401),,,,16,,,rfMRI connectivity,,21081,21063,21069,10607,-,-,31688,31664,31673,3.31E-02,1.51E-02
2830,25753,rfMRI connectivity (ICA100 edge 402),,,,16,,,rfMRI connectivity,,21081,21063,21069,10607,-,-,31688,31664,31673,8.19E-02,1.69E-02
2831,25753,rfMRI connectivity (ICA100 edge 403),,,,16,,,rfMRI connectivity,,21081,21063,21069,10607,-,-,31688,31664,31673,1.40E-01,1.80E-02
2832,25753,rfMRI connectivity (ICA100 edge 404),,,,16,,,rfMRI connectivity,,21081,21063,21069,10607,-,-,31688,31664,31673,8.91E-02,1.81E-02
2833,25753,rfMRI connectivity (ICA100 edge 405),,,,16,,,rfMRI connectivity,,21081,21063,21069,10607,-,-,31688,31664,31673,8.08E-02,1.70E-02
2834,25753,rfMRI connectivity (ICA100 edge 406),,,,16,,,rfMRI connectivity,,21081,21063,21069,10607,-,-,31688,31664,31673,8.10E-02,1.60E-02
2835,25753,rfMRI connectivity (ICA100 edge 407),,,,16,,,rfMRI connectivity,,21081,21063,21069,10607,-,-,31688,31664,31673,2.78E-02,1.40E-02
2836,25753,rfMRI connectivity (ICA100 edge 408),,,,16,,,rfMRI connectivity,,21081,21063,21069,10607,-,-,31688,31664,31673,5.87E-02,1.56E-02
2837,25753,rfMRI connectivity (ICA100 edge 409),,,,16,,,rfMRI connectivity,,21081,21063,21069,10607,-,-,31688,31664,31673,7.90E-03,1.19E-02
2838,25753,rfMRI connectivity (ICA100 edge 410),,,,16,,,rfMRI connectivity,,21081,21063,21069,10607,-,-,31688,31664,31673,2.73E-02,1.45E-02
2839,25753,rfMRI connectivity (ICA100 edge 411),,,,16,,,rfMRI connectivity,,21081,21063,21069,10607,-,-,31688,31664,31673,8.30E-03,1.44E-02
2840,25753,rfMRI connectivity (ICA100 edge 412),,,,16,,,rfMRI connectivity,,21081,21063,21069,10607,-,-,31688,31664,31673,4.77E-02,1.46E-02
2841,25753,rfMRI connectivity (ICA100 edge 413),,,,16,,,rfMRI connectivity,,21081,21063,21069,10607,-,-,31688,31664,31673,2.08E-02,1.34E-02
2842,25753,rfMRI connectivity (ICA100 edge 414),,,,16,,,rfMRI connectivity,,21081,21063,21069,10607,-,-,31688,31664,31673,2.66E-02,1.34E-02
2843,25753,rfMRI connectivity (ICA100 edge 415),,,,16,,,rfMRI connectivity,,21081,21063,21069,10607,-,-,31688,31664,31673,1.23E-02,1.50E-02
2844,25753,rfMRI connectivity (ICA100 edge 416),,,,16,,,rfMRI connectivity,,21081,21063,21069,10607,-,-,31688,31664,31673,2.71E-02,1.42E-02
2845,25753,rfMRI connectivity (ICA100 edge 417),,,,16,,,rfMRI connectivity,,21081,21063,21069,10607,-,-,31688,31664,31673,2.10E-02,1.54E-02
2846,25753,rfMRI connectivity (ICA100 edge 418),,,,16,,,rfMRI connectivity,,21081,21063,21069,10607,-,-,31688,31664,31673,-6.10E-03,1.45E-02
2847,25753,rfMRI connectivity (ICA100 edge 419),,,,16,,,rfMRI connectivity,,21081,21063,21069,10607,-,-,31688,31664,31673,-2.90E-03,1.26E-02
2848,25753,rfMRI connectivity (ICA100 edge 420),,,,16,,,rfMRI connectivity,,21081,21063,21069,10607,-,-,31688,31664,31673,-2.90E-03,1.36E-02
2849,25753,rfMRI connectivity (ICA100 edge 421),,,,16,,,rfMRI connectivity,,21081,21063,21069,10607,-,-,31688,31664,31673,3.68E-02,1.36E-02
2850,25753,rfMRI connectivity (ICA100 edge 422),,,,16,,,rfMRI connectivity,,21081,21063,21069,10607,-,-,31688,31664,31673,-1.40E-03,1.27E-02
2851,25753,rfMRI connectivity (ICA100 edge 423),,,,16,,,rfMRI connectivity,,21081,21063,21069,10607,-,-,31688,31664,31673,-6.30E-03,1.23E-02
2852,25753,rfMRI connectivity (ICA100 edge 424),,,,16,,,rfMRI connectivity,,21081,21063,21069,10607,-,-,31688,31664,31673,5.22E-02,1.47E-02
2853,25753,rfMRI connectivity (ICA100 edge 425),,,,16,,,rfMRI connectivity,,21081,21063,21069,10607,-,-,31688,31664,31673,3.52E-02,1.38E-02
2854,25753,rfMRI connectivity (ICA100 edge 426),,,,16,,,rfMRI connectivity,,21081,21063,21069,10607,-,-,31688,31664,31673,5.31E-02,1.37E-02
2855,25753,rfMRI connectivity (ICA100 edge 427),,,,16,,,rfMRI connectivity,,21081,21063,21069,10607,-,-,31688,31664,31673,-1.28E-02,1.19E-02
2856,25753,rfMRI connectivity (ICA100 edge 428),,,,16,,,rfMRI connectivity,,21081,21063,21069,10607,-,-,31688,31664,31673,2.47E-02,1.53E-02
2857,25753,rfMRI connectivity (ICA100 edge 429),,,,16,,,rfMRI connectivity,,21081,21063,21069,10607,-,-,31688,31664,31673,7.54E-02,1.35E-02
2858,25753,rfMRI connectivity (ICA100 edge 430),,,,16,,,rfMRI connectivity,,21081,21063,21069,10607,-,-,31688,31664,31673,2.90E-03,1.22E-02
2859,25753,rfMRI connectivity (ICA100 edge 431),,,,16,,,rfMRI connectivity,,21081,21063,21069,10607,-,-,31688,31664,31673,1.89E-02,1.42E-02
2860,25753,rfMRI connectivity (ICA100 edge 432),,,,16,,,rfMRI connectivity,,21081,21063,21069,10607,-,-,31688,31664,31673,2.17E-02,1.43E-02
2861,25753,rfMRI connectivity (ICA100 edge 433),,,,16,,,rfMRI connectivity,,21081,21063,21069,10607,-,-,31688,31664,31673,4.83E-02,1.45E-02
2862,25753,rfMRI connectivity (ICA100 edge 434),,,,16,,,rfMRI connectivity,,21081,21063,21069,10607,-,-,31688,31664,31673,3.90E-03,1.44E-02
2863,25753,rfMRI connectivity (ICA100 edge 435),,,,16,,,rfMRI connectivity,,21081,21063,21069,10607,-,-,31688,31664,31673,2.11E-02,1.32E-02
2864,25753,rfMRI connectivity (ICA100 edge 436),,,,16,,,rfMRI connectivity,,21081,21063,21069,10607,-,-,31688,31664,31673,1.31E-02,1.39E-02
2865,25753,rfMRI connectivity (ICA100 edge 437),,,,16,,,rfMRI connectivity,,21081,21063,21069,10607,-,-,31688,31664,31673,5.19E-02,1.44E-02
2866,25753,rfMRI connectivity (ICA100 edge 438),,,,16,,,rfMRI connectivity,,21081,21063,21069,10607,-,-,31688,31664,31673,1.85E-02,1.25E-02
2867,25753,rfMRI connectivity (ICA100 edge 439),,,,16,,,rfMRI connectivity,,21081,21063,21069,10607,-,-,31688,31664,31673,-3.00E-03,1.46E-02
2868,25753,rfMRI connectivity (ICA100 edge 440),,,,16,,,rfMRI connectivity,,21081,21063,21069,10607,-,-,31688,31664,31673,8.46E-02,1.61E-02
2869,25753,rfMRI connectivity (ICA100 edge 441),,,,16,,,rfMRI connectivity,,21081,21063,21069,10607,-,-,31688,31664,31673,3.49E-02,1.53E-02
2870,25753,rfMRI connectivity (ICA100 edge 442),,,,16,,,rfMRI connectivity,,21081,21063,21069,10607,-,-,31688,31664,31673,6.03E-02,1.42E-02
2871,25753,rfMRI connectivity (ICA100 edge 443),,,,16,,,rfMRI connectivity,,21081,21063,21069,10607,-,-,31688,31664,31673,-2.00E-04,1.27E-02
2872,25753,rfMRI connectivity (ICA100 edge 444),,,,16,,,rfMRI connectivity,,21081,21063,21069,10607,-,-,31688,31664,31673,5.96E-02,1.56E-02
2873,25753,rfMRI connectivity (ICA100 edge 445),,,,16,,,rfMRI connectivity,,21081,21063,21069,10607,-,-,31688,31664,31673,4.54E-02,1.30E-02
2874,25753,rfMRI connectivity (ICA100 edge 446),,,,16,,,rfMRI connectivity,,21081,21063,21069,10607,-,-,31688,31664,31673,6.15E-02,1.51E-02
2875,25753,rfMRI connectivity (ICA100 edge 447),,,,16,,,rfMRI connectivity,,21081,21063,21069,10607,-,-,31688,31664,31673,5.17E-02,1.33E-02
2876,25753,rfMRI connectivity (ICA100 edge 448),,,,16,,,rfMRI connectivity,,21081,21063,21069,10607,-,-,31688,31664,31673,4.11E-02,1.43E-02
2877,25753,rfMRI connectivity (ICA100 edge 449),,,,16,,,rfMRI connectivity,,21081,21063,21069,10607,-,-,31688,31664,31673,-7.20E-03,1.25E-02
2878,25753,rfMRI connectivity (ICA100 edge 450),,,,16,,,rfMRI connectivity,,21081,21063,21069,10607,-,-,31688,31664,31673,8.64E-02,1.54E-02
2879,25753,rfMRI connectivity (ICA100 edge 451),,,,16,,,rfMRI connectivity,,21081,21063,21069,10607,-,-,31688,31664,31673,1.43E-02,1.39E-02
2880,25753,rfMRI connectivity (ICA100 edge 452),,,,16,,,rfMRI connectivity,,21081,21063,21069,10607,-,-,31688,31664,31673,1.76E-02,1.29E-02
2881,25753,rfMRI connectivity (ICA100 edge 453),,,,16,,,rfMRI connectivity,,21081,21063,21069,10607,-,-,31688,31664,31673,3.61E-02,1.42E-02
2882,25753,rfMRI connectivity (ICA100 edge 454),,,,16,,,rfMRI connectivity,,21081,21063,21069,10607,-,-,31688,31664,31673,7.58E-02,2.05E-02
2883,25753,rfMRI connectivity (ICA100 edge 455),,,,16,,,rfMRI connectivity,,21081,21063,21069,10607,-,-,31688,31664,31673,5.90E-03,1.31E-02
2884,25753,rfMRI connectivity (ICA100 edge 456),,,,16,,,rfMRI connectivity,,21081,21063,21069,10607,-,-,31688,31664,31673,1.32E-01,1.62E-02
2885,25753,rfMRI connectivity (ICA100 edge 457),,,,16,,,rfMRI connectivity,,21081,21063,21069,10607,-,-,31688,31664,31673,3.03E-02,1.42E-02
2886,25753,rfMRI connectivity (ICA100 edge 458),,,,16,,,rfMRI connectivity,,21081,21063,21069,10607,-,-,31688,31664,31673,9.50E-03,1.36E-02
2887,25753,rfMRI connectivity (ICA100 edge 459),,,,16,,,rfMRI connectivity,,21081,21063,21069,10607,-,-,31688,31664,31673,1.02E-01,1.45E-02
2888,25753,rfMRI connectivity (ICA100 edge 460),,,,16,,,rfMRI connectivity,,21081,21063,21069,10607,-,-,31688,31664,31673,7.86E-02,1.61E-02
2889,25753,rfMRI connectivity (ICA100 edge 461),,,,16,,,rfMRI connectivity,,21081,21063,21069,10607,-,-,31688,31664,31673,4.61E-02,1.45E-02
2890,25753,rfMRI connectivity (ICA100 edge 462),,,,16,,,rfMRI connectivity,,21081,21063,21069,10607,-,-,31688,31664,31673,3.85E-02,1.62E-02
2891,25753,rfMRI connectivity (ICA100 edge 463),,,,16,,,rfMRI connectivity,,21081,21063,21069,10607,-,-,31688,31664,31673,4.34E-02,1.32E-02
2892,25753,rfMRI connectivity (ICA100 edge 464),,,,16,,,rfMRI connectivity,,21081,21063,21069,10607,-,-,31688,31664,31673,9.32E-02,1.61E-02
2893,25753,rfMRI connectivity (ICA100 edge 465),,,,16,,,rfMRI connectivity,,21081,21063,21069,10607,-,-,31688,31664,31673,-6.00E-04,1.25E-02
2894,25753,rfMRI connectivity (ICA100 edge 466),,,,16,,,rfMRI connectivity,,21081,21063,21069,10607,-,-,31688,31664,31673,2.57E-02,1.61E-02
2895,25753,rfMRI connectivity (ICA100 edge 467),,,,16,,,rfMRI connectivity,,21081,21063,21069,10607,-,-,31688,31664,31673,4.27E-02,1.39E-02
2896,25753,rfMRI connectivity (ICA100 edge 468),,,,16,,,rfMRI connectivity,,21081,21063,21069,10607,-,-,31688,31664,31673,-1.27E-02,1.25E-02
2897,25753,rfMRI connectivity (ICA100 edge 469),,,,16,,,rfMRI connectivity,,21081,21063,21069,10607,-,-,31688,31664,31673,3.93E-02,1.44E-02
2898,25753,rfMRI connectivity (ICA100 edge 470),,,,16,,,rfMRI connectivity,,21081,21063,21069,10607,-,-,31688,31664,31673,1.57E-02,1.27E-02
2899,25753,rfMRI connectivity (ICA100 edge 471),,,,16,,,rfMRI connectivity,,21081,21063,21069,10607,-,-,31688,31664,31673,4.40E-02,1.35E-02
2900,25753,rfMRI connectivity (ICA100 edge 472),,,,16,,,rfMRI connectivity,,21081,21063,21069,10607,-,-,31688,31664,31673,4.50E-03,1.32E-02
2901,25753,rfMRI connectivity (ICA100 edge 473),,,,16,,,rfMRI connectivity,,21081,21063,21069,10607,-,-,31688,31664,31673,4.69E-02,1.35E-02
2902,25753,rfMRI connectivity (ICA100 edge 474),,,,16,,,rfMRI connectivity,,21081,21063,21069,10607,-,-,31688,31664,31673,6.30E-03,1.29E-02
2903,25753,rfMRI connectivity (ICA100 edge 475),,,,16,,,rfMRI connectivity,,21081,21063,21069,10607,-,-,31688,31664,31673,2.30E-02,1.29E-02
2904,25753,rfMRI connectivity (ICA100 edge 476),,,,16,,,rfMRI connectivity,,21081,21063,21069,10607,-,-,31688,31664,31673,4.04E-02,1.36E-02
2905,25753,rfMRI connectivity (ICA100 edge 477),,,,16,,,rfMRI connectivity,,21081,21063,21069,10607,-,-,31688,31664,31673,1.27E-02,1.46E-02
2906,25753,rfMRI connectivity (ICA100 edge 478),,,,16,,,rfMRI connectivity,,21081,21063,21069,10607,-,-,31688,31664,31673,1.50E-02,1.32E-02
2907,25753,rfMRI connectivity (ICA100 edge 479),,,,16,,,rfMRI connectivity,,21081,21063,21069,10607,-,-,31688,31664,31673,7.70E-03,1.45E-02
2908,25753,rfMRI connectivity (ICA100 edge 480),,,,16,,,rfMRI connectivity,,21081,21063,21069,10607,-,-,31688,31664,31673,4.20E-03,1.38E-02
2909,25753,rfMRI connectivity (ICA100 edge 481),,,,16,,,rfMRI connectivity,,21081,21063,21069,10607,-,-,31688,31664,31673,1.42E-02,1.39E-02
2910,25753,rfMRI connectivity (ICA100 edge 482),,,,16,,,rfMRI connectivity,,21081,21063,21069,10607,-,-,31688,31664,31673,3.78E-02,1.30E-02
2911,25753,rfMRI connectivity (ICA100 edge 483),,,,16,,,rfMRI connectivity,,21081,21063,21069,10607,-,-,31688,31664,31673,2.54E-02,1.46E-02
2912,25753,rfMRI connectivity (ICA100 edge 484),,,,16,,,rfMRI connectivity,,21081,21063,21069,10607,-,-,31688,31664,31673,2.34E-02,1.38E-02
2913,25753,rfMRI connectivity (ICA100 edge 485),,,,16,,,rfMRI connectivity,,21081,21063,21069,10607,-,-,31688,31664,31673,5.12E-02,1.41E-02
2914,25753,rfMRI connectivity (ICA100 edge 486),,,,16,,,rfMRI connectivity,,21081,21063,21069,10607,-,-,31688,31664,31673,-2.80E-03,1.29E-02
2915,25753,rfMRI connectivity (ICA100 edge 487),,,,16,,,rfMRI connectivity,,21081,21063,21069,10607,-,-,31688,31664,31673,1.23E-02,1.27E-02
2916,25753,rfMRI connectivity (ICA100 edge 488),,,,16,,,rfMRI connectivity,,21081,21063,21069,10607,-,-,31688,31664,31673,4.93E-02,1.79E-02
2917,25753,rfMRI connectivity (ICA100 edge 489),,,,16,,,rfMRI connectivity,,21081,21063,21069,10607,-,-,31688,31664,31673,2.70E-02,1.40E-02
2918,25753,rfMRI connectivity (ICA100 edge 490),,,,16,,,rfMRI connectivity,,21081,21063,21069,10607,-,-,31688,31664,31673,-1.40E-03,1.41E-02
2919,25753,rfMRI connectivity (ICA100 edge 491),,,,16,,,rfMRI connectivity,,21081,21063,21069,10607,-,-,31688,31664,31673,1.65E-02,1.35E-02
2920,25753,rfMRI connectivity (ICA100 edge 492),,,,16,,,rfMRI connectivity,,21081,21063,21069,10607,-,-,31688,31664,31673,4.98E-02,1.39E-02
2921,25753,rfMRI connectivity (ICA100 edge 493),,,,16,,,rfMRI connectivity,,21081,21063,21069,10607,-,-,31688,31664,31673,7.20E-03,1.47E-02
2922,25753,rfMRI connectivity (ICA100 edge 494),,,,16,,,rfMRI connectivity,,21081,21063,21069,10607,-,-,31688,31664,31673,3.56E-02,1.63E-02
2923,25753,rfMRI connectivity (ICA100 edge 495),,,,16,,,rfMRI connectivity,,21081,21063,21069,10607,-,-,31688,31664,31673,7.61E-02,1.38E-02
2924,25753,rfMRI connectivity (ICA100 edge 496),,,,16,,,rfMRI connectivity,,21081,21063,21069,10607,-,-,31688,31664,31673,-1.20E-03,1.33E-02
2925,25753,rfMRI connectivity (ICA100 edge 497),,,,16,,,rfMRI connectivity,,21081,21063,21069,10607,-,-,31688,31664,31673,2.97E-02,1.50E-02
2926,25753,rfMRI connectivity (ICA100 edge 498),,,,16,,,rfMRI connectivity,,21081,21063,21069,10607,-,-,31688,31664,31673,7.82E-02,1.51E-02
2927,25753,rfMRI connectivity (ICA100 edge 499),,,,16,,,rfMRI connectivity,,21081,21063,21069,10607,-,-,31688,31664,31673,1.17E-02,1.30E-02
2928,25753,rfMRI connectivity (ICA100 edge 500),,,,16,,,rfMRI connectivity,,21081,21063,21069,10607,-,-,31688,31664,31673,5.29E-02,1.37E-02
2929,25753,rfMRI connectivity (ICA100 edge 501),,,,16,,,rfMRI connectivity,,21081,21063,21069,10607,-,-,31688,31664,31673,8.39E-02,1.81E-02
2930,25753,rfMRI connectivity (ICA100 edge 502),,,,16,,,rfMRI connectivity,,21081,21063,21069,10607,-,-,31688,31664,31673,-6.80E-03,1.36E-02
2931,25753,rfMRI connectivity (ICA100 edge 503),,,,16,,,rfMRI connectivity,,21081,21063,21069,10607,-,-,31688,31664,31673,6.82E-02,1.39E-02
2932,25753,rfMRI connectivity (ICA100 edge 504),,,,16,,,rfMRI connectivity,,21081,21063,21069,10607,-,-,31688,31664,31673,5.60E-03,1.27E-02
2933,25753,rfMRI connectivity (ICA100 edge 505),,,,16,,,rfMRI connectivity,,21081,21063,21069,10607,-,-,31688,31664,31673,6.61E-02,1.45E-02
2934,25753,rfMRI connectivity (ICA100 edge 506),,,,16,,,rfMRI connectivity,,21081,21063,21069,10607,-,-,31688,31664,31673,4.29E-02,1.29E-02
2935,25753,rfMRI connectivity (ICA100 edge 507),,,,16,,,rfMRI connectivity,,21081,21063,21069,10607,-,-,31688,31664,31673,5.10E-02,1.44E-02
2936,25753,rfMRI connectivity (ICA100 edge 508),,,,16,,,rfMRI connectivity,,21081,21063,21069,10607,-,-,31688,31664,31673,6.12E-02,1.36E-02
2937,25753,rfMRI connectivity (ICA100 edge 509),,,,16,,,rfMRI connectivity,,21081,21063,21069,10607,-,-,31688,31664,31673,9.63E-02,1.56E-02
2938,25753,rfMRI connectivity (ICA100 edge 510),,,,16,,,rfMRI connectivity,,21081,21063,21069,10607,-,-,31688,31664,31673,1.43E-02,1.34E-02
2939,25753,rfMRI connectivity (ICA100 edge 511),,,,16,,,rfMRI connectivity,,21081,21063,21069,10607,-,-,31688,31664,31673,3.78E-02,1.36E-02
2940,25753,rfMRI connectivity (ICA100 edge 512),,,,16,,,rfMRI connectivity,,21081,21063,21069,10607,-,-,31688,31664,31673,1.34E-02,1.38E-02
2941,25753,rfMRI connectivity (ICA100 edge 513),,,,16,,,rfMRI connectivity,,21081,21063,21069,10607,-,-,31688,31664,31673,-1.40E-03,1.31E-02
2942,25753,rfMRI connectivity (ICA100 edge 514),,,,16,,,rfMRI connectivity,,21081,21063,21069,10607,-,-,31688,31664,31673,4.68E-02,1.53E-02
2943,25753,rfMRI connectivity (ICA100 edge 515),,,,16,,,rfMRI connectivity,,21081,21063,21069,10607,-,-,31688,31664,31673,4.41E-02,1.30E-02
2944,25753,rfMRI connectivity (ICA100 edge 516),,,,16,,,rfMRI connectivity,,21081,21063,21069,10607,-,-,31688,31664,31673,3.33E-02,1.32E-02
2945,25753,rfMRI connectivity (ICA100 edge 517),,,,16,,,rfMRI connectivity,,21081,21063,21069,10607,-,-,31688,31664,31673,8.19E-02,1.68E-02
2946,25753,rfMRI connectivity (ICA100 edge 518),,,,16,,,rfMRI connectivity,,21081,21063,21069,10607,-,-,31688,31664,31673,6.21E-02,1.46E-02
2947,25753,rfMRI connectivity (ICA100 edge 519),,,,16,,,rfMRI connectivity,,21081,21063,21069,10607,-,-,31688,31664,31673,7.55E-06,1.38E-02
2948,25753,rfMRI connectivity (ICA100 edge 520),,,,16,,,rfMRI connectivity,,21081,21063,21069,10607,-,-,31688,31664,31673,2.52E-02,1.42E-02
2949,25753,rfMRI connectivity (ICA100 edge 521),,,,16,,,rfMRI connectivity,,21081,21063,21069,10607,-,-,31688,31664,31673,9.74E-02,1.67E-02
2950,25753,rfMRI connectivity (ICA100 edge 522),,,,16,,,rfMRI connectivity,,21081,21063,21069,10607,-,-,31688,31664,31673,5.99E-02,1.43E-02
2951,25753,rfMRI connectivity (ICA100 edge 523),,,,16,,,rfMRI connectivity,,21081,21063,21069,10607,-,-,31688,31664,31673,3.34E-02,1.47E-02
2952,25753,rfMRI connectivity (ICA100 edge 524),,,,16,,,rfMRI connectivity,,21081,21063,21069,10607,-,-,31688,31664,31673,6.26E-02,1.63E-02
2953,25753,rfMRI connectivity (ICA100 edge 525),,,,16,,,rfMRI connectivity,,21081,21063,21069,10607,-,-,31688,31664,31673,4.10E-02,1.50E-02
2954,25753,rfMRI connectivity (ICA100 edge 526),,,,16,,,rfMRI connectivity,,21081,21063,21069,10607,-,-,31688,31664,31673,1.94E-02,1.33E-02
2955,25753,rfMRI connectivity (ICA100 edge 527),,,,16,,,rfMRI connectivity,,21081,21063,21069,10607,-,-,31688,31664,31673,5.44E-02,1.48E-02
2956,25753,rfMRI connectivity (ICA100 edge 528),,,,16,,,rfMRI connectivity,,21081,21063,21069,10607,-,-,31688,31664,31673,3.23E-02,1.46E-02
2957,25753,rfMRI connectivity (ICA100 edge 529),,,,16,,,rfMRI connectivity,,21081,21063,21069,10607,-,-,31688,31664,31673,2.84E-02,1.33E-02
2958,25753,rfMRI connectivity (ICA100 edge 530),,,,16,,,rfMRI connectivity,,21081,21063,21069,10607,-,-,31688,31664,31673,6.45E-02,1.35E-02
2959,25753,rfMRI connectivity (ICA100 edge 531),,,,16,,,rfMRI connectivity,,21081,21063,21069,10607,-,-,31688,31664,31673,1.53E-02,1.43E-02
2960,25753,rfMRI connectivity (ICA100 edge 532),,,,16,,,rfMRI connectivity,,21081,21063,21069,10607,-,-,31688,31664,31673,7.08E-02,1.48E-02
2961,25753,rfMRI connectivity (ICA100 edge 533),,,,16,,,rfMRI connectivity,,21081,21063,21069,10607,-,-,31688,31664,31673,5.50E-03,1.45E-02
2962,25753,rfMRI connectivity (ICA100 edge 534),,,,16,,,rfMRI connectivity,,21081,21063,21069,10607,-,-,31688,31664,31673,5.58E-02,1.54E-02
2963,25753,rfMRI connectivity (ICA100 edge 535),,,,16,,,rfMRI connectivity,,21081,21063,21069,10607,-,-,31688,31664,31673,1.74E-02,1.28E-02
2964,25753,rfMRI connectivity (ICA100 edge 536),,,,16,,,rfMRI connectivity,,21081,21063,21069,10607,-,-,31688,31664,31673,3.08E-02,1.31E-02
2965,25753,rfMRI connectivity (ICA100 edge 537),,,,16,,,rfMRI connectivity,,21081,21063,21069,10607,-,-,31688,31664,31673,2.57E-02,1.45E-02
2966,25753,rfMRI connectivity (ICA100 edge 538),,,,16,,,rfMRI connectivity,,21081,21063,21069,10607,-,-,31688,31664,31673,4.22E-02,1.36E-02
2967,25753,rfMRI connectivity (ICA100 edge 539),,,,16,,,rfMRI connectivity,,21081,21063,21069,10607,-,-,31688,31664,31673,1.35E-02,1.50E-02
2968,25753,rfMRI connectivity (ICA100 edge 540),,,,16,,,rfMRI connectivity,,21081,21063,21069,10607,-,-,31688,31664,31673,1.47E-02,1.43E-02
2969,25753,rfMRI connectivity (ICA100 edge 541),,,,16,,,rfMRI connectivity,,21081,21063,21069,10607,-,-,31688,31664,31673,3.89E-02,1.53E-02
2970,25753,rfMRI connectivity (ICA100 edge 542),,,,16,,,rfMRI connectivity,,21081,21063,21069,10607,-,-,31688,31664,31673,1.57E-02,1.28E-02
2971,25753,rfMRI connectivity (ICA100 edge 543),,,,16,,,rfMRI connectivity,,21081,21063,21069,10607,-,-,31688,31664,31673,6.17E-02,1.29E-02
2972,25753,rfMRI connectivity (ICA100 edge 544),,,,16,,,rfMRI connectivity,,21081,21063,21069,10607,-,-,31688,31664,31673,-1.70E-03,1.40E-02
2973,25753,rfMRI connectivity (ICA100 edge 545),,,,16,,,rfMRI connectivity,,21081,21063,21069,10607,-,-,31688,31664,31673,1.52E-02,1.36E-02
2974,25753,rfMRI connectivity (ICA100 edge 546),,,,16,,,rfMRI connectivity,,21081,21063,21069,10607,-,-,31688,31664,31673,3.03E-02,1.37E-02
2975,25753,rfMRI connectivity (ICA100 edge 547),,,,16,,,rfMRI connectivity,,21081,21063,21069,10607,-,-,31688,31664,31673,3.25E-02,1.38E-02
2976,25753,rfMRI connectivity (ICA100 edge 548),,,,16,,,rfMRI connectivity,,21081,21063,21069,10607,-,-,31688,31664,31673,1.05E-02,1.38E-02
2977,25753,rfMRI connectivity (ICA100 edge 549),,,,16,,,rfMRI connectivity,,21081,21063,21069,10607,-,-,31688,31664,31673,5.70E-03,1.32E-02
2978,25753,rfMRI connectivity (ICA100 edge 550),,,,16,,,rfMRI connectivity,,21081,21063,21069,10607,-,-,31688,31664,31673,1.61E-02,1.48E-02
2979,25753,rfMRI connectivity (ICA100 edge 551),,,,16,,,rfMRI connectivity,,21081,21063,21069,10607,-,-,31688,31664,31673,2.68E-02,1.41E-02
2980,25753,rfMRI connectivity (ICA100 edge 552),,,,16,,,rfMRI connectivity,,21081,21063,21069,10607,-,-,31688,31664,31673,6.94E-02,1.58E-02
2981,25753,rfMRI connectivity (ICA100 edge 553),,,,16,,,rfMRI connectivity,,21081,21063,21069,10607,-,-,31688,31664,31673,5.33E-02,1.52E-02
2982,25753,rfMRI connectivity (ICA100 edge 554),,,,16,,,rfMRI connectivity,,21081,21063,21069,10607,-,-,31688,31664,31673,2.90E-02,1.39E-02
2983,25753,rfMRI connectivity (ICA100 edge 555),,,,16,,,rfMRI connectivity,,21081,21063,21069,10607,-,-,31688,31664,31673,3.71E-02,1.43E-02
2984,25753,rfMRI connectivity (ICA100 edge 556),,,,16,,,rfMRI connectivity,,21081,21063,21069,10607,-,-,31688,31664,31673,4.20E-02,1.49E-02
2985,25753,rfMRI connectivity (ICA100 edge 557),,,,16,,,rfMRI connectivity,,21081,21063,21069,10607,-,-,31688,31664,31673,4.69E-02,1.64E-02
2986,25753,rfMRI connectivity (ICA100 edge 558),,,,16,,,rfMRI connectivity,,21081,21063,21069,10607,-,-,31688,31664,31673,2.87E-02,1.28E-02
2987,25753,rfMRI connectivity (ICA100 edge 559),,,,16,,,rfMRI connectivity,,21081,21063,21069,10607,-,-,31688,31664,31673,5.28E-02,1.32E-02
2988,25753,rfMRI connectivity (ICA100 edge 560),,,,16,,,rfMRI connectivity,,21081,21063,21069,10607,-,-,31688,31664,31673,5.42E-02,1.36E-02
2989,25753,rfMRI connectivity (ICA100 edge 561),,,,16,,,rfMRI connectivity,,21081,21063,21069,10607,-,-,31688,31664,31673,2.43E-02,1.32E-02
2990,25753,rfMRI connectivity (ICA100 edge 562),,,,16,,,rfMRI connectivity,,21081,21063,21069,10607,-,-,31688,31664,31673,2.80E-02,1.45E-02
2991,25753,rfMRI connectivity (ICA100 edge 563),,,,16,,,rfMRI connectivity,,21081,21063,21069,10607,-,-,31688,31664,31673,8.91E-02,1.83E-02
2992,25753,rfMRI connectivity (ICA100 edge 564),,,,16,,,rfMRI connectivity,,21081,21063,21069,10607,-,-,31688,31664,31673,-3.40E-03,1.30E-02
2993,25753,rfMRI connectivity (ICA100 edge 565),,,,16,,,rfMRI connectivity,,21081,21063,21069,10607,-,-,31688,31664,31673,2.42E-02,1.52E-02
2994,25753,rfMRI connectivity (ICA100 edge 566),,,,16,,,rfMRI connectivity,,21081,21063,21069,10607,-,-,31688,31664,31673,1.38E-02,1.29E-02
2995,25753,rfMRI connectivity (ICA100 edge 567),,,,16,,,rfMRI connectivity,,21081,21063,21069,10607,-,-,31688,31664,31673,3.84E-02,1.51E-02
2996,25753,rfMRI connectivity (ICA100 edge 568),,,,16,,,rfMRI connectivity,,21081,21063,21069,10607,-,-,31688,31664,31673,2.75E-02,1.46E-02
2997,25753,rfMRI connectivity (ICA100 edge 569),,,,16,,,rfMRI connectivity,,21081,21063,21069,10607,-,-,31688,31664,31673,2.80E-02,1.33E-02
2998,25753,rfMRI connectivity (ICA100 edge 570),,,,16,,,rfMRI connectivity,,21081,21063,21069,10607,-,-,31688,31664,31673,-3.50E-03,1.32E-02
2999,25753,rfMRI connectivity (ICA100 edge 571),,,,16,,,rfMRI connectivity,,21081,21063,21069,10607,-,-,31688,31664,31673,5.40E-03,1.32E-02
3000,25753,rfMRI connectivity (ICA100 edge 572),,,,16,,,rfMRI connectivity,,21081,21063,21069,10607,-,-,31688,31664,31673,-8.00E-03,1.27E-02
3001,25753,rfMRI connectivity (ICA100 edge 573),,,,16,,,rfMRI connectivity,,21081,21063,21069,10607,-,-,31688,31664,31673,2.50E-03,1.29E-02
3002,25753,rfMRI connectivity (ICA100 edge 574),,,,16,,,rfMRI connectivity,,21081,21063,21069,10607,-,-,31688,31664,31673,1.59E-02,1.46E-02
3003,25753,rfMRI connectivity (ICA100 edge 575),,,,16,,,rfMRI connectivity,,21081,21063,21069,10607,-,-,31688,31664,31673,-5.00E-03,1.26E-02
3004,25753,rfMRI connectivity (ICA100 edge 576),,,,16,,,rfMRI connectivity,,21081,21063,21069,10607,-,-,31688,31664,31673,1.73E-02,1.35E-02
3005,25753,rfMRI connectivity (ICA100 edge 577),,,,16,,,rfMRI connectivity,,21081,21063,21069,10607,-,-,31688,31664,31673,5.70E-03,1.31E-02
3006,25753,rfMRI connectivity (ICA100 edge 578),,,,16,,,rfMRI connectivity,,21081,21063,21069,10607,-,-,31688,31664,31673,9.20E-03,1.46E-02
3007,25753,rfMRI connectivity (ICA100 edge 579),,,,16,,,rfMRI connectivity,,21081,21063,21069,10607,-,-,31688,31664,31673,6.84E-02,1.52E-02
3008,25753,rfMRI connectivity (ICA100 edge 580),,,,16,,,rfMRI connectivity,,21081,21063,21069,10607,-,-,31688,31664,31673,1.78E-02,1.35E-02
3009,25753,rfMRI connectivity (ICA100 edge 581),,,,16,,,rfMRI connectivity,,21081,21063,21069,10607,-,-,31688,31664,31673,2.80E-02,1.43E-02
3010,25753,rfMRI connectivity (ICA100 edge 582),,,,16,,,rfMRI connectivity,,21081,21063,21069,10607,-,-,31688,31664,31673,2.96E-02,1.28E-02
3011,25753,rfMRI connectivity (ICA100 edge 583),,,,16,,,rfMRI connectivity,,21081,21063,21069,10607,-,-,31688,31664,31673,2.36E-02,1.33E-02
3012,25753,rfMRI connectivity (ICA100 edge 584),,,,16,,,rfMRI connectivity,,21081,21063,21069,10607,-,-,31688,31664,31673,3.35E-02,1.41E-02
3013,25753,rfMRI connectivity (ICA100 edge 585),,,,16,,,rfMRI connectivity,,21081,21063,21069,10607,-,-,31688,31664,31673,1.00E-03,1.28E-02
3014,25753,rfMRI connectivity (ICA100 edge 586),,,,16,,,rfMRI connectivity,,21081,21063,21069,10607,-,-,31688,31664,31673,4.95E-02,1.49E-02
3015,25753,rfMRI connectivity (ICA100 edge 587),,,,16,,,rfMRI connectivity,,21081,21063,21069,10607,-,-,31688,31664,31673,1.38E-02,1.31E-02
3016,25753,rfMRI connectivity (ICA100 edge 588),,,,16,,,rfMRI connectivity,,21081,21063,21069,10607,-,-,31688,31664,31673,7.27E-02,1.58E-02
3017,25753,rfMRI connectivity (ICA100 edge 589),,,,16,,,rfMRI connectivity,,21081,21063,21069,10607,-,-,31688,31664,31673,5.60E-03,1.29E-02
3018,25753,rfMRI connectivity (ICA100 edge 590),,,,16,,,rfMRI connectivity,,21081,21063,21069,10607,-,-,31688,31664,31673,3.60E-02,1.53E-02
3019,25753,rfMRI connectivity (ICA100 edge 591),,,,16,,,rfMRI connectivity,,21081,21063,21069,10607,-,-,31688,31664,31673,4.73E-02,1.50E-02
3020,25753,rfMRI connectivity (ICA100 edge 592),,,,16,,,rfMRI connectivity,,21081,21063,21069,10607,-,-,31688,31664,31673,3.00E-03,1.69E-02
3021,25753,rfMRI connectivity (ICA100 edge 593),,,,16,,,rfMRI connectivity,,21081,21063,21069,10607,-,-,31688,31664,31673,6.08E-02,1.55E-02
3022,25753,rfMRI connectivity (ICA100 edge 594),,,,16,,,rfMRI connectivity,,21081,21063,21069,10607,-,-,31688,31664,31673,2.93E-02,1.48E-02
3023,25753,rfMRI connectivity (ICA100 edge 595),,,,16,,,rfMRI connectivity,,21081,21063,21069,10607,-,-,31688,31664,31673,2.50E-02,1.55E-02
3024,25753,rfMRI connectivity (ICA100 edge 596),,,,16,,,rfMRI connectivity,,21081,21063,21069,10607,-,-,31688,31664,31673,3.07E-02,1.36E-02
3025,25753,rfMRI connectivity (ICA100 edge 597),,,,16,,,rfMRI connectivity,,21081,21063,21069,10607,-,-,31688,31664,31673,2.71E-02,1.37E-02
3026,25753,rfMRI connectivity (ICA100 edge 598),,,,16,,,rfMRI connectivity,,21081,21063,21069,10607,-,-,31688,31664,31673,2.50E-03,1.54E-02
3027,25753,rfMRI connectivity (ICA100 edge 599),,,,16,,,rfMRI connectivity,,21081,21063,21069,10607,-,-,31688,31664,31673,8.95E-02,1.69E-02
3028,25753,rfMRI connectivity (ICA100 edge 600),,,,16,,,rfMRI connectivity,,21081,21063,21069,10607,-,-,31688,31664,31673,1.23E-01,1.60E-02
3029,25753,rfMRI connectivity (ICA100 edge 601),,,,16,,,rfMRI connectivity,,21081,21063,21069,10607,-,-,31688,31664,31673,-8.70E-03,1.47E-02
3030,25753,rfMRI connectivity (ICA100 edge 602),,,,16,,,rfMRI connectivity,,21081,21063,21069,10607,-,-,31688,31664,31673,7.22E-02,1.44E-02
3031,25753,rfMRI connectivity (ICA100 edge 603),,,,16,,,rfMRI connectivity,,21081,21063,21069,10607,-,-,31688,31664,31673,1.02E-02,1.31E-02
3032,25753,rfMRI connectivity (ICA100 edge 604),,,,16,,,rfMRI connectivity,,21081,21063,21069,10607,-,-,31688,31664,31673,8.50E-02,1.49E-02
3033,25753,rfMRI connectivity (ICA100 edge 605),,,,16,,,rfMRI connectivity,,21081,21063,21069,10607,-,-,31688,31664,31673,1.52E-01,1.70E-02
3034,25753,rfMRI connectivity (ICA100 edge 606),,,,16,,,rfMRI connectivity,,21081,21063,21069,10607,-,-,31688,31664,31673,9.30E-02,1.52E-02
3035,25753,rfMRI connectivity (ICA100 edge 607),,,,16,,,rfMRI connectivity,,21081,21063,21069,10607,-,-,31688,31664,31673,8.27E-02,1.61E-02
3036,25753,rfMRI connectivity (ICA100 edge 608),,,,16,,,rfMRI connectivity,,21081,21063,21069,10607,-,-,31688,31664,31673,7.95E-02,1.64E-02
3037,25753,rfMRI connectivity (ICA100 edge 609),,,,16,,,rfMRI connectivity,,21081,21063,21069,10607,-,-,31688,31664,31673,2.30E-02,1.38E-02
3038,25753,rfMRI connectivity (ICA100 edge 610),,,,16,,,rfMRI connectivity,,21081,21063,21069,10607,-,-,31688,31664,31673,5.48E-02,1.38E-02
3039,25753,rfMRI connectivity (ICA100 edge 611),,,,16,,,rfMRI connectivity,,21081,21063,21069,10607,-,-,31688,31664,31673,5.30E-02,1.53E-02
3040,25753,rfMRI connectivity (ICA100 edge 612),,,,16,,,rfMRI connectivity,,21081,21063,21069,10607,-,-,31688,31664,31673,5.88E-02,1.47E-02
3041,25753,rfMRI connectivity (ICA100 edge 613),,,,16,,,rfMRI connectivity,,21081,21063,21069,10607,-,-,31688,31664,31673,3.53E-02,1.51E-02
3042,25753,rfMRI connectivity (ICA100 edge 614),,,,16,,,rfMRI connectivity,,21081,21063,21069,10607,-,-,31688,31664,31673,1.65E-01,1.95E-02
3043,25753,rfMRI connectivity (ICA100 edge 615),,,,16,,,rfMRI connectivity,,21081,21063,21069,10607,-,-,31688,31664,31673,1.21E-02,1.58E-02
3044,25753,rfMRI connectivity (ICA100 edge 616),,,,16,,,rfMRI connectivity,,21081,21063,21069,10607,-,-,31688,31664,31673,8.07E-02,1.70E-02
3045,25753,rfMRI connectivity (ICA100 edge 617),,,,16,,,rfMRI connectivity,,21081,21063,21069,10607,-,-,31688,31664,31673,1.05E-02,1.29E-02
3046,25753,rfMRI connectivity (ICA100 edge 618),,,,16,,,rfMRI connectivity,,21081,21063,21069,10607,-,-,31688,31664,31673,3.70E-03,1.47E-02
3047,25753,rfMRI connectivity (ICA100 edge 619),,,,16,,,rfMRI connectivity,,21081,21063,21069,10607,-,-,31688,31664,31673,1.11E-01,1.65E-02
3048,25753,rfMRI connectivity (ICA100 edge 620),,,,16,,,rfMRI connectivity,,21081,21063,21069,10607,-,-,31688,31664,31673,4.97E-02,1.28E-02
3049,25753,rfMRI connectivity (ICA100 edge 621),,,,16,,,rfMRI connectivity,,21081,21063,21069,10607,-,-,31688,31664,31673,5.32E-02,1.46E-02
3050,25753,rfMRI connectivity (ICA100 edge 622),,,,16,,,rfMRI connectivity,,21081,21063,21069,10607,-,-,31688,31664,31673,4.74E-02,1.55E-02
3051,25753,rfMRI connectivity (ICA100 edge 623),,,,16,,,rfMRI connectivity,,21081,21063,21069,10607,-,-,31688,31664,31673,1.73E-02,1.47E-02
3052,25753,rfMRI connectivity (ICA100 edge 624),,,,16,,,rfMRI connectivity,,21081,21063,21069,10607,-,-,31688,31664,31673,1.10E-01,1.64E-02
3053,25753,rfMRI connectivity (ICA100 edge 625),,,,16,,,rfMRI connectivity,,21081,21063,21069,10607,-,-,31688,31664,31673,-2.04E-02,1.35E-02
3054,25753,rfMRI connectivity (ICA100 edge 626),,,,16,,,rfMRI connectivity,,21081,21063,21069,10607,-,-,31688,31664,31673,6.76E-02,1.59E-02
3055,25753,rfMRI connectivity (ICA100 edge 627),,,,16,,,rfMRI connectivity,,21081,21063,21069,10607,-,-,31688,31664,31673,3.19E-02,1.20E-02
3056,25753,rfMRI connectivity (ICA100 edge 628),,,,16,,,rfMRI connectivity,,21081,21063,21069,10607,-,-,31688,31664,31673,7.22E-02,1.40E-02
3057,25753,rfMRI connectivity (ICA100 edge 629),,,,16,,,rfMRI connectivity,,21081,21063,21069,10607,-,-,31688,31664,31673,9.26E-02,1.45E-02
3058,25753,rfMRI connectivity (ICA100 edge 630),,,,16,,,rfMRI connectivity,,21081,21063,21069,10607,-,-,31688,31664,31673,4.40E-03,1.37E-02
3059,25753,rfMRI connectivity (ICA100 edge 631),,,,16,,,rfMRI connectivity,,21081,21063,21069,10607,-,-,31688,31664,31673,3.22E-02,1.32E-02
3060,25753,rfMRI connectivity (ICA100 edge 632),,,,16,,,rfMRI connectivity,,21081,21063,21069,10607,-,-,31688,31664,31673,4.43E-02,1.47E-02
3061,25753,rfMRI connectivity (ICA100 edge 633),,,,16,,,rfMRI connectivity,,21081,21063,21069,10607,-,-,31688,31664,31673,1.69E-02,1.32E-02
3062,25753,rfMRI connectivity (ICA100 edge 634),,,,16,,,rfMRI connectivity,,21081,21063,21069,10607,-,-,31688,31664,31673,1.23E-02,1.31E-02
3063,25753,rfMRI connectivity (ICA100 edge 635),,,,16,,,rfMRI connectivity,,21081,21063,21069,10607,-,-,31688,31664,31673,1.14E-01,1.70E-02
3064,25753,rfMRI connectivity (ICA100 edge 636),,,,16,,,rfMRI connectivity,,21081,21063,21069,10607,-,-,31688,31664,31673,3.91E-02,1.31E-02
3065,25753,rfMRI connectivity (ICA100 edge 637),,,,16,,,rfMRI connectivity,,21081,21063,21069,10607,10601,10604,31688,31664,31673,7.99E-02,1.73E-02
3066,25753,rfMRI connectivity (ICA100 edge 638),,,,16,,,rfMRI connectivity,,21081,21063,21069,10607,-,-,31688,31664,31673,-2.70E-03,1.37E-02
3067,25753,rfMRI connectivity (ICA100 edge 639),,,,16,,,rfMRI connectivity,,21081,21063,21069,10607,-,-,31688,31664,31673,5.17E-02,1.64E-02
3068,25753,rfMRI connectivity (ICA100 edge 640),,,,16,,,rfMRI connectivity,,21081,21063,21069,10607,-,-,31688,31664,31673,4.72E-02,1.49E-02
3069,25753,rfMRI connectivity (ICA100 edge 641),,,,16,,,rfMRI connectivity,,21081,21063,21069,10607,-,-,31688,31664,31673,6.05E-02,1.43E-02
3070,25753,rfMRI connectivity (ICA100 edge 642),,,,16,,,rfMRI connectivity,,21081,21063,21069,10607,-,-,31688,31664,31673,5.98E-02,1.65E-02
3071,25753,rfMRI connectivity (ICA100 edge 643),,,,16,,,rfMRI connectivity,,21081,21063,21069,10607,-,-,31688,31664,31673,9.57E-02,1.59E-02
3072,25753,rfMRI connectivity (ICA100 edge 644),,,,16,,,rfMRI connectivity,,21081,21063,21069,10607,-,-,31688,31664,31673,3.25E-02,1.50E-02
3073,25753,rfMRI connectivity (ICA100 edge 645),,,,16,,,rfMRI connectivity,,21081,21063,21069,10607,-,-,31688,31664,31673,9.20E-02,1.56E-02
3074,25753,rfMRI connectivity (ICA100 edge 646),,,,16,,,rfMRI connectivity,,21081,21063,21069,10607,-,-,31688,31664,31673,-8.50E-03,1.37E-02
3075,25753,rfMRI connectivity (ICA100 edge 647),,,,16,,,rfMRI connectivity,,21081,21063,21069,10607,-,-,31688,31664,31673,2.35E-02,1.25E-02
3076,25753,rfMRI connectivity (ICA100 edge 648),,,,16,,,rfMRI connectivity,,21081,21063,21069,10607,-,-,31688,31664,31673,3.26E-02,1.27E-02
3077,25753,rfMRI connectivity (ICA100 edge 649),,,,16,,,rfMRI connectivity,,21081,21063,21069,10607,-,-,31688,31664,31673,5.80E-02,1.50E-02
3078,25753,rfMRI connectivity (ICA100 edge 650),,,,16,,,rfMRI connectivity,,21081,21063,21069,10607,-,-,31688,31664,31673,2.72E-02,1.33E-02
3079,25753,rfMRI connectivity (ICA100 edge 651),,,,16,,,rfMRI connectivity,,21081,21063,21069,10607,-,-,31688,31664,31673,6.13E-02,1.70E-02
3080,25753,rfMRI connectivity (ICA100 edge 652),,,,16,,,rfMRI connectivity,,21081,21063,21069,10607,-,-,31688,31664,31673,3.97E-02,1.73E-02
3081,25753,rfMRI connectivity (ICA100 edge 653),,,,16,,,rfMRI connectivity,,21081,21063,21069,10607,-,-,31688,31664,31673,3.77E-02,1.44E-02
3082,25753,rfMRI connectivity (ICA100 edge 654),,,,16,,,rfMRI connectivity,,21081,21063,21069,10607,-,-,31688,31664,31673,1.18E-01,1.62E-02
3083,25753,rfMRI connectivity (ICA100 edge 655),,,,16,,,rfMRI connectivity,,21081,21063,21069,10607,-,-,31688,31664,31673,1.30E-01,1.64E-02
3084,25753,rfMRI connectivity (ICA100 edge 656),,,,16,,,rfMRI connectivity,,21081,21063,21069,10607,-,-,31688,31664,31673,4.58E-02,1.63E-02
3085,25753,rfMRI connectivity (ICA100 edge 657),,,,16,,,rfMRI connectivity,,21081,21063,21069,10607,-,-,31688,31664,31673,7.92E-02,1.61E-02
3086,25753,rfMRI connectivity (ICA100 edge 658),,,,16,,,rfMRI connectivity,,21081,21063,21069,10607,-,-,31688,31664,31673,7.04E-02,1.46E-02
3087,25753,rfMRI connectivity (ICA100 edge 659),,,,16,,,rfMRI connectivity,,21081,21063,21069,10607,-,-,31688,31664,31673,1.57E-01,2.07E-02
3088,25753,rfMRI connectivity (ICA100 edge 660),,,,16,,,rfMRI connectivity,,21081,21063,21069,10607,-,-,31688,31664,31673,4.34E-02,1.49E-02
3089,25753,rfMRI connectivity (ICA100 edge 661),,,,16,,,rfMRI connectivity,,21081,21063,21069,10607,-,-,31688,31664,31673,6.68E-02,1.53E-02
3090,25753,rfMRI connectivity (ICA100 edge 662),,,,16,,,rfMRI connectivity,,21081,21063,21069,10607,-,-,31688,31664,31673,1.23E-02,1.18E-02
3091,25753,rfMRI connectivity (ICA100 edge 663),,,,16,,,rfMRI connectivity,,21081,21063,21069,10607,-,-,31688,31664,31673,1.04E-01,1.54E-02
3092,25753,rfMRI connectivity (ICA100 edge 664),,,,16,,,rfMRI connectivity,,21081,21063,21069,10607,-,-,31688,31664,31673,4.82E-02,1.63E-02
3093,25753,rfMRI connectivity (ICA100 edge 665),,,,16,,,rfMRI connectivity,,21081,21063,21069,10607,-,-,31688,31664,31673,2.22E-02,1.41E-02
3094,25753,rfMRI connectivity (ICA100 edge 666),,,,16,,,rfMRI connectivity,,21081,21063,21069,10607,-,-,31688,31664,31673,8.23E-02,1.58E-02
3095,25753,rfMRI connectivity (ICA100 edge 667),,,,16,,,rfMRI connectivity,,21081,21063,21069,10607,-,-,31688,31664,31673,1.35E-02,1.41E-02
3096,25753,rfMRI connectivity (ICA100 edge 668),,,,16,,,rfMRI connectivity,,21081,21063,21069,10607,-,-,31688,31664,31673,3.50E-02,1.32E-02
3097,25753,rfMRI connectivity (ICA100 edge 669),,,,16,,,rfMRI connectivity,,21081,21063,21069,10607,-,-,31688,31664,31673,1.61E-02,1.23E-02
3098,25753,rfMRI connectivity (ICA100 edge 670),,,,16,,,rfMRI connectivity,,21081,21063,21069,10607,-,-,31688,31664,31673,-2.53E-02,1.53E-02
3099,25753,rfMRI connectivity (ICA100 edge 671),,,,16,,,rfMRI connectivity,,21081,21063,21069,10607,-,-,31688,31664,31673,2.38E-02,1.30E-02
3100,25753,rfMRI connectivity (ICA100 edge 672),,,,16,,,rfMRI connectivity,,21081,21063,21069,10607,-,-,31688,31664,31673,8.00E-03,1.45E-02
3101,25753,rfMRI connectivity (ICA100 edge 673),,,,16,,,rfMRI connectivity,,21081,21063,21069,10607,-,-,31688,31664,31673,-2.00E-04,1.31E-02
3102,25753,rfMRI connectivity (ICA100 edge 674),,,,16,,,rfMRI connectivity,,21081,21063,21069,10607,-,-,31688,31664,31673,2.24E-02,1.48E-02
3103,25753,rfMRI connectivity (ICA100 edge 675),,,,16,,,rfMRI connectivity,,21081,21063,21069,10607,-,-,31688,31664,31673,2.16E-02,1.48E-02
3104,25753,rfMRI connectivity (ICA100 edge 676),,,,16,,,rfMRI connectivity,,21081,21063,21069,10607,-,-,31688,31664,31673,2.00E-04,1.39E-02
3105,25753,rfMRI connectivity (ICA100 edge 677),,,,16,,,rfMRI connectivity,,21081,21063,21069,10607,-,-,31688,31664,31673,4.50E-03,1.40E-02
3106,25753,rfMRI connectivity (ICA100 edge 678),,,,16,,,rfMRI connectivity,,21081,21063,21069,10607,-,-,31688,31664,31673,3.43E-02,1.27E-02
3107,25753,rfMRI connectivity (ICA100 edge 679),,,,16,,,rfMRI connectivity,,21081,21063,21069,10607,-,-,31688,31664,31673,2.50E-03,1.44E-02
3108,25753,rfMRI connectivity (ICA100 edge 680),,,,16,,,rfMRI connectivity,,21081,21063,21069,10607,-,-,31688,31664,31673,3.40E-03,1.23E-02
3109,25753,rfMRI connectivity (ICA100 edge 681),,,,16,,,rfMRI connectivity,,21081,21063,21069,10607,-,-,31688,31664,31673,3.55E-02,1.44E-02
3110,25753,rfMRI connectivity (ICA100 edge 682),,,,16,,,rfMRI connectivity,,21081,21063,21069,10607,-,-,31688,31664,31673,1.20E-02,1.45E-02
3111,25753,rfMRI connectivity (ICA100 edge 683),,,,16,,,rfMRI connectivity,,21081,21063,21069,10607,-,-,31688,31664,31673,2.42E-02,1.51E-02
3112,25753,rfMRI connectivity (ICA100 edge 684),,,,16,,,rfMRI connectivity,,21081,21063,21069,10607,-,-,31688,31664,31673,2.33E-02,1.63E-02
3113,25753,rfMRI connectivity (ICA100 edge 685),,,,16,,,rfMRI connectivity,,21081,21063,21069,10607,-,-,31688,31664,31673,1.08E-02,1.36E-02
3114,25753,rfMRI connectivity (ICA100 edge 686),,,,16,,,rfMRI connectivity,,21081,21063,21069,10607,-,-,31688,31664,31673,3.54E-02,1.38E-02
3115,25753,rfMRI connectivity (ICA100 edge 687),,,,16,,,rfMRI connectivity,,21081,21063,21069,10607,-,-,31688,31664,31673,3.21E-02,1.35E-02
3116,25753,rfMRI connectivity (ICA100 edge 688),,,,16,,,rfMRI connectivity,,21081,21063,21069,10607,-,-,31688,31664,31673,2.48E-02,1.43E-02
3117,25753,rfMRI connectivity (ICA100 edge 689),,,,16,,,rfMRI connectivity,,21081,21063,21069,10607,-,-,31688,31664,31673,4.00E-02,1.29E-02
3118,25753,rfMRI connectivity (ICA100 edge 690),,,,16,,,rfMRI connectivity,,21081,21063,21069,10607,-,-,31688,31664,31673,1.63E-02,1.53E-02
3119,25753,rfMRI connectivity (ICA100 edge 691),,,,16,,,rfMRI connectivity,,21081,21063,21069,10607,-,-,31688,31664,31673,8.70E-03,1.35E-02
3120,25753,rfMRI connectivity (ICA100 edge 692),,,,16,,,rfMRI connectivity,,21081,21063,21069,10607,-,-,31688,31664,31673,3.00E-03,1.28E-02
3121,25753,rfMRI connectivity (ICA100 edge 693),,,,16,,,rfMRI connectivity,,21081,21063,21069,10607,-,-,31688,31664,31673,4.50E-02,1.59E-02
3122,25753,rfMRI connectivity (ICA100 edge 694),,,,16,,,rfMRI connectivity,,21081,21063,21069,10607,-,-,31688,31664,31673,4.44E-02,1.63E-02
3123,25753,rfMRI connectivity (ICA100 edge 695),,,,16,,,rfMRI connectivity,,21081,21063,21069,10607,-,-,31688,31664,31673,8.00E-03,1.43E-02
3124,25753,rfMRI connectivity (ICA100 edge 696),,,,16,,,rfMRI connectivity,,21081,21063,21069,10607,-,-,31688,31664,31673,-2.10E-03,1.32E-02
3125,25753,rfMRI connectivity (ICA100 edge 697),,,,16,,,rfMRI connectivity,,21081,21063,21069,10607,-,-,31688,31664,31673,1.59E-02,1.36E-02
3126,25753,rfMRI connectivity (ICA100 edge 698),,,,16,,,rfMRI connectivity,,21081,21063,21069,10607,-,-,31688,31664,31673,2.52E-02,1.38E-02
3127,25753,rfMRI connectivity (ICA100 edge 699),,,,16,,,rfMRI connectivity,,21081,21063,21069,10607,-,-,31688,31664,31673,1.60E-03,1.41E-02
3128,25753,rfMRI connectivity (ICA100 edge 700),,,,16,,,rfMRI connectivity,,21081,21063,21069,10607,-,-,31688,31664,31673,3.27E-02,1.47E-02
3129,25753,rfMRI connectivity (ICA100 edge 701),,,,16,,,rfMRI connectivity,,21081,21063,21069,10607,-,-,31688,31664,31673,5.52E-02,1.47E-02
3130,25753,rfMRI connectivity (ICA100 edge 702),,,,16,,,rfMRI connectivity,,21081,21063,21069,10607,-,-,31688,31664,31673,4.30E-03,1.41E-02
3131,25753,rfMRI connectivity (ICA100 edge 703),,,,16,,,rfMRI connectivity,,21081,21063,21069,10607,-,-,31688,31664,31673,2.87E-02,1.39E-02
3132,25753,rfMRI connectivity (ICA100 edge 704),,,,16,,,rfMRI connectivity,,21081,21063,21069,10607,-,-,31688,31664,31673,4.08E-02,1.52E-02
3133,25753,rfMRI connectivity (ICA100 edge 705),,,,16,,,rfMRI connectivity,,21081,21063,21069,10607,-,-,31688,31664,31673,4.83E-02,1.43E-02
3134,25753,rfMRI connectivity (ICA100 edge 706),,,,16,,,rfMRI connectivity,,21081,21063,21069,10607,-,-,31688,31664,31673,3.40E-02,1.27E-02
3135,25753,rfMRI connectivity (ICA100 edge 707),,,,16,,,rfMRI connectivity,,21081,21063,21069,10607,-,-,31688,31664,31673,9.29E-02,1.31E-02
3136,25753,rfMRI connectivity (ICA100 edge 708),,,,16,,,rfMRI connectivity,,21081,21063,21069,10607,-,-,31688,31664,31673,6.41E-02,1.52E-02
3137,25753,rfMRI connectivity (ICA100 edge 709),,,,16,,,rfMRI connectivity,,21081,21063,21069,10607,-,-,31688,31664,31673,-1.36E-02,1.27E-02
3138,25753,rfMRI connectivity (ICA100 edge 710),,,,16,,,rfMRI connectivity,,21081,21063,21069,10607,-,-,31688,31664,31673,4.60E-03,1.39E-02
3139,25753,rfMRI connectivity (ICA100 edge 711),,,,16,,,rfMRI connectivity,,21081,21063,21069,10607,-,-,31688,31664,31673,1.79E-02,1.33E-02
3140,25753,rfMRI connectivity (ICA100 edge 712),,,,16,,,rfMRI connectivity,,21081,21063,21069,10607,-,-,31688,31664,31673,2.02E-02,1.60E-02
3141,25753,rfMRI connectivity (ICA100 edge 713),,,,16,,,rfMRI connectivity,,21081,21063,21069,10607,-,-,31688,31664,31673,5.89E-02,1.43E-02
3142,25753,rfMRI connectivity (ICA100 edge 714),,,,16,,,rfMRI connectivity,,21081,21063,21069,10607,-,-,31688,31664,31673,4.90E-02,1.47E-02
3143,25753,rfMRI connectivity (ICA100 edge 715),,,,16,,,rfMRI connectivity,,21081,21063,21069,10607,-,-,31688,31664,31673,6.09E-02,1.61E-02
3144,25753,rfMRI connectivity (ICA100 edge 716),,,,16,,,rfMRI connectivity,,21081,21063,21069,10607,-,-,31688,31664,31673,3.52E-02,1.39E-02
3145,25753,rfMRI connectivity (ICA100 edge 717),,,,16,,,rfMRI connectivity,,21081,21063,21069,10607,-,-,31688,31664,31673,2.32E-02,1.44E-02
3146,25753,rfMRI connectivity (ICA100 edge 718),,,,16,,,rfMRI connectivity,,21081,21063,21069,10607,-,-,31688,31664,31673,5.60E-02,1.44E-02
3147,25753,rfMRI connectivity (ICA100 edge 719),,,,16,,,rfMRI connectivity,,21081,21063,21069,10607,-,-,31688,31664,31673,-1.00E-03,1.23E-02
3148,25753,rfMRI connectivity (ICA100 edge 720),,,,16,,,rfMRI connectivity,,21081,21063,21069,10607,-,-,31688,31664,31673,1.02E-02,1.34E-02
3149,25753,rfMRI connectivity (ICA100 edge 721),,,,16,,,rfMRI connectivity,,21081,21063,21069,10607,-,-,31688,31664,31673,7.44E-02,1.39E-02
3150,25753,rfMRI connectivity (ICA100 edge 722),,,,16,,,rfMRI connectivity,,21081,21063,21069,10607,-,-,31688,31664,31673,1.03E-01,1.70E-02
3151,25753,rfMRI connectivity (ICA100 edge 723),,,,16,,,rfMRI connectivity,,21081,21063,21069,10607,-,-,31688,31664,31673,3.50E-02,1.34E-02
3152,25753,rfMRI connectivity (ICA100 edge 724),,,,16,,,rfMRI connectivity,,21081,21063,21069,10607,-,-,31688,31664,31673,5.18E-02,1.55E-02
3153,25753,rfMRI connectivity (ICA100 edge 725),,,,16,,,rfMRI connectivity,,21081,21063,21069,10607,-,-,31688,31664,31673,5.59E-02,1.53E-02
3154,25753,rfMRI connectivity (ICA100 edge 726),,,,16,,,rfMRI connectivity,,21081,21063,21069,10607,-,-,31688,31664,31673,3.33E-02,1.47E-02
3155,25753,rfMRI connectivity (ICA100 edge 727),,,,16,,,rfMRI connectivity,,21081,21063,21069,10607,-,-,31688,31664,31673,6.21E-02,1.38E-02
3156,25753,rfMRI connectivity (ICA100 edge 728),,,,16,,,rfMRI connectivity,,21081,21063,21069,10607,-,-,31688,31664,31673,5.80E-02,1.39E-02
3157,25753,rfMRI connectivity (ICA100 edge 729),,,,16,,,rfMRI connectivity,,21081,21063,21069,10607,-,-,31688,31664,31673,5.48E-02,1.37E-02
3158,25753,rfMRI connectivity (ICA100 edge 730),,,,16,,,rfMRI connectivity,,21081,21063,21069,10607,-,-,31688,31664,31673,7.89E-02,1.52E-02
3159,25753,rfMRI connectivity (ICA100 edge 731),,,,16,,,rfMRI connectivity,,21081,21063,21069,10607,-,-,31688,31664,31673,1.38E-02,1.33E-02
3160,25753,rfMRI connectivity (ICA100 edge 732),,,,16,,,rfMRI connectivity,,21081,21063,21069,10607,-,-,31688,31664,31673,1.54E-01,2.20E-02
3161,25753,rfMRI connectivity (ICA100 edge 733),,,,16,,,rfMRI connectivity,,21081,21063,21069,10607,-,-,31688,31664,31673,1.15E-02,1.36E-02
3162,25753,rfMRI connectivity (ICA100 edge 734),,,,16,,,rfMRI connectivity,,21081,21063,21069,10607,-,-,31688,31664,31673,2.91E-02,1.40E-02
3163,25753,rfMRI connectivity (ICA100 edge 735),,,,16,,,rfMRI connectivity,,21081,21063,21069,10607,-,-,31688,31664,31673,5.80E-03,1.45E-02
3164,25753,rfMRI connectivity (ICA100 edge 736),,,,16,,,rfMRI connectivity,,21081,21063,21069,10607,-,-,31688,31664,31673,7.43E-02,1.46E-02
3165,25753,rfMRI connectivity (ICA100 edge 737),,,,16,,,rfMRI connectivity,,21081,21063,21069,10607,-,-,31688,31664,31673,4.01E-02,1.52E-02
3166,25753,rfMRI connectivity (ICA100 edge 738),,,,16,,,rfMRI connectivity,,21081,21063,21069,10607,-,-,31688,31664,31673,4.20E-03,1.33E-02
3167,25753,rfMRI connectivity (ICA100 edge 739),,,,16,,,rfMRI connectivity,,21081,21063,21069,10607,-,-,31688,31664,31673,4.72E-02,1.56E-02
3168,25753,rfMRI connectivity (ICA100 edge 740),,,,16,,,rfMRI connectivity,,21081,21063,21069,10607,-,-,31688,31664,31673,7.50E-02,1.54E-02
3169,25753,rfMRI connectivity (ICA100 edge 741),,,,16,,,rfMRI connectivity,,21081,21063,21069,10607,-,-,31688,31664,31673,2.01E-02,1.31E-02
3170,25753,rfMRI connectivity (ICA100 edge 742),,,,16,,,rfMRI connectivity,,21081,21063,21069,10607,-,-,31688,31664,31673,1.36E-02,1.40E-02
3171,25753,rfMRI connectivity (ICA100 edge 743),,,,16,,,rfMRI connectivity,,21081,21063,21069,10607,-,-,31688,31664,31673,5.74E-02,1.61E-02
3172,25753,rfMRI connectivity (ICA100 edge 744),,,,16,,,rfMRI connectivity,,21081,21063,21069,10607,-,-,31688,31664,31673,2.46E-02,1.50E-02
3173,25753,rfMRI connectivity (ICA100 edge 745),,,,16,,,rfMRI connectivity,,21081,21063,21069,10607,-,-,31688,31664,31673,5.09E-02,1.52E-02
3174,25753,rfMRI connectivity (ICA100 edge 746),,,,16,,,rfMRI connectivity,,21081,21063,21069,10607,-,-,31688,31664,31673,8.61E-02,1.94E-02
3175,25753,rfMRI connectivity (ICA100 edge 747),,,,16,,,rfMRI connectivity,,21081,21063,21069,10607,-,-,31688,31664,31673,3.40E-02,1.54E-02
3176,25753,rfMRI connectivity (ICA100 edge 748),,,,16,,,rfMRI connectivity,,21081,21063,21069,10607,-,-,31688,31664,31673,4.50E-02,1.39E-02
3177,25753,rfMRI connectivity (ICA100 edge 749),,,,16,,,rfMRI connectivity,,21081,21063,21069,10607,-,-,31688,31664,31673,1.76E-02,1.41E-02
3178,25753,rfMRI connectivity (ICA100 edge 750),,,,16,,,rfMRI connectivity,,21081,21063,21069,10607,-,-,31688,31664,31673,3.22E-02,1.54E-02
3179,25753,rfMRI connectivity (ICA100 edge 751),,,,16,,,rfMRI connectivity,,21081,21063,21069,10607,-,-,31688,31664,31673,3.50E-02,1.34E-02
3180,25753,rfMRI connectivity (ICA100 edge 752),,,,16,,,rfMRI connectivity,,21081,21063,21069,10607,-,-,31688,31664,31673,1.19E-01,1.42E-02
3181,25753,rfMRI connectivity (ICA100 edge 753),,,,16,,,rfMRI connectivity,,21081,21063,21069,10607,-,-,31688,31664,31673,6.03E-02,1.60E-02
3182,25753,rfMRI connectivity (ICA100 edge 754),,,,16,,,rfMRI connectivity,,21081,21063,21069,10607,-,-,31688,31664,31673,8.14E-02,1.42E-02
3183,25753,rfMRI connectivity (ICA100 edge 755),,,,16,,,rfMRI connectivity,,21081,21063,21069,10607,-,-,31688,31664,31673,1.76E-02,1.46E-02
3184,25753,rfMRI connectivity (ICA100 edge 756),,,,16,,,rfMRI connectivity,,21081,21063,21069,10607,-,-,31688,31664,31673,6.95E-02,1.47E-02
3185,25753,rfMRI connectivity (ICA100 edge 757),,,,16,,,rfMRI connectivity,,21081,21063,21069,10607,-,-,31688,31664,31673,2.55E-02,1.36E-02
3186,25753,rfMRI connectivity (ICA100 edge 758),,,,16,,,rfMRI connectivity,,21081,21063,21069,10607,-,-,31688,31664,31673,-4.00E-04,1.26E-02
3187,25753,rfMRI connectivity (ICA100 edge 759),,,,16,,,rfMRI connectivity,,21081,21063,21069,10607,-,-,31688,31664,31673,5.14E-02,1.53E-02
3188,25753,rfMRI connectivity (ICA100 edge 760),,,,16,,,rfMRI connectivity,,21081,21063,21069,10607,-,-,31688,31664,31673,7.06E-02,1.57E-02
3189,25753,rfMRI connectivity (ICA100 edge 761),,,,16,,,rfMRI connectivity,,21081,21063,21069,10607,-,-,31688,31664,31673,3.22E-02,1.53E-02
3190,25753,rfMRI connectivity (ICA100 edge 762),,,,16,,,rfMRI connectivity,,21081,21063,21069,10607,-,-,31688,31664,31673,9.80E-02,1.69E-02
3191,25753,rfMRI connectivity (ICA100 edge 763),,,,16,,,rfMRI connectivity,,21081,21063,21069,10607,-,-,31688,31664,31673,1.94E-02,1.54E-02
3192,25753,rfMRI connectivity (ICA100 edge 764),,,,16,,,rfMRI connectivity,,21081,21063,21069,10607,-,-,31688,31664,31673,1.19E-02,1.46E-02
3193,25753,rfMRI connectivity (ICA100 edge 765),,,,16,,,rfMRI connectivity,,21081,21063,21069,10607,-,-,31688,31664,31673,7.85E-02,1.54E-02
3194,25753,rfMRI connectivity (ICA100 edge 766),,,,16,,,rfMRI connectivity,,21081,21063,21069,10607,-,-,31688,31664,31673,1.24E-01,1.77E-02
3195,25753,rfMRI connectivity (ICA100 edge 767),,,,16,,,rfMRI connectivity,,21081,21063,21069,10607,-,-,31688,31664,31673,3.58E-02,1.33E-02
3196,25753,rfMRI connectivity (ICA100 edge 768),,,,16,,,rfMRI connectivity,,21081,21063,21069,10607,-,-,31688,31664,31673,2.78E-02,1.42E-02
3197,25753,rfMRI connectivity (ICA100 edge 769),,,,16,,,rfMRI connectivity,,21081,21063,21069,10607,-,-,31688,31664,31673,3.23E-02,1.47E-02
3198,25753,rfMRI connectivity (ICA100 edge 770),,,,16,,,rfMRI connectivity,,21081,21063,21069,10607,-,-,31688,31664,31673,7.58E-02,1.45E-02
3199,25753,rfMRI connectivity (ICA100 edge 771),,,,16,,,rfMRI connectivity,,21081,21063,21069,10607,-,-,31688,31664,31673,1.41E-02,1.27E-02
3200,25753,rfMRI connectivity (ICA100 edge 772),,,,16,,,rfMRI connectivity,,21081,21063,21069,10607,-,-,31688,31664,31673,6.23E-02,1.49E-02
3201,25753,rfMRI connectivity (ICA100 edge 773),,,,16,,,rfMRI connectivity,,21081,21063,21069,10607,-,-,31688,31664,31673,2.99E-02,1.39E-02
3202,25753,rfMRI connectivity (ICA100 edge 774),,,,16,,,rfMRI connectivity,,21081,21063,21069,10607,-,-,31688,31664,31673,3.51E-02,1.33E-02
3203,25753,rfMRI connectivity (ICA100 edge 775),,,,16,,,rfMRI connectivity,,21081,21063,21069,10607,-,-,31688,31664,31673,3.36E-02,1.34E-02
3204,25753,rfMRI connectivity (ICA100 edge 776),,,,16,,,rfMRI connectivity,,21081,21063,21069,10607,-,-,31688,31664,31673,1.94E-02,1.44E-02
3205,25753,rfMRI connectivity (ICA100 edge 777),,,,16,,,rfMRI connectivity,,21081,21063,21069,10607,-,-,31688,31664,31673,4.50E-02,1.52E-02
3206,25753,rfMRI connectivity (ICA100 edge 778),,,,16,,,rfMRI connectivity,,21081,21063,21069,10607,-,-,31688,31664,31673,9.85E-02,1.73E-02
3207,25753,rfMRI connectivity (ICA100 edge 779),,,,16,,,rfMRI connectivity,,21081,21063,21069,10607,-,-,31688,31664,31673,1.00E-03,1.41E-02
3208,25753,rfMRI connectivity (ICA100 edge 780),,,,16,,,rfMRI connectivity,,21081,21063,21069,10607,-,-,31688,31664,31673,7.20E-02,1.42E-02
3209,25753,rfMRI connectivity (ICA100 edge 781),,,,16,,,rfMRI connectivity,,21081,21063,21069,10607,-,-,31688,31664,31673,4.41E-02,1.42E-02
3210,25753,rfMRI connectivity (ICA100 edge 782),,,,16,,,rfMRI connectivity,,21081,21063,21069,10607,-,-,31688,31664,31673,4.66E-02,1.46E-02
3211,25753,rfMRI connectivity (ICA100 edge 783),,,,16,,,rfMRI connectivity,,21081,21063,21069,10607,-,-,31688,31664,31673,3.63E-02,1.39E-02
3212,25753,rfMRI connectivity (ICA100 edge 784),,,,16,,,rfMRI connectivity,,21081,21063,21069,10607,-,-,31688,31664,31673,2.83E-02,1.39E-02
3213,25753,rfMRI connectivity (ICA100 edge 785),,,,16,,,rfMRI connectivity,,21081,21063,21069,10607,-,-,31688,31664,31673,3.17E-02,1.37E-02
3214,25753,rfMRI connectivity (ICA100 edge 786),,,,16,,,rfMRI connectivity,,21081,21063,21069,10607,-,-,31688,31664,31673,3.84E-02,1.43E-02
3215,25753,rfMRI connectivity (ICA100 edge 787),,,,16,,,rfMRI connectivity,,21081,21063,21069,10607,-,-,31688,31664,31673,3.42E-02,1.51E-02
3216,25753,rfMRI connectivity (ICA100 edge 788),,,,16,,,rfMRI connectivity,,21081,21063,21069,10607,-,-,31688,31664,31673,4.69E-02,1.31E-02
3217,25753,rfMRI connectivity (ICA100 edge 789),,,,16,,,rfMRI connectivity,,21081,21063,21069,10607,-,-,31688,31664,31673,3.03E-02,1.41E-02
3218,25753,rfMRI connectivity (ICA100 edge 790),,,,16,,,rfMRI connectivity,,21081,21063,21069,10607,-,-,31688,31664,31673,4.94E-02,1.62E-02
3219,25753,rfMRI connectivity (ICA100 edge 791),,,,16,,,rfMRI connectivity,,21081,21063,21069,10607,-,-,31688,31664,31673,5.00E-03,1.29E-02
3220,25753,rfMRI connectivity (ICA100 edge 792),,,,16,,,rfMRI connectivity,,21081,21063,21069,10607,-,-,31688,31664,31673,1.37E-02,1.24E-02
3221,25753,rfMRI connectivity (ICA100 edge 793),,,,16,,,rfMRI connectivity,,21081,21063,21069,10607,-,-,31688,31664,31673,4.81E-02,1.48E-02
3222,25753,rfMRI connectivity (ICA100 edge 794),,,,16,,,rfMRI connectivity,,21081,21063,21069,10607,-,-,31688,31664,31673,1.34E-02,1.69E-02
3223,25753,rfMRI connectivity (ICA100 edge 795),,,,16,,,rfMRI connectivity,,21081,21063,21069,10607,-,-,31688,31664,31673,2.45E-02,1.31E-02
3224,25753,rfMRI connectivity (ICA100 edge 796),,,,16,,,rfMRI connectivity,,21081,21063,21069,10607,-,-,31688,31664,31673,2.96E-02,1.44E-02
3225,25753,rfMRI connectivity (ICA100 edge 797),,,,16,,,rfMRI connectivity,,21081,21063,21069,10607,-,-,31688,31664,31673,4.92E-02,1.32E-02
3226,25753,rfMRI connectivity (ICA100 edge 798),,,,16,,,rfMRI connectivity,,21081,21063,21069,10607,-,-,31688,31664,31673,5.62E-02,1.45E-02
3227,25753,rfMRI connectivity (ICA100 edge 799),,,,16,,,rfMRI connectivity,,21081,21063,21069,10607,-,-,31688,31664,31673,2.91E-02,1.39E-02
3228,25753,rfMRI connectivity (ICA100 edge 800),,,,16,,,rfMRI connectivity,,21081,21063,21069,10607,-,-,31688,31664,31673,1.42E-02,1.36E-02
3229,25753,rfMRI connectivity (ICA100 edge 801),,,,16,,,rfMRI connectivity,,21081,21063,21069,10607,-,-,31688,31664,31673,3.48E-02,1.38E-02
3230,25753,rfMRI connectivity (ICA100 edge 802),,,,16,,,rfMRI connectivity,,21081,21063,21069,10607,-,-,31688,31664,31673,3.05E-02,1.40E-02
3231,25753,rfMRI connectivity (ICA100 edge 803),,,,16,,,rfMRI connectivity,,21081,21063,21069,10607,-,-,31688,31664,31673,5.37E-02,1.33E-02
3232,25753,rfMRI connectivity (ICA100 edge 804),,,,16,,,rfMRI connectivity,,21081,21063,21069,10607,-,-,31688,31664,31673,4.47E-02,1.38E-02
3233,25753,rfMRI connectivity (ICA100 edge 805),,,,16,,,rfMRI connectivity,,21081,21063,21069,10607,-,-,31688,31664,31673,3.33E-02,1.62E-02
3234,25753,rfMRI connectivity (ICA100 edge 806),,,,16,,,rfMRI connectivity,,21081,21063,21069,10607,-,-,31688,31664,31673,2.64E-02,1.47E-02
3235,25753,rfMRI connectivity (ICA100 edge 807),,,,16,,,rfMRI connectivity,,21081,21063,21069,10607,-,-,31688,31664,31673,1.22E-02,1.27E-02
3236,25753,rfMRI connectivity (ICA100 edge 808),,,,16,,,rfMRI connectivity,,21081,21063,21069,10607,-,-,31688,31664,31673,1.80E-02,1.40E-02
3237,25753,rfMRI connectivity (ICA100 edge 809),,,,16,,,rfMRI connectivity,,21081,21063,21069,10607,-,-,31688,31664,31673,8.00E-02,1.55E-02
3238,25753,rfMRI connectivity (ICA100 edge 810),,,,16,,,rfMRI connectivity,,21081,21063,21069,10607,-,-,31688,31664,31673,2.34E-02,1.44E-02
3239,25753,rfMRI connectivity (ICA100 edge 811),,,,16,,,rfMRI connectivity,,21081,21063,21069,10607,-,-,31688,31664,31673,4.38E-02,1.52E-02
3240,25753,rfMRI connectivity (ICA100 edge 812),,,,16,,,rfMRI connectivity,,21081,21063,21069,10607,-,-,31688,31664,31673,3.88E-02,1.50E-02
3241,25753,rfMRI connectivity (ICA100 edge 813),,,,16,,,rfMRI connectivity,,21081,21063,21069,10607,-,-,31688,31664,31673,9.80E-03,1.27E-02
3242,25753,rfMRI connectivity (ICA100 edge 814),,,,16,,,rfMRI connectivity,,21081,21063,21069,10607,-,-,31688,31664,31673,5.77E-02,1.56E-02
3243,25753,rfMRI connectivity (ICA100 edge 815),,,,16,,,rfMRI connectivity,,21081,21063,21069,10607,-,-,31688,31664,31673,1.28E-02,1.47E-02
3244,25753,rfMRI connectivity (ICA100 edge 816),,,,16,,,rfMRI connectivity,,21081,21063,21069,10607,-,-,31688,31664,31673,7.61E-02,1.76E-02
3245,25753,rfMRI connectivity (ICA100 edge 817),,,,16,,,rfMRI connectivity,,21081,21063,21069,10607,-,-,31688,31664,31673,6.36E-02,1.45E-02
3246,25753,rfMRI connectivity (ICA100 edge 818),,,,16,,,rfMRI connectivity,,21081,21063,21069,10607,-,-,31688,31664,31673,1.68E-02,1.31E-02
3247,25753,rfMRI connectivity (ICA100 edge 819),,,,16,,,rfMRI connectivity,,21081,21063,21069,10607,-,-,31688,31664,31673,7.49E-02,1.59E-02
3248,25753,rfMRI connectivity (ICA100 edge 820),,,,16,,,rfMRI connectivity,,21081,21063,21069,10607,-,-,31688,31664,31673,4.16E-02,1.36E-02
3249,25753,rfMRI connectivity (ICA100 edge 821),,,,16,,,rfMRI connectivity,,21081,21063,21069,10607,-,-,31688,31664,31673,3.30E-02,1.49E-02
3250,25753,rfMRI connectivity (ICA100 edge 822),,,,16,,,rfMRI connectivity,,21081,21063,21069,10607,-,-,31688,31664,31673,4.61E-02,1.42E-02
3251,25753,rfMRI connectivity (ICA100 edge 823),,,,16,,,rfMRI connectivity,,21081,21063,21069,10607,-,-,31688,31664,31673,-1.46E-02,1.38E-02
3252,25753,rfMRI connectivity (ICA100 edge 824),,,,16,,,rfMRI connectivity,,21081,21063,21069,10607,-,-,31688,31664,31673,2.30E-02,1.44E-02
3253,25753,rfMRI connectivity (ICA100 edge 825),,,,16,,,rfMRI connectivity,,21081,21063,21069,10607,-,-,31688,31664,31673,6.13E-02,1.55E-02
3254,25753,rfMRI connectivity (ICA100 edge 826),,,,16,,,rfMRI connectivity,,21081,21063,21069,10607,-,-,31688,31664,31673,1.32E-02,1.39E-02
3255,25753,rfMRI connectivity (ICA100 edge 827),,,,16,,,rfMRI connectivity,,21081,21063,21069,10607,-,-,31688,31664,31673,1.96E-02,1.47E-02
3256,25753,rfMRI connectivity (ICA100 edge 828),,,,16,,,rfMRI connectivity,,21081,21063,21069,10607,-,-,31688,31664,31673,2.59E-02,1.47E-02
3257,25753,rfMRI connectivity (ICA100 edge 829),,,,16,,,rfMRI connectivity,,21081,21063,21069,10607,-,-,31688,31664,31673,1.37E-02,1.48E-02
3258,25753,rfMRI connectivity (ICA100 edge 830),,,,16,,,rfMRI connectivity,,21081,21063,21069,10607,-,-,31688,31664,31673,5.87E-02,1.48E-02
3259,25753,rfMRI connectivity (ICA100 edge 831),,,,16,,,rfMRI connectivity,,21081,21063,21069,10607,-,-,31688,31664,31673,4.40E-02,1.49E-02
3260,25753,rfMRI connectivity (ICA100 edge 832),,,,16,,,rfMRI connectivity,,21081,21063,21069,10607,-,-,31688,31664,31673,3.37E-02,1.37E-02
3261,25753,rfMRI connectivity (ICA100 edge 833),,,,16,,,rfMRI connectivity,,21081,21063,21069,10607,-,-,31688,31664,31673,5.65E-02,1.61E-02
3262,25753,rfMRI connectivity (ICA100 edge 834),,,,16,,,rfMRI connectivity,,21081,21063,21069,10607,-,-,31688,31664,31673,5.60E-02,1.57E-02
3263,25753,rfMRI connectivity (ICA100 edge 835),,,,16,,,rfMRI connectivity,,21081,21063,21069,10607,-,-,31688,31664,31673,2.79E-02,1.55E-02
3264,25753,rfMRI connectivity (ICA100 edge 836),,,,16,,,rfMRI connectivity,,21081,21063,21069,10607,-,-,31688,31664,31673,4.60E-02,1.49E-02
3265,25753,rfMRI connectivity (ICA100 edge 837),,,,16,,,rfMRI connectivity,,21081,21063,21069,10607,-,-,31688,31664,31673,1.91E-02,1.31E-02
3266,25753,rfMRI connectivity (ICA100 edge 838),,,,16,,,rfMRI connectivity,,21081,21063,21069,10607,-,-,31688,31664,31673,5.39E-02,1.44E-02
3267,25753,rfMRI connectivity (ICA100 edge 839),,,,16,,,rfMRI connectivity,,21081,21063,21069,10607,-,-,31688,31664,31673,3.82E-02,1.55E-02
3268,25753,rfMRI connectivity (ICA100 edge 840),,,,16,,,rfMRI connectivity,,21081,21063,21069,10607,-,-,31688,31664,31673,6.42E-02,1.43E-02
3269,25753,rfMRI connectivity (ICA100 edge 841),,,,16,,,rfMRI connectivity,,21081,21063,21069,10607,-,-,31688,31664,31673,5.20E-02,1.36E-02
3270,25753,rfMRI connectivity (ICA100 edge 842),,,,16,,,rfMRI connectivity,,21081,21063,21069,10607,-,-,31688,31664,31673,6.79E-02,1.51E-02
3271,25753,rfMRI connectivity (ICA100 edge 843),,,,16,,,rfMRI connectivity,,21081,21063,21069,10607,-,-,31688,31664,31673,3.82E-02,1.32E-02
3272,25753,rfMRI connectivity (ICA100 edge 844),,,,16,,,rfMRI connectivity,,21081,21063,21069,10607,-,-,31688,31664,31673,8.20E-02,1.50E-02
3273,25753,rfMRI connectivity (ICA100 edge 845),,,,16,,,rfMRI connectivity,,21081,21063,21069,10607,-,-,31688,31664,31673,1.02E-01,1.58E-02
3274,25753,rfMRI connectivity (ICA100 edge 846),,,,16,,,rfMRI connectivity,,21081,21063,21069,10607,-,-,31688,31664,31673,5.08E-02,1.50E-02
3275,25753,rfMRI connectivity (ICA100 edge 847),,,,16,,,rfMRI connectivity,,21081,21063,21069,10607,-,-,31688,31664,31673,2.99E-02,1.40E-02
3276,25753,rfMRI connectivity (ICA100 edge 848),,,,16,,,rfMRI connectivity,,21081,21063,21069,10607,-,-,31688,31664,31673,4.03E-02,1.44E-02
3277,25753,rfMRI connectivity (ICA100 edge 849),,,,16,,,rfMRI connectivity,,21081,21063,21069,10607,-,-,31688,31664,31673,6.73E-02,1.63E-02
3278,25753,rfMRI connectivity (ICA100 edge 850),,,,16,,,rfMRI connectivity,,21081,21063,21069,10607,-,-,31688,31664,31673,1.60E-03,1.46E-02
3279,25753,rfMRI connectivity (ICA100 edge 851),,,,16,,,rfMRI connectivity,,21081,21063,21069,10607,-,-,31688,31664,31673,5.95E-02,1.52E-02
3280,25753,rfMRI connectivity (ICA100 edge 852),,,,16,,,rfMRI connectivity,,21081,21063,21069,10607,-,-,31688,31664,31673,2.97E-02,1.58E-02
3281,25753,rfMRI connectivity (ICA100 edge 853),,,,16,,,rfMRI connectivity,,21081,21063,21069,10607,-,-,31688,31664,31673,2.30E-02,1.50E-02
3282,25753,rfMRI connectivity (ICA100 edge 854),,,,16,,,rfMRI connectivity,,21081,21063,21069,10607,-,-,31688,31664,31673,5.20E-02,1.38E-02
3283,25753,rfMRI connectivity (ICA100 edge 855),,,,16,,,rfMRI connectivity,,21081,21063,21069,10607,-,-,31688,31664,31673,-5.00E-03,1.39E-02
3284,25753,rfMRI connectivity (ICA100 edge 856),,,,16,,,rfMRI connectivity,,21081,21063,21069,10607,-,-,31688,31664,31673,5.24E-02,1.39E-02
3285,25753,rfMRI connectivity (ICA100 edge 857),,,,16,,,rfMRI connectivity,,21081,21063,21069,10607,-,-,31688,31664,31673,6.99E-02,1.51E-02
3286,25753,rfMRI connectivity (ICA100 edge 858),,,,16,,,rfMRI connectivity,,21081,21063,21069,10607,-,-,31688,31664,31673,-1.80E-02,1.30E-02
3287,25753,rfMRI connectivity (ICA100 edge 859),,,,16,,,rfMRI connectivity,,21081,21063,21069,10607,-,-,31688,31664,31673,8.74E-02,1.84E-02
3288,25753,rfMRI connectivity (ICA100 edge 860),,,,16,,,rfMRI connectivity,,21081,21063,21069,10607,-,-,31688,31664,31673,4.30E-02,1.63E-02
3289,25753,rfMRI connectivity (ICA100 edge 861),,,,16,,,rfMRI connectivity,,21081,21063,21069,10607,-,-,31688,31664,31673,5.89E-02,1.51E-02
3290,25753,rfMRI connectivity (ICA100 edge 862),,,,16,,,rfMRI connectivity,,21081,21063,21069,10607,-,-,31688,31664,31673,2.10E-03,1.36E-02
3291,25753,rfMRI connectivity (ICA100 edge 863),,,,16,,,rfMRI connectivity,,21081,21063,21069,10607,-,-,31688,31664,31673,2.57E-02,1.57E-02
3292,25753,rfMRI connectivity (ICA100 edge 864),,,,16,,,rfMRI connectivity,,21081,21063,21069,10607,-,-,31688,31664,31673,-5.40E-03,1.28E-02
3293,25753,rfMRI connectivity (ICA100 edge 865),,,,16,,,rfMRI connectivity,,21081,21063,21069,10607,-,-,31688,31664,31673,-1.42E-02,1.40E-02
3294,25753,rfMRI connectivity (ICA100 edge 866),,,,16,,,rfMRI connectivity,,21081,21063,21069,10607,-,-,31688,31664,31673,2.14E-02,1.54E-02
3295,25753,rfMRI connectivity (ICA100 edge 867),,,,16,,,rfMRI connectivity,,21081,21063,21069,10607,-,-,31688,31664,31673,1.92E-02,1.59E-02
3296,25753,rfMRI connectivity (ICA100 edge 868),,,,16,,,rfMRI connectivity,,21081,21063,21069,10607,-,-,31688,31664,31673,4.94E-02,1.56E-02
3297,25753,rfMRI connectivity (ICA100 edge 869),,,,16,,,rfMRI connectivity,,21081,21063,21069,10607,-,-,31688,31664,31673,1.78E-02,1.40E-02
3298,25753,rfMRI connectivity (ICA100 edge 870),,,,16,,,rfMRI connectivity,,21081,21063,21069,10607,-,-,31688,31664,31673,3.65E-02,1.45E-02
3299,25753,rfMRI connectivity (ICA100 edge 871),,,,16,,,rfMRI connectivity,,21081,21063,21069,10607,-,-,31688,31664,31673,3.76E-02,1.42E-02
3300,25753,rfMRI connectivity (ICA100 edge 872),,,,16,,,rfMRI connectivity,,21081,21063,21069,10607,-,-,31688,31664,31673,7.30E-03,1.30E-02
3301,25753,rfMRI connectivity (ICA100 edge 873),,,,16,,,rfMRI connectivity,,21081,21063,21069,10607,-,-,31688,31664,31673,4.21E-02,1.48E-02
3302,25753,rfMRI connectivity (ICA100 edge 874),,,,16,,,rfMRI connectivity,,21081,21063,21069,10607,-,-,31688,31664,31673,2.70E-02,1.51E-02
3303,25753,rfMRI connectivity (ICA100 edge 875),,,,16,,,rfMRI connectivity,,21081,21063,21069,10607,-,-,31688,31664,31673,-1.60E-03,1.32E-02
3304,25753,rfMRI connectivity (ICA100 edge 876),,,,16,,,rfMRI connectivity,,21081,21063,21069,10607,-,-,31688,31664,31673,1.78E-02,1.52E-02
3305,25753,rfMRI connectivity (ICA100 edge 877),,,,16,,,rfMRI connectivity,,21081,21063,21069,10607,-,-,31688,31664,31673,-5.00E-03,1.38E-02
3306,25753,rfMRI connectivity (ICA100 edge 878),,,,16,,,rfMRI connectivity,,21081,21063,21069,10607,-,-,31688,31664,31673,2.17E-02,1.46E-02
3307,25753,rfMRI connectivity (ICA100 edge 879),,,,16,,,rfMRI connectivity,,21081,21063,21069,10607,-,-,31688,31664,31673,-8.30E-03,1.20E-02
3308,25753,rfMRI connectivity (ICA100 edge 880),,,,16,,,rfMRI connectivity,,21081,21063,21069,10607,-,-,31688,31664,31673,3.79E-02,1.44E-02
3309,25753,rfMRI connectivity (ICA100 edge 881),,,,16,,,rfMRI connectivity,,21081,21063,21069,10607,-,-,31688,31664,31673,1.32E-02,1.58E-02
3310,25753,rfMRI connectivity (ICA100 edge 882),,,,16,,,rfMRI connectivity,,21081,21063,21069,10607,-,-,31688,31664,31673,1.66E-02,1.36E-02
3311,25753,rfMRI connectivity (ICA100 edge 883),,,,16,,,rfMRI connectivity,,21081,21063,21069,10607,-,-,31688,31664,31673,2.76E-02,1.44E-02
3312,25753,rfMRI connectivity (ICA100 edge 884),,,,16,,,rfMRI connectivity,,21081,21063,21069,10607,-,-,31688,31664,31673,1.20E-02,1.29E-02
3313,25753,rfMRI connectivity (ICA100 edge 885),,,,16,,,rfMRI connectivity,,21081,21063,21069,10607,-,-,31688,31664,31673,3.73E-02,1.40E-02
3314,25753,rfMRI connectivity (ICA100 edge 886),,,,16,,,rfMRI connectivity,,21081,21063,21069,10607,-,-,31688,31664,31673,3.75E-02,1.29E-02
3315,25753,rfMRI connectivity (ICA100 edge 887),,,,16,,,rfMRI connectivity,,21081,21063,21069,10607,-,-,31688,31664,31673,8.80E-03,1.31E-02
3316,25753,rfMRI connectivity (ICA100 edge 888),,,,16,,,rfMRI connectivity,,21081,21063,21069,10607,-,-,31688,31664,31673,2.84E-02,1.40E-02
3317,25753,rfMRI connectivity (ICA100 edge 889),,,,16,,,rfMRI connectivity,,21081,21063,21069,10607,-,-,31688,31664,31673,6.20E-03,1.35E-02
3318,25753,rfMRI connectivity (ICA100 edge 890),,,,16,,,rfMRI connectivity,,21081,21063,21069,10607,-,-,31688,31664,31673,1.60E-02,1.44E-02
3319,25753,rfMRI connectivity (ICA100 edge 891),,,,16,,,rfMRI connectivity,,21081,21063,21069,10607,-,-,31688,31664,31673,3.10E-02,1.41E-02
3320,25753,rfMRI connectivity (ICA100 edge 892),,,,16,,,rfMRI connectivity,,21081,21063,21069,10607,-,-,31688,31664,31673,3.55E-02,1.68E-02
3321,25753,rfMRI connectivity (ICA100 edge 893),,,,16,,,rfMRI connectivity,,21081,21063,21069,10607,-,-,31688,31664,31673,-1.11E-02,1.33E-02
3322,25753,rfMRI connectivity (ICA100 edge 894),,,,16,,,rfMRI connectivity,,21081,21063,21069,10607,-,-,31688,31664,31673,3.60E-03,1.38E-02
3323,25753,rfMRI connectivity (ICA100 edge 895),,,,16,,,rfMRI connectivity,,21081,21063,21069,10607,-,-,31688,31664,31673,3.20E-03,1.46E-02
3324,25753,rfMRI connectivity (ICA100 edge 896),,,,16,,,rfMRI connectivity,,21081,21063,21069,10607,-,-,31688,31664,31673,7.00E-03,1.43E-02
3325,25753,rfMRI connectivity (ICA100 edge 897),,,,16,,,rfMRI connectivity,,21081,21063,21069,10607,-,-,31688,31664,31673,1.81E-02,1.38E-02
3326,25753,rfMRI connectivity (ICA100 edge 898),,,,16,,,rfMRI connectivity,,21081,21063,21069,10607,-,-,31688,31664,31673,3.20E-02,1.33E-02
3327,25753,rfMRI connectivity (ICA100 edge 899),,,,16,,,rfMRI connectivity,,21081,21063,21069,10607,-,-,31688,31664,31673,1.82E-02,1.71E-02
3328,25753,rfMRI connectivity (ICA100 edge 900),,,,16,,,rfMRI connectivity,,21081,21063,21069,10607,-,-,31688,31664,31673,9.10E-03,1.49E-02
3329,25753,rfMRI connectivity (ICA100 edge 901),,,,16,,,rfMRI connectivity,,21081,21063,21069,10607,10601,10604,31688,31664,31673,1.75E-02,1.48E-02
3330,25753,rfMRI connectivity (ICA100 edge 902),,,,16,,,rfMRI connectivity,,21081,21063,21069,10607,-,-,31688,31664,31673,1.10E-02,1.39E-02
3331,25753,rfMRI connectivity (ICA100 edge 903),,,,16,,,rfMRI connectivity,,21081,21063,21069,10607,-,-,31688,31664,31673,1.09E-02,1.42E-02
3332,25753,rfMRI connectivity (ICA100 edge 904),,,,16,,,rfMRI connectivity,,21081,21063,21069,10607,-,-,31688,31664,31673,1.69E-02,1.23E-02
3333,25753,rfMRI connectivity (ICA100 edge 905),,,,16,,,rfMRI connectivity,,21081,21063,21069,10607,-,-,31688,31664,31673,5.44E-02,1.56E-02
3334,25753,rfMRI connectivity (ICA100 edge 906),,,,16,,,rfMRI connectivity,,21081,21063,21069,10607,-,-,31688,31664,31673,7.80E-03,1.40E-02
3335,25753,rfMRI connectivity (ICA100 edge 907),,,,16,,,rfMRI connectivity,,21081,21063,21069,10607,-,-,31688,31664,31673,3.42E-02,1.44E-02
3336,25753,rfMRI connectivity (ICA100 edge 908),,,,16,,,rfMRI connectivity,,21081,21063,21069,10607,-,-,31688,31664,31673,8.62E-02,1.46E-02
3337,25753,rfMRI connectivity (ICA100 edge 909),,,,16,,,rfMRI connectivity,,21081,21063,21069,10607,-,-,31688,31664,31673,-7.00E-04,1.36E-02
3338,25753,rfMRI connectivity (ICA100 edge 910),,,,16,,,rfMRI connectivity,,21081,21063,21069,10607,-,-,31688,31664,31673,6.14E-02,1.44E-02
3339,25753,rfMRI connectivity (ICA100 edge 911),,,,16,,,rfMRI connectivity,,21081,21063,21069,10607,-,-,31688,31664,31673,3.18E-02,1.37E-02
3340,25753,rfMRI connectivity (ICA100 edge 912),,,,16,,,rfMRI connectivity,,21081,21063,21069,10607,-,-,31688,31664,31673,1.74E-01,1.94E-02
3341,25753,rfMRI connectivity (ICA100 edge 913),,,,16,,,rfMRI connectivity,,21081,21063,21069,10607,-,-,31688,31664,31673,7.00E-02,1.60E-02
3342,25753,rfMRI connectivity (ICA100 edge 914),,,,16,,,rfMRI connectivity,,21081,21063,21069,10607,-,-,31688,31664,31673,8.56E-02,1.69E-02
3343,25753,rfMRI connectivity (ICA100 edge 915),,,,16,,,rfMRI connectivity,,21081,21063,21069,10607,-,-,31688,31664,31673,9.93E-02,1.60E-02
3344,25753,rfMRI connectivity (ICA100 edge 916),,,,16,,,rfMRI connectivity,,21081,21063,21069,10607,-,-,31688,31664,31673,1.24E-01,1.91E-02
3345,25753,rfMRI connectivity (ICA100 edge 917),,,,16,,,rfMRI connectivity,,21081,21063,21069,10607,-,-,31688,31664,31673,1.28E-02,1.36E-02
3346,25753,rfMRI connectivity (ICA100 edge 918),,,,16,,,rfMRI connectivity,,21081,21063,21069,10607,-,-,31688,31664,31673,5.50E-02,1.49E-02
3347,25753,rfMRI connectivity (ICA100 edge 919),,,,16,,,rfMRI connectivity,,21081,21063,21069,10607,-,-,31688,31664,31673,7.90E-03,1.29E-02
3348,25753,rfMRI connectivity (ICA100 edge 920),,,,16,,,rfMRI connectivity,,21081,21063,21069,10607,-,-,31688,31664,31673,3.28E-02,1.36E-02
3349,25753,rfMRI connectivity (ICA100 edge 921),,,,16,,,rfMRI connectivity,,21081,21063,21069,10607,-,-,31688,31664,31673,9.46E-02,1.60E-02
3350,25753,rfMRI connectivity (ICA100 edge 922),,,,16,,,rfMRI connectivity,,21081,21063,21069,10607,-,-,31688,31664,31673,5.41E-02,1.50E-02
3351,25753,rfMRI connectivity (ICA100 edge 923),,,,16,,,rfMRI connectivity,,21081,21063,21069,10607,-,-,31688,31664,31673,2.57E-02,1.41E-02
3352,25753,rfMRI connectivity (ICA100 edge 924),,,,16,,,rfMRI connectivity,,21081,21063,21069,10607,-,-,31688,31664,31673,1.66E-01,1.75E-02
3353,25753,rfMRI connectivity (ICA100 edge 925),,,,16,,,rfMRI connectivity,,21081,21063,21069,10607,-,-,31688,31664,31673,6.32E-02,1.50E-02
3354,25753,rfMRI connectivity (ICA100 edge 926),,,,16,,,rfMRI connectivity,,21081,21063,21069,10607,-,-,31688,31664,31673,9.70E-03,1.41E-02
3355,25753,rfMRI connectivity (ICA100 edge 927),,,,16,,,rfMRI connectivity,,21081,21063,21069,10607,-,-,31688,31664,31673,1.99E-01,1.75E-02
3356,25753,rfMRI connectivity (ICA100 edge 928),,,,16,,,rfMRI connectivity,,21081,21063,21069,10607,-,-,31688,31664,31673,1.12E-01,1.89E-02
3357,25753,rfMRI connectivity (ICA100 edge 929),,,,16,,,rfMRI connectivity,,21081,21063,21069,10607,-,-,31688,31664,31673,7.99E-02,1.47E-02
3358,25753,rfMRI connectivity (ICA100 edge 930),,,,16,,,rfMRI connectivity,,21081,21063,21069,10607,-,-,31688,31664,31673,2.40E-03,1.43E-02
3359,25753,rfMRI connectivity (ICA100 edge 931),,,,16,,,rfMRI connectivity,,21081,21063,21069,10607,-,-,31688,31664,31673,1.34E-01,1.82E-02
3360,25753,rfMRI connectivity (ICA100 edge 932),,,,16,,,rfMRI connectivity,,21081,21063,21069,10607,-,-,31688,31664,31673,1.41E-01,1.87E-02
3361,25753,rfMRI connectivity (ICA100 edge 933),,,,16,,,rfMRI connectivity,,21081,21063,21069,10607,-,-,31688,31664,31673,2.15E-02,1.43E-02
3362,25753,rfMRI connectivity (ICA100 edge 934),,,,16,,,rfMRI connectivity,,21081,21063,21069,10607,-,-,31688,31664,31673,9.17E-02,1.48E-02
3363,25753,rfMRI connectivity (ICA100 edge 935),,,,16,,,rfMRI connectivity,,21081,21063,21069,10607,-,-,31688,31664,31673,2.57E-02,1.40E-02
3364,25753,rfMRI connectivity (ICA100 edge 936),,,,16,,,rfMRI connectivity,,21081,21063,21069,10607,-,-,31688,31664,31673,9.21E-02,1.75E-02
3365,25753,rfMRI connectivity (ICA100 edge 937),,,,16,,,rfMRI connectivity,,21081,21063,21069,10607,-,-,31688,31664,31673,3.78E-02,1.40E-02
3366,25753,rfMRI connectivity (ICA100 edge 938),,,,16,,,rfMRI connectivity,,21081,21063,21069,10607,-,-,31688,31664,31673,1.41E-02,1.44E-02
3367,25753,rfMRI connectivity (ICA100 edge 939),,,,16,,,rfMRI connectivity,,21081,21063,21069,10607,-,-,31688,31664,31673,6.92E-02,1.49E-02
3368,25753,rfMRI connectivity (ICA100 edge 940),,,,16,,,rfMRI connectivity,,21081,21063,21069,10607,-,-,31688,31664,31673,7.04E-02,1.38E-02
3369,25753,rfMRI connectivity (ICA100 edge 941),,,,16,,,rfMRI connectivity,,21081,21063,21069,10607,10601,10604,31688,31664,31673,2.01E-02,1.39E-02
3370,25753,rfMRI connectivity (ICA100 edge 942),,,,16,,,rfMRI connectivity,,21081,21063,21069,10607,-,-,31688,31664,31673,6.05E-02,2.24E-02
3371,25753,rfMRI connectivity (ICA100 edge 943),,,,16,,,rfMRI connectivity,,21081,21063,21069,10607,-,-,31688,31664,31673,6.15E-02,1.55E-02
3372,25753,rfMRI connectivity (ICA100 edge 944),,,,16,,,rfMRI connectivity,,21081,21063,21069,10607,-,-,31688,31664,31673,2.59E-02,1.57E-02
3373,25753,rfMRI connectivity (ICA100 edge 945),,,,16,,,rfMRI connectivity,,21081,21063,21069,10607,-,-,31688,31664,31673,8.09E-02,1.54E-02
3374,25753,rfMRI connectivity (ICA100 edge 946),,,,16,,,rfMRI connectivity,,21081,21063,21069,10607,-,-,31688,31664,31673,1.16E-02,1.28E-02
3375,25753,rfMRI connectivity (ICA100 edge 947),,,,16,,,rfMRI connectivity,,21081,21063,21069,10607,-,-,31688,31664,31673,2.51E-02,1.37E-02
3376,25753,rfMRI connectivity (ICA100 edge 948),,,,16,,,rfMRI connectivity,,21081,21063,21069,10607,-,-,31688,31664,31673,5.68E-02,1.42E-02
3377,25753,rfMRI connectivity (ICA100 edge 949),,,,16,,,rfMRI connectivity,,21081,21063,21069,10607,-,-,31688,31664,31673,-6.40E-03,1.32E-02
3378,25753,rfMRI connectivity (ICA100 edge 950),,,,16,,,rfMRI connectivity,,21081,21063,21069,10607,-,-,31688,31664,31673,5.70E-02,1.38E-02
3379,25753,rfMRI connectivity (ICA100 edge 951),,,,16,,,rfMRI connectivity,,21081,21063,21069,10607,-,-,31688,31664,31673,1.81E-01,2.01E-02
3380,25753,rfMRI connectivity (ICA100 edge 952),,,,16,,,rfMRI connectivity,,21081,21063,21069,10607,-,-,31688,31664,31673,1.95E-02,1.28E-02
3381,25753,rfMRI connectivity (ICA100 edge 953),,,,16,,,rfMRI connectivity,,21081,21063,21069,10607,-,-,31688,31664,31673,1.07E-01,1.67E-02
3382,25753,rfMRI connectivity (ICA100 edge 954),,,,16,,,rfMRI connectivity,,21081,21063,21069,10607,-,-,31688,31664,31673,3.90E-03,1.38E-02
3383,25753,rfMRI connectivity (ICA100 edge 955),,,,16,,,rfMRI connectivity,,21081,21063,21069,10607,-,-,31688,31664,31673,4.87E-02,1.49E-02
3384,25753,rfMRI connectivity (ICA100 edge 956),,,,16,,,rfMRI connectivity,,21081,21063,21069,10607,-,-,31688,31664,31673,8.29E-02,1.61E-02
3385,25753,rfMRI connectivity (ICA100 edge 957),,,,16,,,rfMRI connectivity,,21081,21063,21069,10607,-,-,31688,31664,31673,1.22E-01,1.78E-02
3386,25753,rfMRI connectivity (ICA100 edge 958),,,,16,,,rfMRI connectivity,,21081,21063,21069,10607,-,-,31688,31664,31673,9.74E-02,1.66E-02
3387,25753,rfMRI connectivity (ICA100 edge 959),,,,16,,,rfMRI connectivity,,21081,21063,21069,10607,-,-,31688,31664,31673,7.69E-02,1.56E-02
3388,25753,rfMRI connectivity (ICA100 edge 960),,,,16,,,rfMRI connectivity,,21081,21063,21069,10607,-,-,31688,31664,31673,1.10E-02,1.45E-02
3389,25753,rfMRI connectivity (ICA100 edge 961),,,,16,,,rfMRI connectivity,,21081,21063,21069,10607,-,-,31688,31664,31673,1.42E-01,2.04E-02
3390,25753,rfMRI connectivity (ICA100 edge 962),,,,16,,,rfMRI connectivity,,21081,21063,21069,10607,-,-,31688,31664,31673,-1.60E-03,1.42E-02
3391,25753,rfMRI connectivity (ICA100 edge 963),,,,16,,,rfMRI connectivity,,21081,21063,21069,10607,10601,10604,31688,31664,31673,6.39E-02,1.42E-02
3392,25753,rfMRI connectivity (ICA100 edge 964),,,,16,,,rfMRI connectivity,,21081,21063,21069,10607,-,-,31688,31664,31673,1.43E-02,1.29E-02
3393,25753,rfMRI connectivity (ICA100 edge 965),,,,16,,,rfMRI connectivity,,21081,21063,21069,10607,-,-,31688,31664,31673,7.74E-02,1.68E-02
3394,25753,rfMRI connectivity (ICA100 edge 966),,,,16,,,rfMRI connectivity,,21081,21063,21069,10607,-,-,31688,31664,31673,3.92E-02,1.40E-02
3395,25753,rfMRI connectivity (ICA100 edge 967),,,,16,,,rfMRI connectivity,,21081,21063,21069,10607,-,-,31688,31664,31673,1.08E-01,1.65E-02
3396,25753,rfMRI connectivity (ICA100 edge 968),,,,16,,,rfMRI connectivity,,21081,21063,21069,10607,-,-,31688,31664,31673,1.62E-02,1.41E-02
3397,25753,rfMRI connectivity (ICA100 edge 969),,,,16,,,rfMRI connectivity,,21081,21063,21069,10607,-,-,31688,31664,31673,2.58E-02,1.45E-02
3398,25753,rfMRI connectivity (ICA100 edge 970),,,,16,,,rfMRI connectivity,,21081,21063,21069,10607,-,-,31688,31664,31673,8.02E-02,1.42E-02
3399,25753,rfMRI connectivity (ICA100 edge 971),,,,16,,,rfMRI connectivity,,21081,21063,21069,10607,-,-,31688,31664,31673,7.33E-02,1.58E-02
3400,25753,rfMRI connectivity (ICA100 edge 972),,,,16,,,rfMRI connectivity,,21081,21063,21069,10607,-,-,31688,31664,31673,1.83E-02,1.34E-02
3401,25753,rfMRI connectivity (ICA100 edge 973),,,,16,,,rfMRI connectivity,,21081,21063,21069,10607,-,-,31688,31664,31673,8.48E-02,1.55E-02
3402,25753,rfMRI connectivity (ICA100 edge 974),,,,16,,,rfMRI connectivity,,21081,21063,21069,10607,-,-,31688,31664,31673,8.86E-02,1.75E-02
3403,25753,rfMRI connectivity (ICA100 edge 975),,,,16,,,rfMRI connectivity,,21081,21063,21069,10607,-,-,31688,31664,31673,1.17E-01,1.71E-02
3404,25753,rfMRI connectivity (ICA100 edge 976),,,,16,,,rfMRI connectivity,,21081,21063,21069,10607,-,-,31688,31664,31673,1.91E-02,1.48E-02
3405,25753,rfMRI connectivity (ICA100 edge 977),,,,16,,,rfMRI connectivity,,21081,21063,21069,10607,-,-,31688,31664,31673,1.15E-01,1.48E-02
3406,25753,rfMRI connectivity (ICA100 edge 978),,,,16,,,rfMRI connectivity,,21081,21063,21069,10607,-,-,31688,31664,31673,1.95E-02,1.35E-02
3407,25753,rfMRI connectivity (ICA100 edge 979),,,,16,,,rfMRI connectivity,,21081,21063,21069,10607,-,-,31688,31664,31673,9.63E-02,1.70E-02
3408,25753,rfMRI connectivity (ICA100 edge 980),,,,16,,,rfMRI connectivity,,21081,21063,21069,10607,-,-,31688,31664,31673,5.05E-02,1.44E-02
3409,25753,rfMRI connectivity (ICA100 edge 981),,,,16,,,rfMRI connectivity,,21081,21063,21069,10607,-,-,31688,31664,31673,2.47E-02,1.35E-02
3410,25753,rfMRI connectivity (ICA100 edge 982),,,,16,,,rfMRI connectivity,,21081,21063,21069,10607,-,-,31688,31664,31673,4.57E-02,1.55E-02
3411,25753,rfMRI connectivity (ICA100 edge 983),,,,16,,,rfMRI connectivity,,21081,21063,21069,10607,-,-,31688,31664,31673,9.96E-02,1.45E-02
3412,25753,rfMRI connectivity (ICA100 edge 984),,,,16,,,rfMRI connectivity,,21081,21063,21069,10607,-,-,31688,31664,31673,2.26E-02,1.25E-02
3413,25753,rfMRI connectivity (ICA100 edge 985),,,,16,,,rfMRI connectivity,,21081,21063,21069,10607,-,-,31688,31664,31673,9.11E-02,1.65E-02
3414,25753,rfMRI connectivity (ICA100 edge 986),,,,16,,,rfMRI connectivity,,21081,21063,21069,10607,-,-,31688,31664,31673,8.19E-02,1.66E-02
3415,25753,rfMRI connectivity (ICA100 edge 987),,,,16,,,rfMRI connectivity,,21081,21063,21069,10607,-,-,31688,31664,31673,3.70E-03,1.36E-02
3416,25753,rfMRI connectivity (ICA100 edge 988),,,,16,,,rfMRI connectivity,,21081,21063,21069,10607,-,-,31688,31664,31673,6.67E-02,1.56E-02
3417,25753,rfMRI connectivity (ICA100 edge 989),,,,16,,,rfMRI connectivity,,21081,21063,21069,10607,-,-,31688,31664,31673,1.85E-02,1.33E-02
3418,25753,rfMRI connectivity (ICA100 edge 990),,,,16,,,rfMRI connectivity,,21081,21063,21069,10607,-,-,31688,31664,31673,8.21E-02,1.62E-02
3419,25753,rfMRI connectivity (ICA100 edge 991),,,,16,,,rfMRI connectivity,,21081,21063,21069,10607,-,-,31688,31664,31673,8.90E-03,1.50E-02
3420,25753,rfMRI connectivity (ICA100 edge 992),,,,16,,,rfMRI connectivity,,21081,21063,21069,10607,-,-,31688,31664,31673,2.84E-02,1.46E-02
3421,25753,rfMRI connectivity (ICA100 edge 993),,,,16,,,rfMRI connectivity,,21081,21063,21069,10607,-,-,31688,31664,31673,2.20E-03,1.35E-02
3422,25753,rfMRI connectivity (ICA100 edge 994),,,,16,,,rfMRI connectivity,,21081,21063,21069,10607,-,-,31688,31664,31673,1.11E-02,1.51E-02
3423,25753,rfMRI connectivity (ICA100 edge 995),,,,16,,,rfMRI connectivity,,21081,21063,21069,10607,-,-,31688,31664,31673,1.01E-01,1.71E-02
3424,25753,rfMRI connectivity (ICA100 edge 996),,,,16,,,rfMRI connectivity,,21081,21063,21069,10607,-,-,31688,31664,31673,1.83E-02,1.25E-02
3425,25753,rfMRI connectivity (ICA100 edge 997),,,,16,,,rfMRI connectivity,,21081,21063,21069,10607,-,-,31688,31664,31673,6.95E-02,1.47E-02
3426,25753,rfMRI connectivity (ICA100 edge 998),,,,16,,,rfMRI connectivity,,21081,21063,21069,10607,-,-,31688,31664,31673,1.10E-02,1.27E-02
3427,25753,rfMRI connectivity (ICA100 edge 999),,,,16,,,rfMRI connectivity,,21081,21063,21069,10607,-,-,31688,31664,31673,5.03E-02,1.44E-02
3428,25753,rfMRI connectivity (ICA100 edge 1000),,,,16,,,rfMRI connectivity,,21081,21063,21069,10607,-,-,31688,31664,31673,6.77E-02,1.37E-02
3429,25753,rfMRI connectivity (ICA100 edge 1001),,,,16,,,rfMRI connectivity,,21081,21063,21069,10607,-,-,31688,31664,31673,1.11E-01,1.76E-02
3430,25753,rfMRI connectivity (ICA100 edge 1002),,,,16,,,rfMRI connectivity,,21081,21063,21069,10607,-,-,31688,31664,31673,7.80E-02,2.55E-02
3431,25753,rfMRI connectivity (ICA100 edge 1003),,,,16,,,rfMRI connectivity,,21081,21063,21069,10607,-,-,31688,31664,31673,9.72E-02,1.46E-02
3432,25753,rfMRI connectivity (ICA100 edge 1004),,,,16,,,rfMRI connectivity,,21081,21063,21069,10607,-,-,31688,31664,31673,1.33E-02,1.27E-02
3433,25753,rfMRI connectivity (ICA100 edge 1005),,,,16,,,rfMRI connectivity,,21081,21063,21069,10607,-,-,31688,31664,31673,2.36E-02,1.38E-02
3434,25753,rfMRI connectivity (ICA100 edge 1006),,,,16,,,rfMRI connectivity,,21081,21063,21069,10607,-,-,31688,31664,31673,2.09E-02,1.39E-02
3435,25753,rfMRI connectivity (ICA100 edge 1007),,,,16,,,rfMRI connectivity,,21081,21063,21069,10607,10601,10604,31688,31664,31673,6.32E-02,1.56E-02
3436,25753,rfMRI connectivity (ICA100 edge 1008),,,,16,,,rfMRI connectivity,,21081,21063,21069,10607,-,-,31688,31664,31673,4.00E-02,1.40E-02
3437,25753,rfMRI connectivity (ICA100 edge 1009),,,,16,,,rfMRI connectivity,,21081,21063,21069,10607,-,-,31688,31664,31673,3.77E-02,1.25E-02
3438,25753,rfMRI connectivity (ICA100 edge 1010),,,,16,,,rfMRI connectivity,,21081,21063,21069,10607,-,-,31688,31664,31673,2.34E-02,1.37E-02
3439,25753,rfMRI connectivity (ICA100 edge 1011),,,,16,,,rfMRI connectivity,,21081,21063,21069,10607,-,-,31688,31664,31673,1.21E-01,1.65E-02
3440,25753,rfMRI connectivity (ICA100 edge 1012),,,,16,,,rfMRI connectivity,,21081,21063,21069,10607,-,-,31688,31664,31673,2.21E-02,1.39E-02
3441,25753,rfMRI connectivity (ICA100 edge 1013),,,,16,,,rfMRI connectivity,,21081,21063,21069,10607,-,-,31688,31664,31673,1.20E-03,1.38E-02
3442,25753,rfMRI connectivity (ICA100 edge 1014),,,,16,,,rfMRI connectivity,,21081,21063,21069,10607,-,-,31688,31664,31673,9.33E-02,1.83E-02
3443,25753,rfMRI connectivity (ICA100 edge 1015),,,,16,,,rfMRI connectivity,,21081,21063,21069,10607,-,-,31688,31664,31673,8.98E-02,1.49E-02
3444,25753,rfMRI connectivity (ICA100 edge 1016),,,,16,,,rfMRI connectivity,,21081,21063,21069,10607,-,-,31688,31664,31673,4.64E-02,1.42E-02
3445,25753,rfMRI connectivity (ICA100 edge 1017),,,,16,,,rfMRI connectivity,,21081,21063,21069,10607,-,-,31688,31664,31673,2.04E-02,1.41E-02
3446,25753,rfMRI connectivity (ICA100 edge 1018),,,,16,,,rfMRI connectivity,,21081,21063,21069,10607,-,-,31688,31664,31673,4.35E-02,1.48E-02
3447,25753,rfMRI connectivity (ICA100 edge 1019),,,,16,,,rfMRI connectivity,,21081,21063,21069,10607,-,-,31688,31664,31673,8.79E-02,1.65E-02
3448,25753,rfMRI connectivity (ICA100 edge 1020),,,,16,,,rfMRI connectivity,,21081,21063,21069,10607,-,-,31688,31664,31673,1.40E-03,1.37E-02
3449,25753,rfMRI connectivity (ICA100 edge 1021),,,,16,,,rfMRI connectivity,,21081,21063,21069,10607,-,-,31688,31664,31673,8.75E-02,1.72E-02
3450,25753,rfMRI connectivity (ICA100 edge 1022),,,,16,,,rfMRI connectivity,,21081,21063,21069,10607,-,-,31688,31664,31673,1.10E-02,1.31E-02
3451,25753,rfMRI connectivity (ICA100 edge 1023),,,,16,,,rfMRI connectivity,,21081,21063,21069,10607,-,-,31688,31664,31673,3.23E-02,1.48E-02
3452,25753,rfMRI connectivity (ICA100 edge 1024),,,,16,,,rfMRI connectivity,,21081,21063,21069,10607,-,-,31688,31664,31673,2.74E-02,1.33E-02
3453,25753,rfMRI connectivity (ICA100 edge 1025),,,,16,,,rfMRI connectivity,,21081,21063,21069,10607,-,-,31688,31664,31673,1.05E-02,1.41E-02
3454,25753,rfMRI connectivity (ICA100 edge 1026),,,,16,,,rfMRI connectivity,,21081,21063,21069,10607,-,-,31688,31664,31673,4.72E-02,1.69E-02
3455,25753,rfMRI connectivity (ICA100 edge 1027),,,,16,,,rfMRI connectivity,,21081,21063,21069,10607,-,-,31688,31664,31673,7.83E-02,1.63E-02
3456,25753,rfMRI connectivity (ICA100 edge 1028),,,,16,,,rfMRI connectivity,,21081,21063,21069,10607,-,-,31688,31664,31673,4.18E-02,1.94E-02
3457,25753,rfMRI connectivity (ICA100 edge 1029),,,,16,,,rfMRI connectivity,,21081,21063,21069,10607,-,-,31688,31664,31673,3.21E-02,1.49E-02
3458,25753,rfMRI connectivity (ICA100 edge 1030),,,,16,,,rfMRI connectivity,,21081,21063,21069,10607,-,-,31688,31664,31673,5.01E-02,1.50E-02
3459,25753,rfMRI connectivity (ICA100 edge 1031),,,,16,,,rfMRI connectivity,,21081,21063,21069,10607,-,-,31688,31664,31673,2.40E-03,1.30E-02
3460,25753,rfMRI connectivity (ICA100 edge 1032),,,,16,,,rfMRI connectivity,,21081,21063,21069,10607,-,-,31688,31664,31673,2.05E-02,1.51E-02
3461,25753,rfMRI connectivity (ICA100 edge 1033),,,,16,,,rfMRI connectivity,,21081,21063,21069,10607,-,-,31688,31664,31673,1.70E-02,1.36E-02
3462,25753,rfMRI connectivity (ICA100 edge 1034),,,,16,,,rfMRI connectivity,,21081,21063,21069,10607,-,-,31688,31664,31673,1.46E-01,1.72E-02
3463,25753,rfMRI connectivity (ICA100 edge 1035),,,,16,,,rfMRI connectivity,,21081,21063,21069,10607,-,-,31688,31664,31673,9.96E-02,1.61E-02
3464,25753,rfMRI connectivity (ICA100 edge 1036),,,,16,,,rfMRI connectivity,,21081,21063,21069,10607,-,-,31688,31664,31673,2.90E-03,1.35E-02
3465,25753,rfMRI connectivity (ICA100 edge 1037),,,,16,,,rfMRI connectivity,,21081,21063,21069,10607,-,-,31688,31664,31673,7.08E-02,1.44E-02
3466,25753,rfMRI connectivity (ICA100 edge 1038),,,,16,,,rfMRI connectivity,,21081,21063,21069,10607,-,-,31688,31664,31673,-1.68E-02,1.32E-02
3467,25753,rfMRI connectivity (ICA100 edge 1039),,,,16,,,rfMRI connectivity,,21081,21063,21069,10607,-,-,31688,31664,31673,4.89E-02,1.36E-02
3468,25753,rfMRI connectivity (ICA100 edge 1040),,,,16,,,rfMRI connectivity,,21081,21063,21069,10607,-,-,31688,31664,31673,1.75E-01,2.01E-02
3469,25753,rfMRI connectivity (ICA100 edge 1041),,,,16,,,rfMRI connectivity,,21081,21063,21069,10607,-,-,31688,31664,31673,-3.00E-04,1.29E-02
3470,25753,rfMRI connectivity (ICA100 edge 1042),,,,16,,,rfMRI connectivity,,21081,21063,21069,10607,-,-,31688,31664,31673,8.74E-02,1.47E-02
3471,25753,rfMRI connectivity (ICA100 edge 1043),,,,16,,,rfMRI connectivity,,21081,21063,21069,10607,-,-,31688,31664,31673,1.65E-02,1.34E-02
3472,25753,rfMRI connectivity (ICA100 edge 1044),,,,16,,,rfMRI connectivity,,21081,21063,21069,10607,-,-,31688,31664,31673,6.11E-02,1.44E-02
3473,25753,rfMRI connectivity (ICA100 edge 1045),,,,16,,,rfMRI connectivity,,21081,21063,21069,10607,-,-,31688,31664,31673,8.59E-02,1.57E-02
3474,25753,rfMRI connectivity (ICA100 edge 1046),,,,16,,,rfMRI connectivity,,21081,21063,21069,10607,-,-,31688,31664,31673,1.88E-01,1.88E-02
3475,25753,rfMRI connectivity (ICA100 edge 1047),,,,16,,,rfMRI connectivity,,21081,21063,21069,10607,-,-,31688,31664,31673,1.05E-01,1.56E-02
3476,25753,rfMRI connectivity (ICA100 edge 1048),,,,16,,,rfMRI connectivity,,21081,21063,21069,10607,-,-,31688,31664,31673,3.70E-02,1.39E-02
3477,25753,rfMRI connectivity (ICA100 edge 1049),,,,16,,,rfMRI connectivity,,21081,21063,21069,10607,-,-,31688,31664,31673,6.80E-03,1.46E-02
3478,25753,rfMRI connectivity (ICA100 edge 1050),,,,16,,,rfMRI connectivity,,21081,21063,21069,10607,-,-,31688,31664,31673,1.87E-01,2.01E-02
3479,25753,rfMRI connectivity (ICA100 edge 1051),,,,16,,,rfMRI connectivity,,21081,21063,21069,10607,-,-,31688,31664,31673,2.05E-02,1.25E-02
3480,25753,rfMRI connectivity (ICA100 edge 1052),,,,16,,,rfMRI connectivity,,21081,21063,21069,10607,-,-,31688,31664,31673,5.59E-02,1.56E-02
3481,25753,rfMRI connectivity (ICA100 edge 1053),,,,16,,,rfMRI connectivity,,21081,21063,21069,10607,-,-,31688,31664,31673,2.70E-02,1.55E-02
3482,25753,rfMRI connectivity (ICA100 edge 1054),,,,16,,,rfMRI connectivity,,21081,21063,21069,10607,-,-,31688,31664,31673,5.67E-02,1.44E-02
3483,25753,rfMRI connectivity (ICA100 edge 1055),,,,16,,,rfMRI connectivity,,21081,21063,21069,10607,-,-,31688,31664,31673,1.30E-02,1.33E-02
3484,25753,rfMRI connectivity (ICA100 edge 1056),,,,16,,,rfMRI connectivity,,21081,21063,21069,10607,-,-,31688,31664,31673,7.54E-02,1.58E-02
3485,25753,rfMRI connectivity (ICA100 edge 1057),,,,16,,,rfMRI connectivity,,21081,21063,21069,10607,-,-,31688,31664,31673,4.63E-02,1.43E-02
3486,25753,rfMRI connectivity (ICA100 edge 1058),,,,16,,,rfMRI connectivity,,21081,21063,21069,10607,-,-,31688,31664,31673,4.22E-02,1.48E-02
3487,25753,rfMRI connectivity (ICA100 edge 1059),,,,16,,,rfMRI connectivity,,21081,21063,21069,10607,-,-,31688,31664,31673,1.09E-01,1.71E-02
3488,25753,rfMRI connectivity (ICA100 edge 1060),,,,16,,,rfMRI connectivity,,21081,21063,21069,10607,-,-,31688,31664,31673,1.35E-01,1.72E-02
3489,25753,rfMRI connectivity (ICA100 edge 1061),,,,16,,,rfMRI connectivity,,21081,21063,21069,10607,-,-,31688,31664,31673,1.54E-02,1.52E-02
3490,25753,rfMRI connectivity (ICA100 edge 1062),,,,16,,,rfMRI connectivity,,21081,21063,21069,10607,-,-,31688,31664,31673,3.79E-02,1.32E-02
3491,25753,rfMRI connectivity (ICA100 edge 1063),,,,16,,,rfMRI connectivity,,21081,21063,21069,10607,-,-,31688,31664,31673,1.38E-01,1.69E-02
3492,25753,rfMRI connectivity (ICA100 edge 1064),,,,16,,,rfMRI connectivity,,21081,21063,21069,10607,-,-,31688,31664,31673,1.20E-01,1.76E-02
3493,25753,rfMRI connectivity (ICA100 edge 1065),,,,16,,,rfMRI connectivity,,21081,21063,21069,10607,-,-,31688,31664,31673,-1.00E-03,1.44E-02
3494,25753,rfMRI connectivity (ICA100 edge 1066),,,,16,,,rfMRI connectivity,,21081,21063,21069,10607,-,-,31688,31664,31673,1.39E-01,1.83E-02
3495,25753,rfMRI connectivity (ICA100 edge 1067),,,,16,,,rfMRI connectivity,,21081,21063,21069,10607,-,-,31688,31664,31673,1.12E-02,1.34E-02
3496,25753,rfMRI connectivity (ICA100 edge 1068),,,,16,,,rfMRI connectivity,,21081,21063,21069,10607,-,-,31688,31664,31673,1.08E-01,1.79E-02
3497,25753,rfMRI connectivity (ICA100 edge 1069),,,,16,,,rfMRI connectivity,,21081,21063,21069,10607,-,-,31688,31664,31673,3.39E-02,1.38E-02
3498,25753,rfMRI connectivity (ICA100 edge 1070),,,,16,,,rfMRI connectivity,,21081,21063,21069,10607,-,-,31688,31664,31673,1.86E-02,1.44E-02
3499,25753,rfMRI connectivity (ICA100 edge 1071),,,,16,,,rfMRI connectivity,,21081,21063,21069,10607,-,-,31688,31664,31673,8.09E-02,1.49E-02
3500,25753,rfMRI connectivity (ICA100 edge 1072),,,,16,,,rfMRI connectivity,,21081,21063,21069,10607,-,-,31688,31664,31673,9.93E-02,1.68E-02
3501,25753,rfMRI connectivity (ICA100 edge 1073),,,,16,,,rfMRI connectivity,,21081,21063,21069,10607,-,-,31688,31664,31673,2.45E-02,1.47E-02
3502,25753,rfMRI connectivity (ICA100 edge 1074),,,,16,,,rfMRI connectivity,,21081,21063,21069,10607,-,-,31688,31664,31673,8.18E-02,1.59E-02
3503,25753,rfMRI connectivity (ICA100 edge 1075),,,,16,,,rfMRI connectivity,,21081,21063,21069,10607,-,-,31688,31664,31673,3.30E-02,1.43E-02
3504,25753,rfMRI connectivity (ICA100 edge 1076),,,,16,,,rfMRI connectivity,,21081,21063,21069,10607,-,-,31688,31664,31673,3.14E-02,1.50E-02
3505,25753,rfMRI connectivity (ICA100 edge 1077),,,,16,,,rfMRI connectivity,,21081,21063,21069,10607,-,-,31688,31664,31673,9.10E-03,1.44E-02
3506,25753,rfMRI connectivity (ICA100 edge 1078),,,,16,,,rfMRI connectivity,,21081,21063,21069,10607,-,-,31688,31664,31673,7.90E-03,1.39E-02
3507,25753,rfMRI connectivity (ICA100 edge 1079),,,,16,,,rfMRI connectivity,,21081,21063,21069,10607,-,-,31688,31664,31673,6.16E-02,1.40E-02
3508,25753,rfMRI connectivity (ICA100 edge 1080),,,,16,,,rfMRI connectivity,,21081,21063,21069,10607,-,-,31688,31664,31673,8.49E-02,1.66E-02
3509,25753,rfMRI connectivity (ICA100 edge 1081),,,,16,,,rfMRI connectivity,,21081,21063,21069,10607,-,-,31688,31664,31673,8.52E-02,1.74E-02
3510,25753,rfMRI connectivity (ICA100 edge 1082),,,,16,,,rfMRI connectivity,,21081,21063,21069,10607,-,-,31688,31664,31673,4.94E-02,1.43E-02
3511,25753,rfMRI connectivity (ICA100 edge 1083),,,,16,,,rfMRI connectivity,,21081,21063,21069,10607,-,-,31688,31664,31673,1.47E-01,1.82E-02
3512,25753,rfMRI connectivity (ICA100 edge 1084),,,,16,,,rfMRI connectivity,,21081,21063,21069,10607,10601,10604,31688,31664,31673,-5.00E-03,1.37E-02
3513,25753,rfMRI connectivity (ICA100 edge 1085),,,,16,,,rfMRI connectivity,,21081,21063,21069,10607,-,-,31688,31664,31673,5.54E-02,1.50E-02
3514,25753,rfMRI connectivity (ICA100 edge 1086),,,,16,,,rfMRI connectivity,,21081,21063,21069,10607,-,-,31688,31664,31673,1.00E-01,1.75E-02
3515,25753,rfMRI connectivity (ICA100 edge 1087),,,,16,,,rfMRI connectivity,,21081,21063,21069,10607,-,-,31688,31664,31673,2.67E-02,1.48E-02
3516,25753,rfMRI connectivity (ICA100 edge 1088),,,,16,,,rfMRI connectivity,,21081,21063,21069,10607,-,-,31688,31664,31673,6.12E-02,1.96E-02
3517,25753,rfMRI connectivity (ICA100 edge 1089),,,,16,,,rfMRI connectivity,,21081,21063,21069,10607,-,-,31688,31664,31673,3.46E-02,1.45E-02
3518,25753,rfMRI connectivity (ICA100 edge 1090),,,,16,,,rfMRI connectivity,,21081,21063,21069,10607,-,-,31688,31664,31673,1.29E-01,2.34E-02
3519,25753,rfMRI connectivity (ICA100 edge 1091),,,,16,,,rfMRI connectivity,,21081,21063,21069,10607,-,-,31688,31664,31673,8.80E-02,1.54E-02
3520,25753,rfMRI connectivity (ICA100 edge 1092),,,,16,,,rfMRI connectivity,,21081,21063,21069,10607,-,-,31688,31664,31673,1.43E-01,1.99E-02
3521,25753,rfMRI connectivity (ICA100 edge 1093),,,,16,,,rfMRI connectivity,,21081,21063,21069,10607,-,-,31688,31664,31673,1.25E-01,1.67E-02
3522,25753,rfMRI connectivity (ICA100 edge 1094),,,,16,,,rfMRI connectivity,,21081,21063,21069,10607,-,-,31688,31664,31673,1.05E-01,1.63E-02
3523,25753,rfMRI connectivity (ICA100 edge 1095),,,,16,,,rfMRI connectivity,,21081,21063,21069,10607,-,-,31688,31664,31673,2.37E-02,1.34E-02
3524,25753,rfMRI connectivity (ICA100 edge 1096),,,,16,,,rfMRI connectivity,,21081,21063,21069,10607,-,-,31688,31664,31673,4.18E-02,1.45E-02
3525,25753,rfMRI connectivity (ICA100 edge 1097),,,,16,,,rfMRI connectivity,,21081,21063,21069,10607,-,-,31688,31664,31673,4.60E-03,1.48E-02
3526,25753,rfMRI connectivity (ICA100 edge 1098),,,,16,,,rfMRI connectivity,,21081,21063,21069,10607,-,-,31688,31664,31673,2.85E-02,1.50E-02
3527,25753,rfMRI connectivity (ICA100 edge 1099),,,,16,,,rfMRI connectivity,,21081,21063,21069,10607,-,-,31688,31664,31673,1.18E-01,1.94E-02
3528,25753,rfMRI connectivity (ICA100 edge 1100),,,,16,,,rfMRI connectivity,,21081,21063,21069,10607,-,-,31688,31664,31673,5.35E-02,1.97E-02
3529,25753,rfMRI connectivity (ICA100 edge 1101),,,,16,,,rfMRI connectivity,,21081,21063,21069,10607,-,-,31688,31664,31673,2.94E-02,1.34E-02
3530,25753,rfMRI connectivity (ICA100 edge 1102),,,,16,,,rfMRI connectivity,,21081,21063,21069,10607,-,-,31688,31664,31673,9.49E-02,1.46E-02
3531,25753,rfMRI connectivity (ICA100 edge 1103),,,,16,,,rfMRI connectivity,,21081,21063,21069,10607,-,-,31688,31664,31673,7.76E-02,1.42E-02
3532,25753,rfMRI connectivity (ICA100 edge 1104),,,,16,,,rfMRI connectivity,,21081,21063,21069,10607,-,-,31688,31664,31673,2.02E-02,1.40E-02
3533,25753,rfMRI connectivity (ICA100 edge 1105),,,,16,,,rfMRI connectivity,,21081,21063,21069,10607,-,-,31688,31664,31673,1.27E-01,1.49E-02
3534,25753,rfMRI connectivity (ICA100 edge 1106),,,,16,,,rfMRI connectivity,,21081,21063,21069,10607,-,-,31688,31664,31673,1.04E-01,1.49E-02
3535,25753,rfMRI connectivity (ICA100 edge 1107),,,,16,,,rfMRI connectivity,,21081,21063,21069,10607,-,-,31688,31664,31673,1.11E-01,1.67E-02
3536,25753,rfMRI connectivity (ICA100 edge 1108),,,,16,,,rfMRI connectivity,,21081,21063,21069,10607,-,-,31688,31664,31673,4.90E-02,1.55E-02
3537,25753,rfMRI connectivity (ICA100 edge 1109),,,,16,,,rfMRI connectivity,,21081,21063,21069,10607,-,-,31688,31664,31673,8.87E-02,1.61E-02
3538,25753,rfMRI connectivity (ICA100 edge 1110),,,,16,,,rfMRI connectivity,,21081,21063,21069,10607,-,-,31688,31664,31673,5.61E-02,1.42E-02
3539,25753,rfMRI connectivity (ICA100 edge 1111),,,,16,,,rfMRI connectivity,,21081,21063,21069,10607,-,-,31688,31664,31673,3.30E-03,1.53E-02
3540,25753,rfMRI connectivity (ICA100 edge 1112),,,,16,,,rfMRI connectivity,,21081,21063,21069,10607,-,-,31688,31664,31673,1.16E-01,1.63E-02
3541,25753,rfMRI connectivity (ICA100 edge 1113),,,,16,,,rfMRI connectivity,,21081,21063,21069,10607,-,-,31688,31664,31673,5.06E-02,1.69E-02
3542,25753,rfMRI connectivity (ICA100 edge 1114),,,,16,,,rfMRI connectivity,,21081,21063,21069,10607,-,-,31688,31664,31673,9.73E-02,1.66E-02
3543,25753,rfMRI connectivity (ICA100 edge 1115),,,,16,,,rfMRI connectivity,,21081,21063,21069,10607,-,-,31688,31664,31673,7.37E-02,1.59E-02
3544,25753,rfMRI connectivity (ICA100 edge 1116),,,,16,,,rfMRI connectivity,,21081,21063,21069,10607,-,-,31688,31664,31673,2.13E-02,1.37E-02
3545,25753,rfMRI connectivity (ICA100 edge 1117),,,,16,,,rfMRI connectivity,,21081,21063,21069,10607,-,-,31688,31664,31673,9.58E-02,1.63E-02
3546,25753,rfMRI connectivity (ICA100 edge 1118),,,,16,,,rfMRI connectivity,,21081,21063,21069,10607,-,-,31688,31664,31673,1.12E-01,1.91E-02
3547,25753,rfMRI connectivity (ICA100 edge 1119),,,,16,,,rfMRI connectivity,,21081,21063,21069,10607,-,-,31688,31664,31673,-1.60E-02,1.31E-02
3548,25753,rfMRI connectivity (ICA100 edge 1120),,,,16,,,rfMRI connectivity,,21081,21063,21069,10607,-,-,31688,31664,31673,6.00E-02,1.69E-02
3549,25753,rfMRI connectivity (ICA100 edge 1121),,,,16,,,rfMRI connectivity,,21081,21063,21069,10607,-,-,31688,31664,31673,7.37E-02,1.61E-02
3550,25753,rfMRI connectivity (ICA100 edge 1122),,,,16,,,rfMRI connectivity,,21081,21063,21069,10607,-,-,31688,31664,31673,8.13E-02,1.78E-02
3551,25753,rfMRI connectivity (ICA100 edge 1123),,,,16,,,rfMRI connectivity,,21081,21063,21069,10607,-,-,31688,31664,31673,4.70E-02,1.53E-02
3552,25753,rfMRI connectivity (ICA100 edge 1124),,,,16,,,rfMRI connectivity,,21081,21063,21069,10607,-,-,31688,31664,31673,2.94E-02,1.29E-02
3553,25753,rfMRI connectivity (ICA100 edge 1125),,,,16,,,rfMRI connectivity,,21081,21063,21069,10607,-,-,31688,31664,31673,9.10E-02,1.37E-02
3554,25753,rfMRI connectivity (ICA100 edge 1126),,,,16,,,rfMRI connectivity,,21081,21063,21069,10607,-,-,31688,31664,31673,3.94E-02,1.57E-02
3555,25753,rfMRI connectivity (ICA100 edge 1127),,,,16,,,rfMRI connectivity,,21081,21063,21069,10607,-,-,31688,31664,31673,7.27E-02,1.93E-02
3556,25753,rfMRI connectivity (ICA100 edge 1128),,,,16,,,rfMRI connectivity,,21081,21063,21069,10607,-,-,31688,31664,31673,7.06E-02,1.62E-02
3557,25753,rfMRI connectivity (ICA100 edge 1129),,,,16,,,rfMRI connectivity,,21081,21063,21069,10607,-,-,31688,31664,31673,1.53E-02,1.54E-02
3558,25753,rfMRI connectivity (ICA100 edge 1130),,,,16,,,rfMRI connectivity,,21081,21063,21069,10607,-,-,31688,31664,31673,1.26E-01,2.08E-02
3559,25753,rfMRI connectivity (ICA100 edge 1131),,,,16,,,rfMRI connectivity,,21081,21063,21069,10607,-,-,31688,31664,31673,3.20E-02,1.26E-02
3560,25753,rfMRI connectivity (ICA100 edge 1132),,,,16,,,rfMRI connectivity,,21081,21063,21069,10607,-,-,31688,31664,31673,4.12E-02,1.50E-02
3561,25753,rfMRI connectivity (ICA100 edge 1133),,,,16,,,rfMRI connectivity,,21081,21063,21069,10607,-,-,31688,31664,31673,1.16E-01,1.60E-02
3562,25753,rfMRI connectivity (ICA100 edge 1134),,,,16,,,rfMRI connectivity,,21081,21063,21069,10607,-,-,31688,31664,31673,1.01E-02,1.42E-02
3563,25753,rfMRI connectivity (ICA100 edge 1135),,,,16,,,rfMRI connectivity,,21081,21063,21069,10607,-,-,31688,31664,31673,6.70E-02,1.62E-02
3564,25753,rfMRI connectivity (ICA100 edge 1136),,,,16,,,rfMRI connectivity,,21081,21063,21069,10607,-,-,31688,31664,31673,3.52E-02,1.39E-02
3565,25753,rfMRI connectivity (ICA100 edge 1137),,,,16,,,rfMRI connectivity,,21081,21063,21069,10607,-,-,31688,31664,31673,1.18E-01,1.57E-02
3566,25753,rfMRI connectivity (ICA100 edge 1138),,,,16,,,rfMRI connectivity,,21081,21063,21069,10607,-,-,31688,31664,31673,8.61E-02,1.59E-02
3567,25753,rfMRI connectivity (ICA100 edge 1139),,,,16,,,rfMRI connectivity,,21081,21063,21069,10607,-,-,31688,31664,31673,8.93E-02,1.78E-02
3568,25753,rfMRI connectivity (ICA100 edge 1140),,,,16,,,rfMRI connectivity,,21081,21063,21069,10607,-,-,31688,31664,31673,7.56E-02,1.57E-02
3569,25753,rfMRI connectivity (ICA100 edge 1141),,,,16,,,rfMRI connectivity,,21081,21063,21069,10607,-,-,31688,31664,31673,1.27E-01,1.72E-02
3570,25753,rfMRI connectivity (ICA100 edge 1142),,,,16,,,rfMRI connectivity,,21081,21063,21069,10607,-,-,31688,31664,31673,4.84E-02,1.73E-02
3571,25753,rfMRI connectivity (ICA100 edge 1143),,,,16,,,rfMRI connectivity,,21081,21063,21069,10607,-,-,31688,31664,31673,6.31E-02,1.44E-02
3572,25753,rfMRI connectivity (ICA100 edge 1144),,,,16,,,rfMRI connectivity,,21081,21063,21069,10607,-,-,31688,31664,31673,3.25E-02,1.32E-02
3573,25753,rfMRI connectivity (ICA100 edge 1145),,,,16,,,rfMRI connectivity,,21081,21063,21069,10607,-,-,31688,31664,31673,5.29E-02,1.44E-02
3574,25753,rfMRI connectivity (ICA100 edge 1146),,,,16,,,rfMRI connectivity,,21081,21063,21069,10607,-,-,31688,31664,31673,6.50E-02,1.60E-02
3575,25753,rfMRI connectivity (ICA100 edge 1147),,,,16,,,rfMRI connectivity,,21081,21063,21069,10607,-,-,31688,31664,31673,4.44E-02,1.37E-02
3576,25753,rfMRI connectivity (ICA100 edge 1148),,,,16,,,rfMRI connectivity,,21081,21063,21069,10607,-,-,31688,31664,31673,5.90E-02,1.40E-02
3577,25753,rfMRI connectivity (ICA100 edge 1149),,,,16,,,rfMRI connectivity,,21081,21063,21069,10607,-,-,31688,31664,31673,1.06E-01,1.60E-02
3578,25753,rfMRI connectivity (ICA100 edge 1150),,,,16,,,rfMRI connectivity,,21081,21063,21069,10607,-,-,31688,31664,31673,5.86E-02,1.36E-02
3579,25753,rfMRI connectivity (ICA100 edge 1151),,,,16,,,rfMRI connectivity,,21081,21063,21069,10607,-,-,31688,31664,31673,-9.00E-04,1.36E-02
3580,25753,rfMRI connectivity (ICA100 edge 1152),,,,16,,,rfMRI connectivity,,21081,21063,21069,10607,-,-,31688,31664,31673,5.50E-02,1.59E-02
3581,25753,rfMRI connectivity (ICA100 edge 1153),,,,16,,,rfMRI connectivity,,21081,21063,21069,10607,-,-,31688,31664,31673,1.10E-01,1.51E-02
3582,25753,rfMRI connectivity (ICA100 edge 1154),,,,16,,,rfMRI connectivity,,21081,21063,21069,10607,-,-,31688,31664,31673,5.11E-02,1.53E-02
3583,25753,rfMRI connectivity (ICA100 edge 1155),,,,16,,,rfMRI connectivity,,21081,21063,21069,10607,-,-,31688,31664,31673,-1.20E-03,1.28E-02
3584,25753,rfMRI connectivity (ICA100 edge 1156),,,,16,,,rfMRI connectivity,,21081,21063,21069,10607,-,-,31688,31664,31673,6.83E-02,1.55E-02
3585,25753,rfMRI connectivity (ICA100 edge 1157),,,,16,,,rfMRI connectivity,,21081,21063,21069,10607,-,-,31688,31664,31673,7.58E-02,1.52E-02
3586,25753,rfMRI connectivity (ICA100 edge 1158),,,,16,,,rfMRI connectivity,,21081,21063,21069,10607,-,-,31688,31664,31673,8.40E-03,1.30E-02
3587,25753,rfMRI connectivity (ICA100 edge 1159),,,,16,,,rfMRI connectivity,,21081,21063,21069,10607,-,-,31688,31664,31673,7.32E-02,1.42E-02
3588,25753,rfMRI connectivity (ICA100 edge 1160),,,,16,,,rfMRI connectivity,,21081,21063,21069,10607,-,-,31688,31664,31673,-1.40E-03,1.30E-02
3589,25753,rfMRI connectivity (ICA100 edge 1161),,,,16,,,rfMRI connectivity,,21081,21063,21069,10607,-,-,31688,31664,31673,4.71E-02,1.48E-02
3590,25753,rfMRI connectivity (ICA100 edge 1162),,,,16,,,rfMRI connectivity,,21081,21063,21069,10607,-,-,31688,31664,31673,7.59E-02,1.50E-02
3591,25753,rfMRI connectivity (ICA100 edge 1163),,,,16,,,rfMRI connectivity,,21081,21063,21069,10607,-,-,31688,31664,31673,2.31E-02,1.39E-02
3592,25753,rfMRI connectivity (ICA100 edge 1164),,,,16,,,rfMRI connectivity,,21081,21063,21069,10607,-,-,31688,31664,31673,8.51E-02,1.61E-02
3593,25753,rfMRI connectivity (ICA100 edge 1165),,,,16,,,rfMRI connectivity,,21081,21063,21069,10607,-,-,31688,31664,31673,1.43E-01,1.97E-02
3594,25753,rfMRI connectivity (ICA100 edge 1166),,,,16,,,rfMRI connectivity,,21081,21063,21069,10607,-,-,31688,31664,31673,1.34E-02,1.37E-02
3595,25753,rfMRI connectivity (ICA100 edge 1167),,,,16,,,rfMRI connectivity,,21081,21063,21069,10607,-,-,31688,31664,31673,7.31E-02,1.78E-02
3596,25753,rfMRI connectivity (ICA100 edge 1168),,,,16,,,rfMRI connectivity,,21081,21063,21069,10607,-,-,31688,31664,31673,6.23E-02,1.53E-02
3597,25753,rfMRI connectivity (ICA100 edge 1169),,,,16,,,rfMRI connectivity,,21081,21063,21069,10607,-,-,31688,31664,31673,1.86E-02,1.28E-02
3598,25753,rfMRI connectivity (ICA100 edge 1170),,,,16,,,rfMRI connectivity,,21081,21063,21069,10607,-,-,31688,31664,31673,5.45E-02,1.33E-02
3599,25753,rfMRI connectivity (ICA100 edge 1171),,,,16,,,rfMRI connectivity,,21081,21063,21069,10607,-,-,31688,31664,31673,-1.41E-02,1.43E-02
3600,25753,rfMRI connectivity (ICA100 edge 1172),,,,16,,,rfMRI connectivity,,21081,21063,21069,10607,-,-,31688,31664,31673,1.44E-01,1.88E-02
3601,25753,rfMRI connectivity (ICA100 edge 1173),,,,16,,,rfMRI connectivity,,21081,21063,21069,10607,-,-,31688,31664,31673,7.35E-02,1.48E-02
3602,25753,rfMRI connectivity (ICA100 edge 1174),,,,16,,,rfMRI connectivity,,21081,21063,21069,10607,-,-,31688,31664,31673,3.65E-02,1.53E-02
3603,25753,rfMRI connectivity (ICA100 edge 1175),,,,16,,,rfMRI connectivity,,21081,21063,21069,10607,-,-,31688,31664,31673,5.27E-02,1.49E-02
3604,25753,rfMRI connectivity (ICA100 edge 1176),,,,16,,,rfMRI connectivity,,21081,21063,21069,10607,-,-,31688,31664,31673,5.98E-02,1.60E-02
3605,25753,rfMRI connectivity (ICA100 edge 1177),,,,16,,,rfMRI connectivity,,21081,21063,21069,10607,-,-,31688,31664,31673,6.60E-03,1.40E-02
3606,25753,rfMRI connectivity (ICA100 edge 1178),,,,16,,,rfMRI connectivity,,21081,21063,21069,10607,-,-,31688,31664,31673,2.75E-02,1.38E-02
3607,25753,rfMRI connectivity (ICA100 edge 1179),,,,16,,,rfMRI connectivity,,21081,21063,21069,10607,-,-,31688,31664,31673,-4.80E-03,1.72E-02
3608,25753,rfMRI connectivity (ICA100 edge 1180),,,,16,,,rfMRI connectivity,,21081,21063,21069,10607,-,-,31688,31664,31673,4.35E-02,1.77E-02
3609,25753,rfMRI connectivity (ICA100 edge 1181),,,,16,,,rfMRI connectivity,,21081,21063,21069,10607,-,-,31688,31664,31673,5.52E-02,1.48E-02
3610,25753,rfMRI connectivity (ICA100 edge 1182),,,,16,,,rfMRI connectivity,,21081,21063,21069,10607,-,-,31688,31664,31673,2.12E-02,1.33E-02
3611,25753,rfMRI connectivity (ICA100 edge 1183),,,,16,,,rfMRI connectivity,,21081,21063,21069,10607,-,-,31688,31664,31673,2.97E-02,1.68E-02
3612,25753,rfMRI connectivity (ICA100 edge 1184),,,,16,,,rfMRI connectivity,,21081,21063,21069,10607,-,-,31688,31664,31673,-3.50E-03,1.33E-02
3613,25753,rfMRI connectivity (ICA100 edge 1185),,,,16,,,rfMRI connectivity,,21081,21063,21069,10607,-,-,31688,31664,31673,2.47E-02,1.37E-02
3614,25753,rfMRI connectivity (ICA100 edge 1186),,,,16,,,rfMRI connectivity,,21081,21063,21069,10607,-,-,31688,31664,31673,2.40E-03,1.53E-02
3615,25753,rfMRI connectivity (ICA100 edge 1187),,,,16,,,rfMRI connectivity,,21081,21063,21069,10607,-,-,31688,31664,31673,2.86E-02,1.32E-02
3616,25753,rfMRI connectivity (ICA100 edge 1188),,,,16,,,rfMRI connectivity,,21081,21063,21069,10607,-,-,31688,31664,31673,1.50E-02,1.40E-02
3617,25753,rfMRI connectivity (ICA100 edge 1189),,,,16,,,rfMRI connectivity,,21081,21063,21069,10607,-,-,31688,31664,31673,4.56E-02,1.43E-02
3618,25753,rfMRI connectivity (ICA100 edge 1190),,,,16,,,rfMRI connectivity,,21081,21063,21069,10607,-,-,31688,31664,31673,3.44E-02,1.50E-02
3619,25753,rfMRI connectivity (ICA100 edge 1191),,,,16,,,rfMRI connectivity,,21081,21063,21069,10607,-,-,31688,31664,31673,4.19E-02,1.44E-02
3620,25753,rfMRI connectivity (ICA100 edge 1192),,,,16,,,rfMRI connectivity,,21081,21063,21069,10607,-,-,31688,31664,31673,2.30E-03,1.49E-02
3621,25753,rfMRI connectivity (ICA100 edge 1193),,,,16,,,rfMRI connectivity,,21081,21063,21069,10607,-,-,31688,31664,31673,8.20E-03,1.31E-02
3622,25753,rfMRI connectivity (ICA100 edge 1194),,,,16,,,rfMRI connectivity,,21081,21063,21069,10607,-,-,31688,31664,31673,1.60E-02,1.35E-02
3623,25753,rfMRI connectivity (ICA100 edge 1195),,,,16,,,rfMRI connectivity,,21081,21063,21069,10607,-,-,31688,31664,31673,-4.70E-03,1.53E-02
3624,25753,rfMRI connectivity (ICA100 edge 1196),,,,16,,,rfMRI connectivity,,21081,21063,21069,10607,-,-,31688,31664,31673,-2.60E-03,1.26E-02
3625,25753,rfMRI connectivity (ICA100 edge 1197),,,,16,,,rfMRI connectivity,,21081,21063,21069,10607,-,-,31688,31664,31673,9.06E-02,1.52E-02
3626,25753,rfMRI connectivity (ICA100 edge 1198),,,,16,,,rfMRI connectivity,,21081,21063,21069,10607,-,-,31688,31664,31673,3.15E-02,1.30E-02
3627,25753,rfMRI connectivity (ICA100 edge 1199),,,,16,,,rfMRI connectivity,,21081,21063,21069,10607,-,-,31688,31664,31673,-9.10E-03,1.27E-02
3628,25753,rfMRI connectivity (ICA100 edge 1200),,,,16,,,rfMRI connectivity,,21081,21063,21069,10607,-,-,31688,31664,31673,5.53E-02,1.44E-02
3629,25753,rfMRI connectivity (ICA100 edge 1201),,,,16,,,rfMRI connectivity,,21081,21063,21069,10607,-,-,31688,31664,31673,3.60E-02,1.58E-02
3630,25753,rfMRI connectivity (ICA100 edge 1202),,,,16,,,rfMRI connectivity,,21081,21063,21069,10607,-,-,31688,31664,31673,2.40E-03,1.33E-02
3631,25753,rfMRI connectivity (ICA100 edge 1203),,,,16,,,rfMRI connectivity,,21081,21063,21069,10607,-,-,31688,31664,31673,-2.40E-02,1.35E-02
3632,25753,rfMRI connectivity (ICA100 edge 1204),,,,16,,,rfMRI connectivity,,21081,21063,21069,10607,-,-,31688,31664,31673,3.62E-02,1.51E-02
3633,25753,rfMRI connectivity (ICA100 edge 1205),,,,16,,,rfMRI connectivity,,21081,21063,21069,10607,-,-,31688,31664,31673,7.86E-02,1.47E-02
3634,25753,rfMRI connectivity (ICA100 edge 1206),,,,16,,,rfMRI connectivity,,21081,21063,21069,10607,-,-,31688,31664,31673,1.21E-02,1.25E-02
3635,25753,rfMRI connectivity (ICA100 edge 1207),,,,16,,,rfMRI connectivity,,21081,21063,21069,10607,-,-,31688,31664,31673,1.18E-02,1.53E-02
3636,25753,rfMRI connectivity (ICA100 edge 1208),,,,16,,,rfMRI connectivity,,21081,21063,21069,10607,-,-,31688,31664,31673,-1.59E-02,1.23E-02
3637,25753,rfMRI connectivity (ICA100 edge 1209),,,,16,,,rfMRI connectivity,,21081,21063,21069,10607,-,-,31688,31664,31673,1.74E-02,1.30E-02
3638,25753,rfMRI connectivity (ICA100 edge 1210),,,,16,,,rfMRI connectivity,,21081,21063,21069,10607,-,-,31688,31664,31673,3.56E-02,1.44E-02
3639,25753,rfMRI connectivity (ICA100 edge 1211),,,,16,,,rfMRI connectivity,,21081,21063,21069,10607,-,-,31688,31664,31673,5.70E-03,1.24E-02
3640,25753,rfMRI connectivity (ICA100 edge 1212),,,,16,,,rfMRI connectivity,,21081,21063,21069,10607,-,-,31688,31664,31673,4.76E-02,1.49E-02
3641,25753,rfMRI connectivity (ICA100 edge 1213),,,,16,,,rfMRI connectivity,,21081,21063,21069,10607,-,-,31688,31664,31673,1.43E-02,1.39E-02
3642,25753,rfMRI connectivity (ICA100 edge 1214),,,,16,,,rfMRI connectivity,,21081,21063,21069,10607,-,-,31688,31664,31673,2.01E-02,1.38E-02
3643,25753,rfMRI connectivity (ICA100 edge 1215),,,,16,,,rfMRI connectivity,,21081,21063,21069,10607,-,-,31688,31664,31673,8.40E-03,1.28E-02
3644,25753,rfMRI connectivity (ICA100 edge 1216),,,,16,,,rfMRI connectivity,,21081,21063,21069,10607,-,-,31688,31664,31673,2.44E-02,1.41E-02
3645,25753,rfMRI connectivity (ICA100 edge 1217),,,,16,,,rfMRI connectivity,,21081,21063,21069,10607,-,-,31688,31664,31673,2.02E-02,1.32E-02
3646,25753,rfMRI connectivity (ICA100 edge 1218),,,,16,,,rfMRI connectivity,,21081,21063,21069,10607,-,-,31688,31664,31673,2.12E-02,1.41E-02
3647,25753,rfMRI connectivity (ICA100 edge 1219),,,,16,,,rfMRI connectivity,,21081,21063,21069,10607,-,-,31688,31664,31673,-3.40E-03,1.29E-02
3648,25753,rfMRI connectivity (ICA100 edge 1220),,,,16,,,rfMRI connectivity,,21081,21063,21069,10607,-,-,31688,31664,31673,3.09E-02,1.26E-02
3649,25753,rfMRI connectivity (ICA100 edge 1221),,,,16,,,rfMRI connectivity,,21081,21063,21069,10607,-,-,31688,31664,31673,3.00E-02,1.54E-02
3650,25753,rfMRI connectivity (ICA100 edge 1222),,,,16,,,rfMRI connectivity,,21081,21063,21069,10607,-,-,31688,31664,31673,2.60E-02,1.40E-02
3651,25753,rfMRI connectivity (ICA100 edge 1223),,,,16,,,rfMRI connectivity,,21081,21063,21069,10607,-,-,31688,31664,31673,2.81E-02,1.42E-02
3652,25753,rfMRI connectivity (ICA100 edge 1224),,,,16,,,rfMRI connectivity,,21081,21063,21069,10607,-,-,31688,31664,31673,2.00E-02,1.32E-02
3653,25753,rfMRI connectivity (ICA100 edge 1225),,,,16,,,rfMRI connectivity,,21081,21063,21069,10607,-,-,31688,31664,31673,2.07E-02,1.39E-02
3654,25753,rfMRI connectivity (ICA100 edge 1226),,,,16,,,rfMRI connectivity,,21081,21063,21069,10607,-,-,31688,31664,31673,2.36E-02,1.50E-02
3655,25753,rfMRI connectivity (ICA100 edge 1227),,,,16,,,rfMRI connectivity,,21081,21063,21069,10607,-,-,31688,31664,31673,5.64E-02,1.41E-02
3656,25753,rfMRI connectivity (ICA100 edge 1228),,,,16,,,rfMRI connectivity,,21081,21063,21069,10607,-,-,31688,31664,31673,8.30E-03,1.47E-02
3657,25753,rfMRI connectivity (ICA100 edge 1229),,,,16,,,rfMRI connectivity,,21081,21063,21069,10607,-,-,31688,31664,31673,1.75E-02,1.43E-02
3658,25753,rfMRI connectivity (ICA100 edge 1230),,,,16,,,rfMRI connectivity,,21081,21063,21069,10607,-,-,31688,31664,31673,3.95E-02,1.43E-02
3659,25753,rfMRI connectivity (ICA100 edge 1231),,,,16,,,rfMRI connectivity,,21081,21063,21069,10607,-,-,31688,31664,31673,-6.20E-03,1.49E-02
3660,25753,rfMRI connectivity (ICA100 edge 1232),,,,16,,,rfMRI connectivity,,21081,21063,21069,10607,-,-,31688,31664,31673,2.37E-02,1.48E-02
3661,25753,rfMRI connectivity (ICA100 edge 1233),,,,16,,,rfMRI connectivity,,21081,21063,21069,10607,-,-,31688,31664,31673,3.70E-03,1.51E-02
3662,25753,rfMRI connectivity (ICA100 edge 1234),,,,16,,,rfMRI connectivity,,21081,21063,21069,10607,-,-,31688,31664,31673,8.30E-03,1.45E-02
3663,25753,rfMRI connectivity (ICA100 edge 1235),,,,16,,,rfMRI connectivity,,21081,21063,21069,10607,-,-,31688,31664,31673,6.10E-03,1.37E-02
3664,25753,rfMRI connectivity (ICA100 edge 1236),,,,16,,,rfMRI connectivity,,21081,21063,21069,10607,-,-,31688,31664,31673,1.91E-02,1.47E-02
3665,25753,rfMRI connectivity (ICA100 edge 1237),,,,16,,,rfMRI connectivity,,21081,21063,21069,10607,-,-,31688,31664,31673,3.86E-02,1.45E-02
3666,25753,rfMRI connectivity (ICA100 edge 1238),,,,16,,,rfMRI connectivity,,21081,21063,21069,10607,-,-,31688,31664,31673,2.16E-02,1.38E-02
3667,25753,rfMRI connectivity (ICA100 edge 1239),,,,16,,,rfMRI connectivity,,21081,21063,21069,10607,-,-,31688,31664,31673,3.09E-02,1.40E-02
3668,25753,rfMRI connectivity (ICA100 edge 1240),,,,16,,,rfMRI connectivity,,21081,21063,21069,10607,-,-,31688,31664,31673,2.65E-02,1.43E-02
3669,25753,rfMRI connectivity (ICA100 edge 1241),,,,16,,,rfMRI connectivity,,21081,21063,21069,10607,-,-,31688,31664,31673,3.14E-02,1.43E-02
3670,25753,rfMRI connectivity (ICA100 edge 1242),,,,16,,,rfMRI connectivity,,21081,21063,21069,10607,-,-,31688,31664,31673,2.18E-02,1.34E-02
3671,25753,rfMRI connectivity (ICA100 edge 1243),,,,16,,,rfMRI connectivity,,21081,21063,21069,10607,-,-,31688,31664,31673,3.53E-02,1.46E-02
3672,25753,rfMRI connectivity (ICA100 edge 1244),,,,16,,,rfMRI connectivity,,21081,21063,21069,10607,-,-,31688,31664,31673,1.03E-02,1.32E-02
3673,25753,rfMRI connectivity (ICA100 edge 1245),,,,16,,,rfMRI connectivity,,21081,21063,21069,10607,-,-,31688,31664,31673,1.06E-02,1.18E-02
3674,25753,rfMRI connectivity (ICA100 edge 1246),,,,16,,,rfMRI connectivity,,21081,21063,21069,10607,-,-,31688,31664,31673,3.82E-02,1.44E-02
3675,25753,rfMRI connectivity (ICA100 edge 1247),,,,16,,,rfMRI connectivity,,21081,21063,21069,10607,-,-,31688,31664,31673,9.40E-03,1.67E-02
3676,25753,rfMRI connectivity (ICA100 edge 1248),,,,16,,,rfMRI connectivity,,21081,21063,21069,10607,-,-,31688,31664,31673,5.49E-02,1.55E-02
3677,25753,rfMRI connectivity (ICA100 edge 1249),,,,16,,,rfMRI connectivity,,21081,21063,21069,10607,-,-,31688,31664,31673,1.50E-02,1.36E-02
3678,25753,rfMRI connectivity (ICA100 edge 1250),,,,16,,,rfMRI connectivity,,21081,21063,21069,10607,-,-,31688,31664,31673,-9.10E-03,1.23E-02
3679,25753,rfMRI connectivity (ICA100 edge 1251),,,,16,,,rfMRI connectivity,,21081,21063,21069,10607,-,-,31688,31664,31673,8.80E-03,1.30E-02
3680,25753,rfMRI connectivity (ICA100 edge 1252),,,,16,,,rfMRI connectivity,,21081,21063,21069,10607,-,-,31688,31664,31673,1.80E-03,1.47E-02
3681,25753,rfMRI connectivity (ICA100 edge 1253),,,,16,,,rfMRI connectivity,,21081,21063,21069,10607,-,-,31688,31664,31673,4.27E-02,1.27E-02
3682,25753,rfMRI connectivity (ICA100 edge 1254),,,,16,,,rfMRI connectivity,,21081,21063,21069,10607,-,-,31688,31664,31673,2.59E-02,1.53E-02
3683,25753,rfMRI connectivity (ICA100 edge 1255),,,,16,,,rfMRI connectivity,,21081,21063,21069,10607,-,-,31688,31664,31673,1.37E-02,1.32E-02
3684,25753,rfMRI connectivity (ICA100 edge 1256),,,,16,,,rfMRI connectivity,,21081,21063,21069,10607,-,-,31688,31664,31673,5.10E-03,1.40E-02
3685,25753,rfMRI connectivity (ICA100 edge 1257),,,,16,,,rfMRI connectivity,,21081,21063,21069,10607,-,-,31688,31664,31673,3.90E-03,1.47E-02
3686,25753,rfMRI connectivity (ICA100 edge 1258),,,,16,,,rfMRI connectivity,,21081,21063,21069,10607,-,-,31688,31664,31673,-2.40E-03,1.32E-02
3687,25753,rfMRI connectivity (ICA100 edge 1259),,,,16,,,rfMRI connectivity,,21081,21063,21069,10607,-,-,31688,31664,31673,-6.90E-03,1.40E-02
3688,25753,rfMRI connectivity (ICA100 edge 1260),,,,16,,,rfMRI connectivity,,21081,21063,21069,10607,-,-,31688,31664,31673,9.90E-03,1.24E-02
3689,25753,rfMRI connectivity (ICA100 edge 1261),,,,16,,,rfMRI connectivity,,21081,21063,21069,10607,-,-,31688,31664,31673,6.20E-03,1.29E-02
3690,25753,rfMRI connectivity (ICA100 edge 1262),,,,16,,,rfMRI connectivity,,21081,21063,21069,10607,-,-,31688,31664,31673,2.81E-02,1.45E-02
3691,25753,rfMRI connectivity (ICA100 edge 1263),,,,16,,,rfMRI connectivity,,21081,21063,21069,10607,-,-,31688,31664,31673,4.40E-03,1.32E-02
3692,25753,rfMRI connectivity (ICA100 edge 1264),,,,16,,,rfMRI connectivity,,21081,21063,21069,10607,-,-,31688,31664,31673,-3.80E-03,1.24E-02
3693,25753,rfMRI connectivity (ICA100 edge 1265),,,,16,,,rfMRI connectivity,,21081,21063,21069,10607,-,-,31688,31664,31673,-5.00E-04,1.27E-02
3694,25753,rfMRI connectivity (ICA100 edge 1266),,,,16,,,rfMRI connectivity,,21081,21063,21069,10607,-,-,31688,31664,31673,7.60E-03,1.24E-02
3695,25753,rfMRI connectivity (ICA100 edge 1267),,,,16,,,rfMRI connectivity,,21081,21063,21069,10607,-,-,31688,31664,31673,1.35E-02,1.35E-02
3696,25753,rfMRI connectivity (ICA100 edge 1268),,,,16,,,rfMRI connectivity,,21081,21063,21069,10607,-,-,31688,31664,31673,-1.92E-02,1.28E-02
3697,25753,rfMRI connectivity (ICA100 edge 1269),,,,16,,,rfMRI connectivity,,21081,21063,21069,10607,-,-,31688,31664,31673,1.69E-02,1.40E-02
3698,25753,rfMRI connectivity (ICA100 edge 1270),,,,16,,,rfMRI connectivity,,21081,21063,21069,10607,-,-,31688,31664,31673,1.68E-02,1.39E-02
3699,25753,rfMRI connectivity (ICA100 edge 1271),,,,16,,,rfMRI connectivity,,21081,21063,21069,10607,-,-,31688,31664,31673,3.34E-02,1.31E-02
3700,25753,rfMRI connectivity (ICA100 edge 1272),,,,16,,,rfMRI connectivity,,21081,21063,21069,10607,-,-,31688,31664,31673,3.30E-02,1.26E-02
3701,25753,rfMRI connectivity (ICA100 edge 1273),,,,16,,,rfMRI connectivity,,21081,21063,21069,10607,-,-,31688,31664,31673,2.88E-02,1.43E-02
3702,25753,rfMRI connectivity (ICA100 edge 1274),,,,16,,,rfMRI connectivity,,21081,21063,21069,10607,-,-,31688,31664,31673,1.35E-02,1.47E-02
3703,25753,rfMRI connectivity (ICA100 edge 1275),,,,16,,,rfMRI connectivity,,21081,21063,21069,10607,-,-,31688,31664,31673,6.00E-04,1.28E-02
3704,25753,rfMRI connectivity (ICA100 edge 1276),,,,16,,,rfMRI connectivity,,21081,21063,21069,10607,-,-,31688,31664,31673,1.09E-02,1.38E-02
3705,25753,rfMRI connectivity (ICA100 edge 1277),,,,16,,,rfMRI connectivity,,21081,21063,21069,10607,-,-,31688,31664,31673,4.16E-02,1.33E-02
3706,25753,rfMRI connectivity (ICA100 edge 1278),,,,16,,,rfMRI connectivity,,21081,21063,21069,10607,-,-,31688,31664,31673,1.70E-02,1.46E-02
3707,25753,rfMRI connectivity (ICA100 edge 1279),,,,16,,,rfMRI connectivity,,21081,21063,21069,10607,-,-,31688,31664,31673,9.60E-03,1.39E-02
3708,25753,rfMRI connectivity (ICA100 edge 1280),,,,16,,,rfMRI connectivity,,21081,21063,21069,10607,-,-,31688,31664,31673,1.11E-02,1.34E-02
3709,25753,rfMRI connectivity (ICA100 edge 1281),,,,16,,,rfMRI connectivity,,21081,21063,21069,10607,-,-,31688,31664,31673,-6.70E-03,1.34E-02
3710,25753,rfMRI connectivity (ICA100 edge 1282),,,,16,,,rfMRI connectivity,,21081,21063,21069,10607,-,-,31688,31664,31673,-1.63E-02,1.28E-02
3711,25753,rfMRI connectivity (ICA100 edge 1283),,,,16,,,rfMRI connectivity,,21081,21063,21069,10607,-,-,31688,31664,31673,-8.90E-03,1.19E-02
3712,25753,rfMRI connectivity (ICA100 edge 1284),,,,16,,,rfMRI connectivity,,21081,21063,21069,10607,-,-,31688,31664,31673,2.71E-02,1.37E-02
3713,25753,rfMRI connectivity (ICA100 edge 1285),,,,16,,,rfMRI connectivity,,21081,21063,21069,10607,-,-,31688,31664,31673,1.25E-02,1.45E-02
3714,25753,rfMRI connectivity (ICA100 edge 1286),,,,16,,,rfMRI connectivity,,21081,21063,21069,10607,-,-,31688,31664,31673,4.60E-03,1.29E-02
3715,25753,rfMRI connectivity (ICA100 edge 1287),,,,16,,,rfMRI connectivity,,21081,21063,21069,10607,-,-,31688,31664,31673,2.46E-02,1.49E-02
3716,25753,rfMRI connectivity (ICA100 edge 1288),,,,16,,,rfMRI connectivity,,21081,21063,21069,10607,-,-,31688,31664,31673,2.42E-02,1.38E-02
3717,25753,rfMRI connectivity (ICA100 edge 1289),,,,16,,,rfMRI connectivity,,21081,21063,21069,10607,-,-,31688,31664,31673,6.70E-03,1.30E-02
3718,25753,rfMRI connectivity (ICA100 edge 1290),,,,16,,,rfMRI connectivity,,21081,21063,21069,10607,-,-,31688,31664,31673,2.38E-02,1.36E-02
3719,25753,rfMRI connectivity (ICA100 edge 1291),,,,16,,,rfMRI connectivity,,21081,21063,21069,10607,-,-,31688,31664,31673,1.25E-02,1.29E-02
3720,25753,rfMRI connectivity (ICA100 edge 1292),,,,16,,,rfMRI connectivity,,21081,21063,21069,10607,-,-,31688,31664,31673,2.72E-02,1.31E-02
3721,25753,rfMRI connectivity (ICA100 edge 1293),,,,16,,,rfMRI connectivity,,21081,21063,21069,10607,-,-,31688,31664,31673,2.20E-02,1.32E-02
3722,25753,rfMRI connectivity (ICA100 edge 1294),,,,16,,,rfMRI connectivity,,21081,21063,21069,10607,-,-,31688,31664,31673,-8.00E-04,1.40E-02
3723,25753,rfMRI connectivity (ICA100 edge 1295),,,,16,,,rfMRI connectivity,,21081,21063,21069,10607,-,-,31688,31664,31673,1.36E-02,1.27E-02
3724,25753,rfMRI connectivity (ICA100 edge 1296),,,,16,,,rfMRI connectivity,,21081,21063,21069,10607,-,-,31688,31664,31673,3.44E-02,1.42E-02
3725,25753,rfMRI connectivity (ICA100 edge 1297),,,,16,,,rfMRI connectivity,,21081,21063,21069,10607,-,-,31688,31664,31673,1.61E-02,1.32E-02
3726,25753,rfMRI connectivity (ICA100 edge 1298),,,,16,,,rfMRI connectivity,,21081,21063,21069,10607,-,-,31688,31664,31673,1.46E-02,1.40E-02
3727,25753,rfMRI connectivity (ICA100 edge 1299),,,,16,,,rfMRI connectivity,,21081,21063,21069,10607,-,-,31688,31664,31673,2.20E-02,1.30E-02
3728,25753,rfMRI connectivity (ICA100 edge 1300),,,,16,,,rfMRI connectivity,,21081,21063,21069,10607,-,-,31688,31664,31673,3.16E-02,1.34E-02
3729,25753,rfMRI connectivity (ICA100 edge 1301),,,,16,,,rfMRI connectivity,,21081,21063,21069,10607,-,-,31688,31664,31673,2.53E-02,1.40E-02
3730,25753,rfMRI connectivity (ICA100 edge 1302),,,,16,,,rfMRI connectivity,,21081,21063,21069,10607,-,-,31688,31664,31673,1.66E-02,1.35E-02
3731,25753,rfMRI connectivity (ICA100 edge 1303),,,,16,,,rfMRI connectivity,,21081,21063,21069,10607,-,-,31688,31664,31673,1.00E-02,1.15E-02
3732,25753,rfMRI connectivity (ICA100 edge 1304),,,,16,,,rfMRI connectivity,,21081,21063,21069,10607,-,-,31688,31664,31673,4.66E-02,1.45E-02
3733,25753,rfMRI connectivity (ICA100 edge 1305),,,,16,,,rfMRI connectivity,,21081,21063,21069,10607,-,-,31688,31664,31673,1.86E-02,1.47E-02
3734,25753,rfMRI connectivity (ICA100 edge 1306),,,,16,,,rfMRI connectivity,,21081,21063,21069,10607,-,-,31688,31664,31673,2.90E-02,1.48E-02
3735,25753,rfMRI connectivity (ICA100 edge 1307),,,,16,,,rfMRI connectivity,,21081,21063,21069,10607,-,-,31688,31664,31673,-2.00E-03,1.36E-02
3736,25753,rfMRI connectivity (ICA100 edge 1308),,,,16,,,rfMRI connectivity,,21081,21063,21069,10607,-,-,31688,31664,31673,4.30E-03,1.27E-02
3737,25753,rfMRI connectivity (ICA100 edge 1309),,,,16,,,rfMRI connectivity,,21081,21063,21069,10607,-,-,31688,31664,31673,-1.98E-02,1.38E-02
3738,25753,rfMRI connectivity (ICA100 edge 1310),,,,16,,,rfMRI connectivity,,21081,21063,21069,10607,-,-,31688,31664,31673,2.42E-02,1.48E-02
3739,25753,rfMRI connectivity (ICA100 edge 1311),,,,16,,,rfMRI connectivity,,21081,21063,21069,10607,-,-,31688,31664,31673,1.29E-02,1.44E-02
3740,25753,rfMRI connectivity (ICA100 edge 1312),,,,16,,,rfMRI connectivity,,21081,21063,21069,10607,-,-,31688,31664,31673,1.32E-02,1.48E-02
3741,25753,rfMRI connectivity (ICA100 edge 1313),,,,16,,,rfMRI connectivity,,21081,21063,21069,10607,-,-,31688,31664,31673,1.34E-02,1.35E-02
3742,25753,rfMRI connectivity (ICA100 edge 1314),,,,16,,,rfMRI connectivity,,21081,21063,21069,10607,-,-,31688,31664,31673,5.80E-03,1.36E-02
3743,25753,rfMRI connectivity (ICA100 edge 1315),,,,16,,,rfMRI connectivity,,21081,21063,21069,10607,-,-,31688,31664,31673,1.67E-02,1.32E-02
3744,25753,rfMRI connectivity (ICA100 edge 1316),,,,16,,,rfMRI connectivity,,21081,21063,21069,10607,-,-,31688,31664,31673,-1.70E-02,1.31E-02
3745,25753,rfMRI connectivity (ICA100 edge 1317),,,,16,,,rfMRI connectivity,,21081,21063,21069,10607,-,-,31688,31664,31673,1.29E-02,1.42E-02
3746,25753,rfMRI connectivity (ICA100 edge 1318),,,,16,,,rfMRI connectivity,,21081,21063,21069,10607,-,-,31688,31664,31673,-2.60E-03,1.47E-02
3747,25753,rfMRI connectivity (ICA100 edge 1319),,,,16,,,rfMRI connectivity,,21081,21063,21069,10607,-,-,31688,31664,31673,5.20E-03,1.40E-02
3748,25753,rfMRI connectivity (ICA100 edge 1320),,,,16,,,rfMRI connectivity,,21081,21063,21069,10607,-,-,31688,31664,31673,2.50E-02,1.39E-02
3749,25753,rfMRI connectivity (ICA100 edge 1321),,,,16,,,rfMRI connectivity,,21081,21063,21069,10607,-,-,31688,31664,31673,3.97E-02,1.39E-02
3750,25753,rfMRI connectivity (ICA100 edge 1322),,,,16,,,rfMRI connectivity,,21081,21063,21069,10607,-,-,31688,31664,31673,2.88E-02,1.25E-02
3751,25753,rfMRI connectivity (ICA100 edge 1323),,,,16,,,rfMRI connectivity,,21081,21063,21069,10607,-,-,31688,31664,31673,2.90E-03,1.24E-02
3752,25753,rfMRI connectivity (ICA100 edge 1324),,,,16,,,rfMRI connectivity,,21081,21063,21069,10607,-,-,31688,31664,31673,3.68E-02,1.21E-02
3753,25753,rfMRI connectivity (ICA100 edge 1325),,,,16,,,rfMRI connectivity,,21081,21063,21069,10607,-,-,31688,31664,31673,2.21E-02,1.45E-02
3754,25753,rfMRI connectivity (ICA100 edge 1326),,,,16,,,rfMRI connectivity,,21081,21063,21069,10607,-,-,31688,31664,31673,2.75E-02,1.50E-02
3755,25753,rfMRI connectivity (ICA100 edge 1327),,,,16,,,rfMRI connectivity,,21081,21063,21069,10607,-,-,31688,31664,31673,-7.30E-03,1.25E-02
3756,25753,rfMRI connectivity (ICA100 edge 1328),,,,16,,,rfMRI connectivity,,21081,21063,21069,10607,-,-,31688,31664,31673,3.34E-02,1.33E-02
3757,25753,rfMRI connectivity (ICA100 edge 1329),,,,16,,,rfMRI connectivity,,21081,21063,21069,10607,-,-,31688,31664,31673,1.76E-02,1.40E-02
3758,25753,rfMRI connectivity (ICA100 edge 1330),,,,16,,,rfMRI connectivity,,21081,21063,21069,10607,-,-,31688,31664,31673,3.60E-03,1.39E-02
3759,25753,rfMRI connectivity (ICA100 edge 1331),,,,16,,,rfMRI connectivity,,21081,21063,21069,10607,-,-,31688,31664,31673,5.97E-02,1.59E-02
3760,25753,rfMRI connectivity (ICA100 edge 1332),,,,16,,,rfMRI connectivity,,21081,21063,21069,10607,-,-,31688,31664,31673,1.39E-02,1.41E-02
3761,25753,rfMRI connectivity (ICA100 edge 1333),,,,16,,,rfMRI connectivity,,21081,21063,21069,10607,-,-,31688,31664,31673,3.53E-02,1.37E-02
3762,25753,rfMRI connectivity (ICA100 edge 1334),,,,16,,,rfMRI connectivity,,21081,21063,21069,10607,-,-,31688,31664,31673,-5.28E-05,1.28E-02
3763,25753,rfMRI connectivity (ICA100 edge 1335),,,,16,,,rfMRI connectivity,,21081,21063,21069,10607,-,-,31688,31664,31673,1.98E-02,1.34E-02
3764,25753,rfMRI connectivity (ICA100 edge 1336),,,,16,,,rfMRI connectivity,,21081,21063,21069,10607,-,-,31688,31664,31673,9.19E-02,1.94E-02
3765,25753,rfMRI connectivity (ICA100 edge 1337),,,,16,,,rfMRI connectivity,,21081,21063,21069,10607,-,-,31688,31664,31673,2.31E-02,1.40E-02
3766,25753,rfMRI connectivity (ICA100 edge 1338),,,,16,,,rfMRI connectivity,,21081,21063,21069,10607,-,-,31688,31664,31673,4.35E-02,1.56E-02
3767,25753,rfMRI connectivity (ICA100 edge 1339),,,,16,,,rfMRI connectivity,,21081,21063,21069,10607,-,-,31688,31664,31673,2.52E-02,1.74E-02
3768,25753,rfMRI connectivity (ICA100 edge 1340),,,,16,,,rfMRI connectivity,,21081,21063,21069,10607,-,-,31688,31664,31673,-1.00E-04,1.36E-02
3769,25753,rfMRI connectivity (ICA100 edge 1341),,,,16,,,rfMRI connectivity,,21081,21063,21069,10607,-,-,31688,31664,31673,9.17E-02,1.63E-02
3770,25753,rfMRI connectivity (ICA100 edge 1342),,,,16,,,rfMRI connectivity,,21081,21063,21069,10607,-,-,31688,31664,31673,-3.15E-02,1.33E-02
3771,25753,rfMRI connectivity (ICA100 edge 1343),,,,16,,,rfMRI connectivity,,21081,21063,21069,10607,-,-,31688,31664,31673,-1.50E-03,1.23E-02
3772,25753,rfMRI connectivity (ICA100 edge 1344),,,,16,,,rfMRI connectivity,,21081,21063,21069,10607,-,-,31688,31664,31673,8.30E-03,1.54E-02
3773,25753,rfMRI connectivity (ICA100 edge 1345),,,,16,,,rfMRI connectivity,,21081,21063,21069,10607,-,-,31688,31664,31673,5.76E-02,1.57E-02
3774,25753,rfMRI connectivity (ICA100 edge 1346),,,,16,,,rfMRI connectivity,,21081,21063,21069,10607,-,-,31688,31664,31673,1.27E-02,1.39E-02
3775,25753,rfMRI connectivity (ICA100 edge 1347),,,,16,,,rfMRI connectivity,,21081,21063,21069,10607,-,-,31688,31664,31673,6.12E-02,1.54E-02
3776,25753,rfMRI connectivity (ICA100 edge 1348),,,,16,,,rfMRI connectivity,,21081,21063,21069,10607,-,-,31688,31664,31673,9.70E-03,1.46E-02
3777,25753,rfMRI connectivity (ICA100 edge 1349),,,,16,,,rfMRI connectivity,,21081,21063,21069,10607,-,-,31688,31664,31673,2.92E-02,1.31E-02
3778,25753,rfMRI connectivity (ICA100 edge 1350),,,,16,,,rfMRI connectivity,,21081,21063,21069,10607,-,-,31688,31664,31673,8.04E-02,1.52E-02
3779,25753,rfMRI connectivity (ICA100 edge 1351),,,,16,,,rfMRI connectivity,,21081,21063,21069,10607,-,-,31688,31664,31673,1.07E-01,1.54E-02
3780,25753,rfMRI connectivity (ICA100 edge 1352),,,,16,,,rfMRI connectivity,,21081,21063,21069,10607,-,-,31688,31664,31673,-3.80E-03,1.28E-02
3781,25753,rfMRI connectivity (ICA100 edge 1353),,,,16,,,rfMRI connectivity,,21081,21063,21069,10607,-,-,31688,31664,31673,-1.15E-02,1.37E-02
3782,25753,rfMRI connectivity (ICA100 edge 1354),,,,16,,,rfMRI connectivity,,21081,21063,21069,10607,-,-,31688,31664,31673,4.56E-02,1.50E-02
3783,25753,rfMRI connectivity (ICA100 edge 1355),,,,16,,,rfMRI connectivity,,21081,21063,21069,10607,-,-,31688,31664,31673,8.04E-02,1.51E-02
3784,25753,rfMRI connectivity (ICA100 edge 1356),,,,16,,,rfMRI connectivity,,21081,21063,21069,10607,-,-,31688,31664,31673,6.20E-03,1.27E-02
3785,25753,rfMRI connectivity (ICA100 edge 1357),,,,16,,,rfMRI connectivity,,21081,21063,21069,10607,-,-,31688,31664,31673,3.59E-02,1.58E-02
3786,25753,rfMRI connectivity (ICA100 edge 1358),,,,16,,,rfMRI connectivity,,21081,21063,21069,10607,10601,10604,31688,31664,31673,1.91E-02,1.25E-02
3787,25753,rfMRI connectivity (ICA100 edge 1359),,,,16,,,rfMRI connectivity,,21081,21063,21069,10607,-,-,31688,31664,31673,3.35E-02,1.44E-02
3788,25753,rfMRI connectivity (ICA100 edge 1360),,,,16,,,rfMRI connectivity,,21081,21063,21069,10607,-,-,31688,31664,31673,1.82E-02,1.47E-02
3789,25753,rfMRI connectivity (ICA100 edge 1361),,,,16,,,rfMRI connectivity,,21081,21063,21069,10607,-,-,31688,31664,31673,1.78E-02,1.35E-02
3790,25753,rfMRI connectivity (ICA100 edge 1362),,,,16,,,rfMRI connectivity,,21081,21063,21069,10607,-,-,31688,31664,31673,2.78E-02,1.52E-02
3791,25753,rfMRI connectivity (ICA100 edge 1363),,,,16,,,rfMRI connectivity,,21081,21063,21069,10607,-,-,31688,31664,31673,3.93E-02,1.44E-02
3792,25753,rfMRI connectivity (ICA100 edge 1364),,,,16,,,rfMRI connectivity,,21081,21063,21069,10607,-,-,31688,31664,31673,-2.18E-02,1.33E-02
3793,25753,rfMRI connectivity (ICA100 edge 1365),,,,16,,,rfMRI connectivity,,21081,21063,21069,10607,-,-,31688,31664,31673,1.71E-02,1.34E-02
3794,25753,rfMRI connectivity (ICA100 edge 1366),,,,16,,,rfMRI connectivity,,21081,21063,21069,10607,-,-,31688,31664,31673,4.15E-02,1.50E-02
3795,25753,rfMRI connectivity (ICA100 edge 1367),,,,16,,,rfMRI connectivity,,21081,21063,21069,10607,-,-,31688,31664,31673,1.06E-02,1.54E-02
3796,25753,rfMRI connectivity (ICA100 edge 1368),,,,16,,,rfMRI connectivity,,21081,21063,21069,10607,-,-,31688,31664,31673,8.50E-03,1.34E-02
3797,25753,rfMRI connectivity (ICA100 edge 1369),,,,16,,,rfMRI connectivity,,21081,21063,21069,10607,-,-,31688,31664,31673,1.50E-02,1.42E-02
3798,25753,rfMRI connectivity (ICA100 edge 1370),,,,16,,,rfMRI connectivity,,21081,21063,21069,10607,-,-,31688,31664,31673,6.54E-02,1.33E-02
3799,25753,rfMRI connectivity (ICA100 edge 1371),,,,16,,,rfMRI connectivity,,21081,21063,21069,10607,-,-,31688,31664,31673,5.72E-02,1.43E-02
3800,25753,rfMRI connectivity (ICA100 edge 1372),,,,16,,,rfMRI connectivity,,21081,21063,21069,10607,-,-,31688,31664,31673,-3.50E-03,1.20E-02
3801,25753,rfMRI connectivity (ICA100 edge 1373),,,,16,,,rfMRI connectivity,,21081,21063,21069,10607,-,-,31688,31664,31673,4.35E-02,1.54E-02
3802,25753,rfMRI connectivity (ICA100 edge 1374),,,,16,,,rfMRI connectivity,,21081,21063,21069,10607,-,-,31688,31664,31673,4.90E-02,1.33E-02
3803,25753,rfMRI connectivity (ICA100 edge 1375),,,,16,,,rfMRI connectivity,,21081,21063,21069,10607,-,-,31688,31664,31673,6.85E-02,1.52E-02
3804,25753,rfMRI connectivity (ICA100 edge 1376),,,,16,,,rfMRI connectivity,,21081,21063,21069,10607,-,-,31688,31664,31673,3.10E-02,1.40E-02
3805,25753,rfMRI connectivity (ICA100 edge 1377),,,,16,,,rfMRI connectivity,,21081,21063,21069,10607,-,-,31688,31664,31673,-5.40E-03,1.31E-02
3806,25753,rfMRI connectivity (ICA100 edge 1378),,,,16,,,rfMRI connectivity,,21081,21063,21069,10607,-,-,31688,31664,31673,-1.70E-03,1.32E-02
3807,25753,rfMRI connectivity (ICA100 edge 1379),,,,16,,,rfMRI connectivity,,21081,21063,21069,10607,-,-,31688,31664,31673,5.10E-03,1.65E-02
3808,25753,rfMRI connectivity (ICA100 edge 1380),,,,16,,,rfMRI connectivity,,21081,21063,21069,10607,-,-,31688,31664,31673,1.68E-02,1.43E-02
3809,25753,rfMRI connectivity (ICA100 edge 1381),,,,16,,,rfMRI connectivity,,21081,21063,21069,10607,-,-,31688,31664,31673,-1.60E-03,1.28E-02
3810,25753,rfMRI connectivity (ICA100 edge 1382),,,,16,,,rfMRI connectivity,,21081,21063,21069,10607,-,-,31688,31664,31673,-7.00E-04,1.27E-02
3811,25753,rfMRI connectivity (ICA100 edge 1383),,,,16,,,rfMRI connectivity,,21081,21063,21069,10607,-,-,31688,31664,31673,3.43E-02,1.49E-02
3812,25753,rfMRI connectivity (ICA100 edge 1384),,,,16,,,rfMRI connectivity,,21081,21063,21069,10607,-,-,31688,31664,31673,1.46E-02,1.41E-02
3813,25753,rfMRI connectivity (ICA100 edge 1385),,,,16,,,rfMRI connectivity,,21081,21063,21069,10607,-,-,31688,31664,31673,5.90E-03,1.41E-02
3814,25753,rfMRI connectivity (ICA100 edge 1386),,,,16,,,rfMRI connectivity,,21081,21063,21069,10607,-,-,31688,31664,31673,-8.60E-03,1.49E-02
3815,25753,rfMRI connectivity (ICA100 edge 1387),,,,16,,,rfMRI connectivity,,21081,21063,21069,10607,-,-,31688,31664,31673,3.30E-02,1.33E-02
3816,25753,rfMRI connectivity (ICA100 edge 1388),,,,16,,,rfMRI connectivity,,21081,21063,21069,10607,-,-,31688,31664,31673,9.90E-03,1.58E-02
3817,25753,rfMRI connectivity (ICA100 edge 1389),,,,16,,,rfMRI connectivity,,21081,21063,21069,10607,-,-,31688,31664,31673,1.45E-02,1.37E-02
3818,25753,rfMRI connectivity (ICA100 edge 1390),,,,16,,,rfMRI connectivity,,21081,21063,21069,10607,-,-,31688,31664,31673,2.76E-02,1.39E-02
3819,25753,rfMRI connectivity (ICA100 edge 1391),,,,16,,,rfMRI connectivity,,21081,21063,21069,10607,-,-,31688,31664,31673,1.59E-02,1.33E-02
3820,25753,rfMRI connectivity (ICA100 edge 1392),,,,16,,,rfMRI connectivity,,21081,21063,21069,10607,-,-,31688,31664,31673,-4.00E-04,1.43E-02
3821,25753,rfMRI connectivity (ICA100 edge 1393),,,,16,,,rfMRI connectivity,,21081,21063,21069,10607,-,-,31688,31664,31673,-3.40E-03,1.53E-02
3822,25753,rfMRI connectivity (ICA100 edge 1394),,,,16,,,rfMRI connectivity,,21081,21063,21069,10607,-,-,31688,31664,31673,1.60E-03,1.31E-02
3823,25753,rfMRI connectivity (ICA100 edge 1395),,,,16,,,rfMRI connectivity,,21081,21063,21069,10607,-,-,31688,31664,31673,1.32E-02,1.39E-02
3824,25753,rfMRI connectivity (ICA100 edge 1396),,,,16,,,rfMRI connectivity,,21081,21063,21069,10607,-,-,31688,31664,31673,2.01E-02,1.27E-02
3825,25753,rfMRI connectivity (ICA100 edge 1397),,,,16,,,rfMRI connectivity,,21081,21063,21069,10607,-,-,31688,31664,31673,3.50E-02,1.48E-02
3826,25753,rfMRI connectivity (ICA100 edge 1398),,,,16,,,rfMRI connectivity,,21081,21063,21069,10607,-,-,31688,31664,31673,1.33E-02,1.28E-02
3827,25753,rfMRI connectivity (ICA100 edge 1399),,,,16,,,rfMRI connectivity,,21081,21063,21069,10607,-,-,31688,31664,31673,4.40E-03,1.45E-02
3828,25753,rfMRI connectivity (ICA100 edge 1400),,,,16,,,rfMRI connectivity,,21081,21063,21069,10607,-,-,31688,31664,31673,-7.20E-03,1.35E-02
3829,25753,rfMRI connectivity (ICA100 edge 1401),,,,16,,,rfMRI connectivity,,21081,21063,21069,10607,-,-,31688,31664,31673,9.20E-03,1.31E-02
3830,25753,rfMRI connectivity (ICA100 edge 1402),,,,16,,,rfMRI connectivity,,21081,21063,21069,10607,-,-,31688,31664,31673,2.26E-02,1.36E-02
3831,25753,rfMRI connectivity (ICA100 edge 1403),,,,16,,,rfMRI connectivity,,21081,21063,21069,10607,-,-,31688,31664,31673,-3.00E-04,1.47E-02
3832,25753,rfMRI connectivity (ICA100 edge 1404),,,,16,,,rfMRI connectivity,,21081,21063,21069,10607,-,-,31688,31664,31673,1.74E-02,1.39E-02
3833,25753,rfMRI connectivity (ICA100 edge 1405),,,,16,,,rfMRI connectivity,,21081,21063,21069,10607,-,-,31688,31664,31673,2.69E-02,2.11E-02
3834,25753,rfMRI connectivity (ICA100 edge 1406),,,,16,,,rfMRI connectivity,,21081,21063,21069,10607,-,-,31688,31664,31673,-1.00E-03,1.23E-02
3835,25753,rfMRI connectivity (ICA100 edge 1407),,,,16,,,rfMRI connectivity,,21081,21063,21069,10607,-,-,31688,31664,31673,2.71E-02,1.33E-02
3836,25753,rfMRI connectivity (ICA100 edge 1408),,,,16,,,rfMRI connectivity,,21081,21063,21069,10607,-,-,31688,31664,31673,1.13E-02,1.23E-02
3837,25753,rfMRI connectivity (ICA100 edge 1409),,,,16,,,rfMRI connectivity,,21081,21063,21069,10607,-,-,31688,31664,31673,1.16E-02,1.37E-02
3838,25753,rfMRI connectivity (ICA100 edge 1410),,,,16,,,rfMRI connectivity,,21081,21063,21069,10607,-,-,31688,31664,31673,-1.11E-02,1.33E-02
3839,25753,rfMRI connectivity (ICA100 edge 1411),,,,16,,,rfMRI connectivity,,21081,21063,21069,10607,-,-,31688,31664,31673,1.44E-02,1.43E-02
3840,25753,rfMRI connectivity (ICA100 edge 1412),,,,16,,,rfMRI connectivity,,21081,21063,21069,10607,-,-,31688,31664,31673,2.48E-02,1.39E-02
3841,25753,rfMRI connectivity (ICA100 edge 1413),,,,16,,,rfMRI connectivity,,21081,21063,21069,10607,-,-,31688,31664,31673,-1.41E-02,1.28E-02
3842,25753,rfMRI connectivity (ICA100 edge 1414),,,,16,,,rfMRI connectivity,,21081,21063,21069,10607,-,-,31688,31664,31673,7.30E-03,1.51E-02
3843,25753,rfMRI connectivity (ICA100 edge 1415),,,,16,,,rfMRI connectivity,,21081,21063,21069,10607,-,-,31688,31664,31673,-5.20E-03,1.36E-02
3844,25753,rfMRI connectivity (ICA100 edge 1416),,,,16,,,rfMRI connectivity,,21081,21063,21069,10607,-,-,31688,31664,31673,-1.28E-02,1.40E-02
3845,25753,rfMRI connectivity (ICA100 edge 1417),,,,16,,,rfMRI connectivity,,21081,21063,21069,10607,-,-,31688,31664,31673,1.53E-02,1.60E-02
3846,25753,rfMRI connectivity (ICA100 edge 1418),,,,16,,,rfMRI connectivity,,21081,21063,21069,10607,-,-,31688,31664,31673,-9.90E-03,1.34E-02
3847,25753,rfMRI connectivity (ICA100 edge 1419),,,,16,,,rfMRI connectivity,,21081,21063,21069,10607,-,-,31688,31664,31673,8.90E-03,1.37E-02
3848,25753,rfMRI connectivity (ICA100 edge 1420),,,,16,,,rfMRI connectivity,,21081,21063,21069,10607,-,-,31688,31664,31673,1.33E-02,1.50E-02
3849,25753,rfMRI connectivity (ICA100 edge 1421),,,,16,,,rfMRI connectivity,,21081,21063,21069,10607,-,-,31688,31664,31673,4.18E-02,1.37E-02
3850,25753,rfMRI connectivity (ICA100 edge 1422),,,,16,,,rfMRI connectivity,,21081,21063,21069,10607,-,-,31688,31664,31673,-1.02E-02,1.27E-02
3851,25753,rfMRI connectivity (ICA100 edge 1423),,,,16,,,rfMRI connectivity,,21081,21063,21069,10607,-,-,31688,31664,31673,2.96E-02,1.44E-02
3852,25753,rfMRI connectivity (ICA100 edge 1424),,,,16,,,rfMRI connectivity,,21081,21063,21069,10607,-,-,31688,31664,31673,1.35E-02,1.42E-02
3853,25753,rfMRI connectivity (ICA100 edge 1425),,,,16,,,rfMRI connectivity,,21081,21063,21069,10607,-,-,31688,31664,31673,-9.60E-03,1.40E-02
3854,25753,rfMRI connectivity (ICA100 edge 1426),,,,16,,,rfMRI connectivity,,21081,21063,21069,10607,-,-,31688,31664,31673,-8.40E-03,1.32E-02
3855,25753,rfMRI connectivity (ICA100 edge 1427),,,,16,,,rfMRI connectivity,,21081,21063,21069,10607,-,-,31688,31664,31673,2.24E-02,1.42E-02
3856,25753,rfMRI connectivity (ICA100 edge 1428),,,,16,,,rfMRI connectivity,,21081,21063,21069,10607,-,-,31688,31664,31673,-1.90E-03,1.62E-02
3857,25753,rfMRI connectivity (ICA100 edge 1429),,,,16,,,rfMRI connectivity,,21081,21063,21069,10607,-,-,31688,31664,31673,1.30E-02,1.27E-02
3858,25753,rfMRI connectivity (ICA100 edge 1430),,,,16,,,rfMRI connectivity,,21081,21063,21069,10607,-,-,31688,31664,31673,1.65E-02,1.31E-02
3859,25753,rfMRI connectivity (ICA100 edge 1431),,,,16,,,rfMRI connectivity,,21081,21063,21069,10607,-,-,31688,31664,31673,1.81E-02,1.36E-02
3860,25753,rfMRI connectivity (ICA100 edge 1432),,,,16,,,rfMRI connectivity,,21081,21063,21069,10607,-,-,31688,31664,31673,1.58E-02,1.48E-02
3861,25753,rfMRI connectivity (ICA100 edge 1433),,,,16,,,rfMRI connectivity,,21081,21063,21069,10607,-,-,31688,31664,31673,2.04E-02,1.50E-02
3862,25753,rfMRI connectivity (ICA100 edge 1434),,,,16,,,rfMRI connectivity,,21081,21063,21069,10607,-,-,31688,31664,31673,-1.00E-04,1.29E-02
3863,25753,rfMRI connectivity (ICA100 edge 1435),,,,16,,,rfMRI connectivity,,21081,21063,21069,10607,-,-,31688,31664,31673,4.33E-02,1.40E-02
3864,25753,rfMRI connectivity (ICA100 edge 1436),,,,16,,,rfMRI connectivity,,21081,21063,21069,10607,-,-,31688,31664,31673,4.99E-02,1.41E-02
3865,25753,rfMRI connectivity (ICA100 edge 1437),,,,16,,,rfMRI connectivity,,21081,21063,21069,10607,-,-,31688,31664,31673,1.28E-02,1.42E-02
3866,25753,rfMRI connectivity (ICA100 edge 1438),,,,16,,,rfMRI connectivity,,21081,21063,21069,10607,-,-,31688,31664,31673,5.92E-02,1.42E-02
3867,25753,rfMRI connectivity (ICA100 edge 1439),,,,16,,,rfMRI connectivity,,21081,21063,21069,10607,-,-,31688,31664,31673,-1.40E-03,1.21E-02
3868,25753,rfMRI connectivity (ICA100 edge 1440),,,,16,,,rfMRI connectivity,,21081,21063,21069,10607,-,-,31688,31664,31673,2.33E-02,1.35E-02
3869,25753,rfMRI connectivity (ICA100 edge 1441),,,,16,,,rfMRI connectivity,,21081,21063,21069,10607,-,-,31688,31664,31673,5.81E-02,1.53E-02
3870,25753,rfMRI connectivity (ICA100 edge 1442),,,,16,,,rfMRI connectivity,,21081,21063,21069,10607,-,-,31688,31664,31673,4.06E-02,1.60E-02
3871,25753,rfMRI connectivity (ICA100 edge 1443),,,,16,,,rfMRI connectivity,,21081,21063,21069,10607,-,-,31688,31664,31673,3.77E-02,1.56E-02
3872,25753,rfMRI connectivity (ICA100 edge 1444),,,,16,,,rfMRI connectivity,,21081,21063,21069,10607,-,-,31688,31664,31673,2.48E-02,1.62E-02
3873,25753,rfMRI connectivity (ICA100 edge 1445),,,,16,,,rfMRI connectivity,,21081,21063,21069,10607,-,-,31688,31664,31673,1.24E-02,1.36E-02
3874,25753,rfMRI connectivity (ICA100 edge 1446),,,,16,,,rfMRI connectivity,,21081,21063,21069,10607,-,-,31688,31664,31673,2.89E-02,1.47E-02
3875,25753,rfMRI connectivity (ICA100 edge 1447),,,,16,,,rfMRI connectivity,,21081,21063,21069,10607,-,-,31688,31664,31673,4.50E-03,1.28E-02
3876,25753,rfMRI connectivity (ICA100 edge 1448),,,,16,,,rfMRI connectivity,,21081,21063,21069,10607,-,-,31688,31664,31673,3.23E-02,1.47E-02
3877,25753,rfMRI connectivity (ICA100 edge 1449),,,,16,,,rfMRI connectivity,,21081,21063,21069,10607,-,-,31688,31664,31673,2.06E-02,1.27E-02
3878,25753,rfMRI connectivity (ICA100 edge 1450),,,,16,,,rfMRI connectivity,,21081,21063,21069,10607,-,-,31688,31664,31673,5.05E-02,1.43E-02
3879,25753,rfMRI connectivity (ICA100 edge 1451),,,,16,,,rfMRI connectivity,,21081,21063,21069,10607,-,-,31688,31664,31673,-5.30E-03,1.34E-02
3880,25753,rfMRI connectivity (ICA100 edge 1452),,,,16,,,rfMRI connectivity,,21081,21063,21069,10607,-,-,31688,31664,31673,4.15E-02,1.36E-02
3881,25753,rfMRI connectivity (ICA100 edge 1453),,,,16,,,rfMRI connectivity,,21081,21063,21069,10607,-,-,31688,31664,31673,-2.27E-02,1.34E-02
3882,25753,rfMRI connectivity (ICA100 edge 1454),,,,16,,,rfMRI connectivity,,21081,21063,21069,10607,-,-,31688,31664,31673,2.12E-02,1.44E-02
3883,25753,rfMRI connectivity (ICA100 edge 1455),,,,16,,,rfMRI connectivity,,21081,21063,21069,10607,-,-,31688,31664,31673,5.80E-02,1.40E-02
3884,25753,rfMRI connectivity (ICA100 edge 1456),,,,16,,,rfMRI connectivity,,21081,21063,21069,10607,-,-,31688,31664,31673,5.20E-02,1.66E-02
3885,25753,rfMRI connectivity (ICA100 edge 1457),,,,16,,,rfMRI connectivity,,21081,21063,21069,10607,-,-,31688,31664,31673,1.91E-02,1.40E-02
3886,25753,rfMRI connectivity (ICA100 edge 1458),,,,16,,,rfMRI connectivity,,21081,21063,21069,10607,-,-,31688,31664,31673,3.52E-02,1.33E-02
3887,25753,rfMRI connectivity (ICA100 edge 1459),,,,16,,,rfMRI connectivity,,21081,21063,21069,10607,-,-,31688,31664,31673,2.17E-02,1.37E-02
3888,25753,rfMRI connectivity (ICA100 edge 1460),,,,16,,,rfMRI connectivity,,21081,21063,21069,10607,-,-,31688,31664,31673,5.89E-02,1.65E-02
3889,25753,rfMRI connectivity (ICA100 edge 1461),,,,16,,,rfMRI connectivity,,21081,21063,21069,10607,-,-,31688,31664,31673,-1.05E-02,1.19E-02
3890,25753,rfMRI connectivity (ICA100 edge 1462),,,,16,,,rfMRI connectivity,,21081,21063,21069,10607,10601,10604,31688,31664,31673,3.20E-02,1.42E-02
3891,25753,rfMRI connectivity (ICA100 edge 1463),,,,16,,,rfMRI connectivity,,21081,21063,21069,10607,-,-,31688,31664,31673,1.37E-02,1.35E-02
3892,25753,rfMRI connectivity (ICA100 edge 1464),,,,16,,,rfMRI connectivity,,21081,21063,21069,10607,-,-,31688,31664,31673,5.60E-03,1.56E-02
3893,25753,rfMRI connectivity (ICA100 edge 1465),,,,16,,,rfMRI connectivity,,21081,21063,21069,10607,-,-,31688,31664,31673,1.31E-02,1.49E-02
3894,25753,rfMRI connectivity (ICA100 edge 1466),,,,16,,,rfMRI connectivity,,21081,21063,21069,10607,-,-,31688,31664,31673,-7.00E-03,1.39E-02
3895,25753,rfMRI connectivity (ICA100 edge 1467),,,,16,,,rfMRI connectivity,,21081,21063,21069,10607,-,-,31688,31664,31673,-8.80E-03,1.28E-02
3896,25753,rfMRI connectivity (ICA100 edge 1468),,,,16,,,rfMRI connectivity,,21081,21063,21069,10607,-,-,31688,31664,31673,3.22E-02,1.32E-02
3897,25753,rfMRI connectivity (ICA100 edge 1469),,,,16,,,rfMRI connectivity,,21081,21063,21069,10607,-,-,31688,31664,31673,2.04E-02,1.45E-02
3898,25753,rfMRI connectivity (ICA100 edge 1470),,,,16,,,rfMRI connectivity,,21081,21063,21069,10607,-,-,31688,31664,31673,-1.30E-03,1.38E-02
3899,25753,rfMRI connectivity (ICA100 edge 1471),,,,16,,,rfMRI connectivity,,21081,21063,21069,10607,-,-,31688,31664,31673,-7.30E-03,1.21E-02
3900,25753,rfMRI connectivity (ICA100 edge 1472),,,,16,,,rfMRI connectivity,,21081,21063,21069,10607,-,-,31688,31664,31673,2.20E-02,1.41E-02
3901,25753,rfMRI connectivity (ICA100 edge 1473),,,,16,,,rfMRI connectivity,,21081,21063,21069,10607,-,-,31688,31664,31673,1.50E-03,1.39E-02
3902,25753,rfMRI connectivity (ICA100 edge 1474),,,,16,,,rfMRI connectivity,,21081,21063,21069,10607,-,-,31688,31664,31673,-3.14E-02,1.34E-02
3903,25753,rfMRI connectivity (ICA100 edge 1475),,,,16,,,rfMRI connectivity,,21081,21063,21069,10607,-,-,31688,31664,31673,5.96E-02,1.64E-02
3904,25753,rfMRI connectivity (ICA100 edge 1476),,,,16,,,rfMRI connectivity,,21081,21063,21069,10607,-,-,31688,31664,31673,3.65E-02,1.57E-02
3905,25753,rfMRI connectivity (ICA100 edge 1477),,,,16,,,rfMRI connectivity,,21081,21063,21069,10607,-,-,31688,31664,31673,-3.70E-03,1.43E-02
3906,25753,rfMRI connectivity (ICA100 edge 1478),,,,16,,,rfMRI connectivity,,21081,21063,21069,10607,-,-,31688,31664,31673,2.98E-02,1.39E-02
3907,25753,rfMRI connectivity (ICA100 edge 1479),,,,16,,,rfMRI connectivity,,21081,21063,21069,10607,-,-,31688,31664,31673,2.43E-02,1.40E-02
3908,25753,rfMRI connectivity (ICA100 edge 1480),,,,16,,,rfMRI connectivity,,21081,21063,21069,10607,-,-,31688,31664,31673,4.09E-02,1.46E-02
3909,25753,rfMRI connectivity (ICA100 edge 1481),,,,16,,,rfMRI connectivity,,21081,21063,21069,10607,-,-,31688,31664,31673,1.10E-02,1.37E-02
3910,25753,rfMRI connectivity (ICA100 edge 1482),,,,16,,,rfMRI connectivity,,21081,21063,21069,10607,-,-,31688,31664,31673,-1.48E-02,1.35E-02
3911,25753,rfMRI connectivity (ICA100 edge 1483),,,,16,,,rfMRI connectivity,,21081,21063,21069,10607,-,-,31688,31664,31673,-5.78E-05,1.33E-02
3912,25753,rfMRI connectivity (ICA100 edge 1484),,,,16,,,rfMRI connectivity,,21081,21063,21069,10607,-,-,31688,31664,31673,3.13E-02,1.41E-02
3913,25753,rfMRI connectivity (ICA100 edge 1485),,,,16,,,rfMRI connectivity,,21081,21063,21069,10607,-,-,31688,31664,31673,5.50E-03,1.16E-02
2143,25754,rfMRI amplitudes (ICA25 node 1),,,,15,,,rfMRI node amplitude,,21081,21063,21069,10607,-,-,31688,31664,31673,1.19E-01,1.69E-02
2144,25754,rfMRI amplitudes (ICA25 node 2),,,,15,,,rfMRI node amplitude,,21081,21063,21069,10607,-,-,31688,31664,31673,4.59E-02,1.38E-02
2145,25754,rfMRI amplitudes (ICA25 node 3),,,,15,,,rfMRI node amplitude,,21081,21063,21069,10607,-,-,31688,31664,31673,1.05E-01,1.66E-02
2146,25754,rfMRI amplitudes (ICA25 node 4),,,,15,,,rfMRI node amplitude,,21081,21063,21069,10607,-,-,31688,31664,31673,3.84E-02,1.47E-02
2147,25754,rfMRI amplitudes (ICA25 node 5),,,,15,,,rfMRI node amplitude,,21081,21063,21069,10607,-,-,31688,31664,31673,1.27E-01,1.77E-02
2148,25754,rfMRI amplitudes (ICA25 node 6),,,,15,,,rfMRI node amplitude,,21081,21063,21069,10607,-,-,31688,31664,31673,1.40E-01,1.74E-02
2149,25754,rfMRI amplitudes (ICA25 node 7),,,,15,,,rfMRI node amplitude,,21081,21063,21069,10607,-,-,31688,31664,31673,7.72E-02,1.73E-02
2150,25754,rfMRI amplitudes (ICA25 node 8),,,,15,,,rfMRI node amplitude,,21081,21063,21069,10607,-,-,31688,31664,31673,5.04E-02,1.40E-02
2151,25754,rfMRI amplitudes (ICA25 node 9),,,,15,,,rfMRI node amplitude,,21081,21063,21069,10607,-,-,31688,31664,31673,1.09E-01,1.79E-02
2152,25754,rfMRI amplitudes (ICA25 node 10),,,,15,,,rfMRI node amplitude,,21081,21063,21069,10607,-,-,31688,31664,31673,7.33E-02,1.58E-02
2153,25754,rfMRI amplitudes (ICA25 node 11),,,,15,,,rfMRI node amplitude,,21081,21063,21069,10607,-,-,31688,31664,31673,5.49E-02,1.37E-02
2154,25754,rfMRI amplitudes (ICA25 node 12),,,,15,,,rfMRI node amplitude,,21081,21063,21069,10607,-,-,31688,31664,31673,6.06E-02,1.43E-02
2155,25754,rfMRI amplitudes (ICA25 node 13),,,,15,,,rfMRI node amplitude,,21081,21063,21069,10607,-,-,31688,31664,31673,1.68E-01,1.95E-02
2156,25754,rfMRI amplitudes (ICA25 node 14),,,,15,,,rfMRI node amplitude,,21081,21063,21069,10607,-,-,31688,31664,31673,9.02E-02,1.71E-02
2157,25754,rfMRI amplitudes (ICA25 node 15),,,,15,,,rfMRI node amplitude,,21081,21063,21069,10607,-,-,31688,31664,31673,1.13E-01,1.59E-02
2158,25754,rfMRI amplitudes (ICA25 node 16),,,,15,,,rfMRI node amplitude,,21081,21063,21069,10607,-,-,31688,31664,31673,1.04E-01,1.85E-02
2159,25754,rfMRI amplitudes (ICA25 node 17),,,,15,,,rfMRI node amplitude,,21081,21063,21069,10607,-,-,31688,31664,31673,8.35E-02,1.62E-02
2160,25754,rfMRI amplitudes (ICA25 node 18),,,,15,,,rfMRI node amplitude,,21081,21063,21069,10607,-,-,31688,31664,31673,1.03E-01,1.52E-02
2161,25754,rfMRI amplitudes (ICA25 node 19),,,,15,,,rfMRI node amplitude,,21081,21063,21069,10607,-,-,31688,31664,31673,5.36E-02,1.41E-02
2162,25754,rfMRI amplitudes (ICA25 node 20),,,,15,,,rfMRI node amplitude,,21081,21063,21069,10607,-,-,31688,31664,31673,1.07E-01,1.71E-02
2163,25754,rfMRI amplitudes (ICA25 node 21),,,,15,,,rfMRI node amplitude,,21081,21063,21069,10607,-,-,31688,31664,31673,1.10E-01,1.78E-02
2164,25755,rfMRI amplitudes (ICA100 node 1),,,,15,,,rfMRI node amplitude,,21081,21063,21069,10607,-,-,31688,31664,31673,9.55E-02,1.52E-02
2165,25755,rfMRI amplitudes (ICA100 node 2),,,,15,,,rfMRI node amplitude,,21081,21063,21069,10607,-,-,31688,31664,31673,1.15E-01,1.75E-02
2166,25755,rfMRI amplitudes (ICA100 node 3),,,,15,,,rfMRI node amplitude,,21081,21063,21069,10607,-,-,31688,31664,31673,7.47E-02,1.51E-02
2167,25755,rfMRI amplitudes (ICA100 node 4),,,,15,,,rfMRI node amplitude,,21081,21063,21069,10607,-,-,31688,31664,31673,4.44E-02,1.53E-02
2168,25755,rfMRI amplitudes (ICA100 node 5),,,,15,,,rfMRI node amplitude,,21081,21063,21069,10607,-,-,31688,31664,31673,7.65E-02,1.55E-02
2169,25755,rfMRI amplitudes (ICA100 node 6),,,,15,,,rfMRI node amplitude,,21081,21063,21069,10607,-,-,31688,31664,31673,6.83E-02,1.49E-02
2170,25755,rfMRI amplitudes (ICA100 node 7),,,,15,,,rfMRI node amplitude,,21081,21063,21069,10607,-,-,31688,31664,31673,1.46E-01,1.74E-02
2171,25755,rfMRI amplitudes (ICA100 node 8),,,,15,,,rfMRI node amplitude,,21081,21063,21069,10607,-,-,31688,31664,31673,7.67E-02,1.62E-02
2172,25755,rfMRI amplitudes (ICA100 node 9),,,,15,,,rfMRI node amplitude,,21081,21063,21069,10607,-,-,31688,31664,31673,1.58E-01,1.82E-02
2173,25755,rfMRI amplitudes (ICA100 node 10),,,,15,,,rfMRI node amplitude,,21081,21063,21069,10607,-,-,31688,31664,31673,8.27E-02,1.64E-02
2174,25755,rfMRI amplitudes (ICA100 node 11),,,,15,,,rfMRI node amplitude,,21081,21063,21069,10607,-,-,31688,31664,31673,8.71E-02,1.71E-02
2175,25755,rfMRI amplitudes (ICA100 node 12),,,,15,,,rfMRI node amplitude,,21081,21063,21069,10607,-,-,31688,31664,31673,1.27E-01,3.08E-02
2176,25755,rfMRI amplitudes (ICA100 node 13),,,,15,,,rfMRI node amplitude,,21081,21063,21069,10607,-,-,31688,31664,31673,1.23E-01,1.80E-02
2177,25755,rfMRI amplitudes (ICA100 node 14),,,,15,,,rfMRI node amplitude,,21081,21063,21069,10607,-,-,31688,31664,31673,6.57E-02,1.39E-02
2178,25755,rfMRI amplitudes (ICA100 node 15),,,,15,,,rfMRI node amplitude,,21081,21063,21069,10607,-,-,31688,31664,31673,1.21E-01,1.76E-02
2179,25755,rfMRI amplitudes (ICA100 node 16),,,,15,,,rfMRI node amplitude,,21081,21063,21069,10607,-,-,31688,31664,31673,2.69E-02,1.50E-02
2180,25755,rfMRI amplitudes (ICA100 node 17),,,,15,,,rfMRI node amplitude,,21081,21063,21069,10607,-,-,31688,31664,31673,1.34E-01,1.61E-02
2181,25755,rfMRI amplitudes (ICA100 node 18),,,,15,,,rfMRI node amplitude,,21081,21063,21069,10607,-,-,31688,31664,31673,9.28E-02,1.51E-02
2182,25755,rfMRI amplitudes (ICA100 node 19),,,,15,,,rfMRI node amplitude,,21081,21063,21069,10607,-,-,31688,31664,31673,1.16E-01,1.88E-02
2183,25755,rfMRI amplitudes (ICA100 node 20),,,,15,,,rfMRI node amplitude,,21081,21063,21069,10607,-,-,31688,31664,31673,1.05E-01,1.54E-02
2184,25755,rfMRI amplitudes (ICA100 node 21),,,,15,,,rfMRI node amplitude,,21081,21063,21069,10607,-,-,31688,31664,31673,1.45E-01,1.82E-02
2185,25755,rfMRI amplitudes (ICA100 node 22),,,,15,,,rfMRI node amplitude,,21081,21063,21069,10607,-,-,31688,31664,31673,9.35E-02,1.64E-02
2186,25755,rfMRI amplitudes (ICA100 node 23),,,,15,,,rfMRI node amplitude,,21081,21063,21069,10607,-,-,31688,31664,31673,1.18E-01,1.76E-02
2187,25755,rfMRI amplitudes (ICA100 node 24),,,,15,,,rfMRI node amplitude,,21081,21063,21069,10607,-,-,31688,31664,31673,1.12E-01,1.68E-02
2188,25755,rfMRI amplitudes (ICA100 node 25),,,,15,,,rfMRI node amplitude,,21081,21063,21069,10607,-,-,31688,31664,31673,1.60E-01,1.66E-02
2189,25755,rfMRI amplitudes (ICA100 node 26),,,,15,,,rfMRI node amplitude,,21081,21063,21069,10607,-,-,31688,31664,31673,9.31E-02,1.63E-02
2190,25755,rfMRI amplitudes (ICA100 node 27),,,,15,,,rfMRI node amplitude,,21081,21063,21069,10607,-,-,31688,31664,31673,8.69E-02,1.62E-02
2191,25755,rfMRI amplitudes (ICA100 node 28),,,,15,,,rfMRI node amplitude,,21081,21063,21069,10607,-,-,31688,31664,31673,1.52E-01,2.23E-02
2192,25755,rfMRI amplitudes (ICA100 node 29),,,,15,,,rfMRI node amplitude,,21081,21063,21069,10607,-,-,31688,31664,31673,8.53E-02,1.45E-02
2193,25755,rfMRI amplitudes (ICA100 node 30),,,,15,,,rfMRI node amplitude,,21081,21063,21069,10607,-,-,31688,31664,31673,4.68E-02,1.36E-02
2194,25755,rfMRI amplitudes (ICA100 node 31),,,,15,,,rfMRI node amplitude,,21081,21063,21069,10607,-,-,31688,31664,31673,1.35E-01,1.79E-02
2195,25755,rfMRI amplitudes (ICA100 node 32),,,,15,,,rfMRI node amplitude,,21081,21063,21069,10607,-,-,31688,31664,31673,6.45E-02,1.37E-02
2196,25755,rfMRI amplitudes (ICA100 node 33),,,,15,,,rfMRI node amplitude,,21081,21063,21069,10607,-,-,31688,31664,31673,1.26E-01,1.58E-02
2197,25755,rfMRI amplitudes (ICA100 node 34),,,,15,,,rfMRI node amplitude,,21081,21063,21069,10607,-,-,31688,31664,31673,9.71E-02,1.75E-02
2198,25755,rfMRI amplitudes (ICA100 node 35),,,,15,,,rfMRI node amplitude,,21081,21063,21069,10607,-,-,31688,31664,31673,1.13E-01,1.52E-02
2199,25755,rfMRI amplitudes (ICA100 node 36),,,,15,,,rfMRI node amplitude,,21081,21063,21069,10607,-,-,31688,31664,31673,1.47E-01,1.74E-02
2200,25755,rfMRI amplitudes (ICA100 node 37),,,,15,,,rfMRI node amplitude,,21081,21063,21069,10607,-,-,31688,31664,31673,1.27E-01,1.74E-02
2201,25755,rfMRI amplitudes (ICA100 node 38),,,,15,,,rfMRI node amplitude,,21081,21063,21069,10607,-,-,31688,31664,31673,1.32E-01,1.52E-02
2202,25755,rfMRI amplitudes (ICA100 node 39),,,,15,,,rfMRI node amplitude,,21081,21063,21069,10607,-,-,31688,31664,31673,7.19E-02,1.53E-02
2203,25755,rfMRI amplitudes (ICA100 node 40),,,,15,,,rfMRI node amplitude,,21081,21063,21069,10607,-,-,31688,31664,31673,9.82E-02,1.70E-02
2204,25755,rfMRI amplitudes (ICA100 node 41),,,,15,,,rfMRI node amplitude,,21081,21063,21069,10607,-,-,31688,31664,31673,6.86E-02,1.42E-02
2205,25755,rfMRI amplitudes (ICA100 node 42),,,,15,,,rfMRI node amplitude,,21081,21063,21069,10607,-,-,31688,31664,31673,5.66E-02,1.47E-02
2206,25755,rfMRI amplitudes (ICA100 node 43),,,,15,,,rfMRI node amplitude,,21081,21063,21069,10607,-,-,31688,31664,31673,7.29E-02,1.44E-02
2207,25755,rfMRI amplitudes (ICA100 node 44),,,,15,,,rfMRI node amplitude,,21081,21063,21069,10607,-,-,31688,31664,31673,1.39E-01,1.63E-02
2208,25755,rfMRI amplitudes (ICA100 node 45),,,,15,,,rfMRI node amplitude,,21081,21063,21069,10607,-,-,31688,31664,31673,8.79E-02,1.68E-02
2209,25755,rfMRI amplitudes (ICA100 node 46),,,,15,,,rfMRI node amplitude,,21081,21063,21069,10607,-,-,31688,31664,31673,1.62E-01,3.22E-02
2210,25755,rfMRI amplitudes (ICA100 node 47),,,,15,,,rfMRI node amplitude,,21081,21063,21069,10607,-,-,31688,31664,31673,1.05E-01,1.64E-02
2211,25755,rfMRI amplitudes (ICA100 node 48),,,,15,,,rfMRI node amplitude,,21081,21063,21069,10607,-,-,31688,31664,31673,1.46E-01,2.53E-02
2212,25755,rfMRI amplitudes (ICA100 node 49),,,,15,,,rfMRI node amplitude,,21081,21063,21069,10607,-,-,31688,31664,31673,1.20E-01,1.57E-02
2213,25755,rfMRI amplitudes (ICA100 node 50),,,,15,,,rfMRI node amplitude,,21081,21063,21069,10607,-,-,31688,31664,31673,8.07E-02,1.54E-02
2214,25755,rfMRI amplitudes (ICA100 node 51),,,,15,,,rfMRI node amplitude,,21081,21063,21069,10607,-,-,31688,31664,31673,5.87E-02,1.62E-02
2215,25755,rfMRI amplitudes (ICA100 node 52),,,,15,,,rfMRI node amplitude,,21081,21063,21069,10607,-,-,31688,31664,31673,8.38E-02,1.42E-02
2216,25755,rfMRI amplitudes (ICA100 node 53),,,,15,,,rfMRI node amplitude,,21081,21063,21069,10607,-,-,31688,31664,31673,1.09E-01,1.45E-02
2217,25755,rfMRI amplitudes (ICA100 node 54),,,,15,,,rfMRI node amplitude,,21081,21063,21069,10607,-,-,31688,31664,31673,5.58E-02,1.56E-02
2218,25755,rfMRI amplitudes (ICA100 node 55),,,,15,,,rfMRI node amplitude,,21081,21063,21069,10607,-,-,31688,31664,31673,9.06E-02,1.57E-02
2128,25761,IDP_tfMRI_90th-percentile_BOLD_shapes,,%,float,14,,,tfMRI activation,90th percentile of the BOLD (blood-oxygen-level dependent) effect (in group-defined mask) for shapes activation (in task fMRI data),18412,18401,18406,9251,9247,9248,27663,27648,27654,4.54E-02,1.75E-02
2130,25762,IDP_tfMRI_90th-percentile_zstat_shapes,,Z,float,14,,,tfMRI activation,90th percentile of the z-statistic (in group-defined mask) for shapes activation (in task fMRI data),18412,18401,18406,9251,-,-,27663,27648,27654,3.29E-02,1.76E-02
2132,25763,IDP_tfMRI_90th-percentile_BOLD_faces,,%,float,14,,,tfMRI activation,90th percentile of the BOLD (blood-oxygen-level dependent) effect (in group-defined mask) for faces activation (in task fMRI data),18412,18401,18406,9251,-,-,27663,27648,27654,3.45E-02,1.73E-02
2134,25764,IDP_tfMRI_90th-percentile_zstat_faces,,Z,float,14,,,tfMRI activation,90th percentile of the z-statistic (in group-defined mask) for faces activation (in task fMRI data),18412,18401,18406,9251,-,-,27663,27648,27654,2.05E-02,1.67E-02
2136,25765,IDP_tfMRI_90th-percentile_BOLD_faces-shapes,,%,float,14,,,tfMRI activation,90th percentile of the BOLD (blood-oxygen-level dependent) effect (in group-defined mask) for faces-shapes contrast (in task fMRI data),18412,18401,18406,9251,-,-,27663,27648,27654,8.83E-02,1.68E-02
2138,25766,IDP_tfMRI_90th-percentile_zstat_faces-shapes,,Z,float,14,,,tfMRI activation,90th percentile of the z-statistic (in group-defined mask) for faces-shapes contrast (in task fMRI data),18412,18401,18406,9251,-,-,27663,27648,27654,4.97E-02,1.49E-02
2140,25767,IDP_tfMRI_90th-percentile_BOLD_faces-shapes_amygdala,,%,float,14,,,tfMRI activation,90th percentile of the BOLD (blood-oxygen-level dependent) effect (in group-defined amygdala activation mask) for faces-shapes contrast (in task fMRI data),18412,18401,18406,9251,-,-,27663,27648,27654,4.93E-02,1.74E-02
2142,25768,IDP_tfMRI_90th-percentile_zstat_faces-shapes_amygdala,,Z,float,14,,,tfMRI activation,90th percentile of the z-statistic (in group-defined amygdala activation mask) for faces-shapes contrast (in task fMRI data),18412,18401,18406,9251,-,-,27663,27648,27654,5.58E-02,1.58E-02
1437,25781,IDP_T2_FLAIR_BIANCA_WMH_volume,,mm3,int,6,,,white matter hyperintensity volume,Total volume of white matter hyperintensities (from T1 and T2_FLAIR images),21381,21360,21369,10733,10727,10730,32114,32087,32099,2.58E-01,3.14E-02
26,25782,IDP_T1_FAST_ROIs_L_frontal_pole,,mm3,float,1,Volume of grey matter,S,regional and tissue volume,Volume of grey matter in Left Frontal Pole,22133,22112,22121,11086,-,-,33219,33192,33204,1.53E-01,1.67E-02
27,25783,IDP_T1_FAST_ROIs_R_frontal_pole,,mm3,float,1,Volume of grey matter,S,regional and tissue volume,Volume of grey matter in Right Frontal Pole,22133,22112,22121,11086,-,-,33219,33192,33204,2.08E-01,1.84E-02
28,25784,IDP_T1_FAST_ROIs_L_insular_cortex,,mm3,float,1,Volume of grey matter,S,regional and tissue volume,Volume of grey matter in Left Insular Cortex,22133,22112,22121,11086,-,-,33219,33192,33204,2.84E-01,2.20E-02
29,25785,IDP_T1_FAST_ROIs_R_insular_cortex,,mm3,float,1,Volume of grey matter,S,regional and tissue volume,Volume of grey matter in Right Insular Cortex,22133,22112,22121,11086,-,-,33219,33192,33204,2.70E-01,2.18E-02
30,25786,IDP_T1_FAST_ROIs_L_sup_front_gyrus,,mm3,float,1,Volume of grey matter,S,regional and tissue volume,Volume of grey matter in Left Superior Frontal Gyrus,22133,22112,22121,11086,-,-,33219,33192,33204,1.37E-01,1.75E-02
31,25787,IDP_T1_FAST_ROIs_R_sup_front_gyrus,,mm3,float,1,Volume of grey matter,S,regional and tissue volume,Volume of grey matter in Right Superior Frontal Gyrus,22133,22112,22121,11086,-,-,33219,33192,33204,1.26E-01,1.66E-02
32,25788,IDP_T1_FAST_ROIs_L_mid_front_gyrus,,mm3,float,1,Volume of grey matter,S,regional and tissue volume,Volume of grey matter in Left Middle Frontal Gyrus,22133,22112,22121,11086,-,-,33219,33192,33204,1.57E-01,1.77E-02
33,25789,IDP_T1_FAST_ROIs_R_mid_front_gyrus,,mm3,float,1,Volume of grey matter,S,regional and tissue volume,Volume of grey matter in Right Middle Frontal Gyrus,22133,22112,22121,11086,-,-,33219,33192,33204,1.65E-01,1.66E-02
34,25790,IDP_T1_FAST_ROIs_L_inf_front_gyrus_parstri,,mm3,float,1,Volume of grey matter,S,regional and tissue volume,"Volume of grey matter in Left Inferior Frontal Gyrus, pars triangularis",22133,22112,22121,11086,-,-,33219,33192,33204,1.02E-01,1.61E-02
35,25791,IDP_T1_FAST_ROIs_R_inf_front_gyrus_parstri,,mm3,float,1,Volume of grey matter,S,regional and tissue volume,"Volume of grey matter in Right Inferior Frontal Gyrus, pars triangularis",22133,22112,22121,11086,-,-,33219,33192,33204,4.77E-02,1.47E-02
36,25792,IDP_T1_FAST_ROIs_L_inf_front_gyrus_parsop,,mm3,float,1,Volume of grey matter,S,regional and tissue volume,"Volume of grey matter in Left Inferior Frontal Gyrus, pars opercularis",22133,22112,22121,11086,-,-,33219,33192,33204,8.45E-02,2.12E-02
37,25793,IDP_T1_FAST_ROIs_R_inf_front_gyrus_parsop,,mm3,float,1,Volume of grey matter,S,regional and tissue volume,"Volume of grey matter in Right Inferior Frontal Gyrus, pars opercularis",22133,22112,22121,11086,-,-,33219,33192,33204,7.28E-02,1.45E-02
38,25794,IDP_T1_FAST_ROIs_L_precentral_gyrus,,mm3,float,1,Volume of grey matter,S,regional and tissue volume,Volume of grey matter in Left Precentral Gyrus,22133,22112,22121,11086,-,-,33219,33192,33204,1.47E-01,1.77E-02
39,25795,IDP_T1_FAST_ROIs_R_precentral_gyrus,,mm3,float,1,Volume of grey matter,S,regional and tissue volume,Volume of grey matter in Right Precentral Gyrus,22133,22112,22121,11086,-,-,33219,33192,33204,1.61E-01,1.82E-02
40,25796,IDP_T1_FAST_ROIs_L_temporal_pole,,mm3,float,1,Volume of grey matter,S,regional and tissue volume,Volume of grey matter in Left Temporal Pole,22133,22112,22121,11086,-,-,33219,33192,33204,1.98E-01,1.97E-02
41,25797,IDP_T1_FAST_ROIs_R_temporal_pole,,mm3,float,1,Volume of grey matter,S,regional and tissue volume,Volume of grey matter in Right Temporal Pole,22133,22112,22121,11086,-,-,33219,33192,33204,1.96E-01,1.87E-02
42,25798,IDP_T1_FAST_ROIs_L_sup_temp_gyrus_ant,,mm3,float,1,Volume of grey matter,S,regional and tissue volume,"Volume of grey matter in Left Superior Temporal Gyrus, anterior division",22133,22112,22121,11086,-,-,33219,33192,33204,1.36E-01,2.35E-02
43,25799,IDP_T1_FAST_ROIs_R_sup_temp_gyrus_ant,,mm3,float,1,Volume of grey matter,S,regional and tissue volume,"Volume of grey matter in Right Superior Temporal Gyrus, anterior division",22133,22112,22121,11086,-,-,33219,33192,33204,1.21E-01,1.65E-02
44,25800,IDP_T1_FAST_ROIs_L_sup_temp_gyrus_post,,mm3,float,1,Volume of grey matter,S,regional and tissue volume,"Volume of grey matter in Left Superior Temporal Gyrus, posterior division",22133,22112,22121,11086,-,-,33219,33192,33204,1.17E-01,1.52E-02
45,25801,IDP_T1_FAST_ROIs_R_sup_temp_gyrus_post,,mm3,float,1,Volume of grey matter,S,regional and tissue volume,"Volume of grey matter in Right Superior Temporal Gyrus, posterior division",22133,22112,22121,11086,-,-,33219,33192,33204,1.67E-01,1.74E-02
46,25802,IDP_T1_FAST_ROIs_L_mid_temp_gyrus_ant,,mm3,float,1,Volume of grey matter,S,regional and tissue volume,"Volume of grey matter in Left Middle Temporal Gyrus, anterior division",22133,22112,22121,11086,-,-,33219,33192,33204,1.20E-01,1.66E-02
47,25803,IDP_T1_FAST_ROIs_R_mid_temp_gyrus_ant,,mm3,float,1,Volume of grey matter,S,regional and tissue volume,"Volume of grey matter in Right Middle Temporal Gyrus, anterior division",22133,22112,22121,11086,-,-,33219,33192,33204,1.48E-01,2.28E-02
48,25804,IDP_T1_FAST_ROIs_L_mid_temp_gyrus_post,,mm3,float,1,Volume of grey matter,S,regional and tissue volume,"Volume of grey matter in Left Middle Temporal Gyrus, posterior division",22133,22112,22121,11086,-,-,33219,33192,33204,1.61E-01,1.88E-02
49,25805,IDP_T1_FAST_ROIs_R_mid_temp_gyrus_post,,mm3,float,1,Volume of grey matter,S,regional and tissue volume,"Volume of grey matter in Right Middle Temporal Gyrus, posterior division",22133,22112,22121,11086,-,-,33219,33192,33204,1.56E-01,1.99E-02
50,25806,IDP_T1_FAST_ROIs_L_mid_temp_gyrus_tempocc,,mm3,float,1,Volume of grey matter,S,regional and tissue volume,"Volume of grey matter in Left Middle Temporal Gyrus, temporooccipital part",22133,22112,22121,11086,-,-,33219,33192,33204,8.30E-02,1.66E-02
51,25807,IDP_T1_FAST_ROIs_R_mid_temp_gyrus_tempocc,,mm3,float,1,Volume of grey matter,S,regional and tissue volume,"Volume of grey matter in Right Middle Temporal Gyrus, temporooccipital part",22133,22112,22121,11086,-,-,33219,33192,33204,1.09E-01,1.61E-02
52,25808,IDP_T1_FAST_ROIs_L_inf_temp_gyrus_ant,,mm3,float,1,Volume of grey matter,S,regional and tissue volume,"Volume of grey matter in Left Inferior Temporal Gyrus, anterior division",22133,22112,22121,11086,-,-,33219,33192,33204,1.49E-01,1.72E-02
53,25809,IDP_T1_FAST_ROIs_R_inf_temp_gyrus_ant,,mm3,float,1,Volume of grey matter,S,regional and tissue volume,"Volume of grey matter in Right Inferior Temporal Gyrus, anterior division",22133,22112,22121,11086,-,-,33219,33192,33204,1.50E-01,1.72E-02
54,25810,IDP_T1_FAST_ROIs_L_inf_temp_gyrus_post,,mm3,float,1,Volume of grey matter,S,regional and tissue volume,"Volume of grey matter in Left Inferior Temporal Gyrus, posterior division",22133,22112,22121,11086,-,-,33219,33192,33204,1.38E-01,2.01E-02
55,25811,IDP_T1_FAST_ROIs_R_inf_temp_gyrus_post,,mm3,float,1,Volume of grey matter,S,regional and tissue volume,"Volume of grey matter in Right Inferior Temporal Gyrus, posterior division",22133,22112,22121,11086,-,-,33219,33192,33204,1.62E-01,1.67E-02
56,25812,IDP_T1_FAST_ROIs_L_inf_temp_gyrus_tempocc,,mm3,float,1,Volume of grey matter,S,regional and tissue volume,"Volume of grey matter in Left Inferior Temporal Gyrus, temporooccipital part",22133,22112,22121,11086,-,-,33219,33192,33204,1.60E-01,1.82E-02
57,25813,IDP_T1_FAST_ROIs_R_inf_temp_gyrus_tempocc,,mm3,float,1,Volume of grey matter,S,regional and tissue volume,"Volume of grey matter in Right Inferior Temporal Gyrus, temporooccipital part",22133,22112,22121,11086,-,-,33219,33192,33204,1.58E-01,1.78E-02
58,25814,IDP_T1_FAST_ROIs_L_postcent_gyrus,,mm3,float,1,Volume of grey matter,S,regional and tissue volume,Volume of grey matter in Left Postcentral Gyrus,22133,22112,22121,11086,-,-,33219,33192,33204,1.31E-01,1.62E-02
59,25815,IDP_T1_FAST_ROIs_R_postcent_gyrus,,mm3,float,1,Volume of grey matter,S,regional and tissue volume,Volume of grey matter in Right Postcentral Gyrus,22133,22112,22121,11086,-,-,33219,33192,33204,1.33E-01,1.77E-02
60,25816,IDP_T1_FAST_ROIs_L_sup_parietal_lobule,,mm3,float,1,Volume of grey matter,S,regional and tissue volume,Volume of grey matter in Left Superior Parietal Lobule,22133,22112,22121,11086,-,-,33219,33192,33204,7.85E-02,1.42E-02
61,25817,IDP_T1_FAST_ROIs_R_sup_parietal_lobule,,mm3,float,1,Volume of grey matter,S,regional and tissue volume,Volume of grey matter in Right Superior Parietal Lobule,22133,22112,22121,11086,-,-,33219,33192,33204,5.74E-02,1.43E-02
62,25818,IDP_T1_FAST_ROIs_L_supramarg_gyrus_ant,,mm3,float,1,Volume of grey matter,S,regional and tissue volume,"Volume of grey matter in Left Supramarginal Gyrus, anterior division",22133,22112,22121,11086,-,-,33219,33192,33204,8.82E-02,1.70E-02
63,25819,IDP_T1_FAST_ROIs_R_supramarg_gyrus_ant,,mm3,float,1,Volume of grey matter,S,regional and tissue volume,"Volume of grey matter in Right Supramarginal Gyrus, anterior division",22133,22112,22121,11086,-,-,33219,33192,33204,9.48E-02,1.66E-02
64,25820,IDP_T1_FAST_ROIs_L_supramarg_gyrus_post,,mm3,float,1,Volume of grey matter,S,regional and tissue volume,"Volume of grey matter in Left Supramarginal Gyrus, posterior division",22133,22112,22121,11086,-,-,33219,33192,33204,9.43E-02,1.50E-02
65,25821,IDP_T1_FAST_ROIs_R_supramarg_gyrus_post,,mm3,float,1,Volume of grey matter,S,regional and tissue volume,"Volume of grey matter in Right Supramarginal Gyrus, posterior division",22133,22112,22121,11086,-,-,33219,33192,33204,6.20E-02,1.50E-02
66,25822,IDP_T1_FAST_ROIs_L_angular_gyrus,,mm3,float,1,Volume of grey matter,S,regional and tissue volume,Volume of grey matter in Left Angular Gyrus,22133,22112,22121,11086,-,-,33219,33192,33204,1.30E-01,1.75E-02
67,25823,IDP_T1_FAST_ROIs_R_angular_gyrus,,mm3,float,1,Volume of grey matter,S,regional and tissue volume,Volume of grey matter in Right Angular Gyrus,22133,22112,22121,11086,-,-,33219,33192,33204,1.07E-01,1.59E-02
68,25824,IDP_T1_FAST_ROIs_L_latocc_cortex_sup,,mm3,float,1,Volume of grey matter,S,regional and tissue volume,"Volume of grey matter in Left Lateral Occipital Cortex, superior division",22133,22112,22121,11086,-,-,33219,33192,33204,1.26E-01,1.70E-02
69,25825,IDP_T1_FAST_ROIs_R_latocc_cortex_sup,,mm3,float,1,Volume of grey matter,S,regional and tissue volume,"Volume of grey matter in Right Lateral Occipital Cortex, superior division",22133,22112,22121,11086,-,-,33219,33192,33204,1.07E-01,1.61E-02
70,25826,IDP_T1_FAST_ROIs_L_latocc_cortex_inf,,mm3,float,1,Volume of grey matter,S,regional and tissue volume,"Volume of grey matter in Left Lateral Occipital Cortex, inferior division",22133,22112,22121,11086,-,-,33219,33192,33204,1.38E-01,1.83E-02
71,25827,IDP_T1_FAST_ROIs_R_latocc_cortex_inf,,mm3,float,1,Volume of grey matter,S,regional and tissue volume,"Volume of grey matter in Right Lateral Occipital Cortex, inferior division",22133,22112,22121,11086,-,-,33219,33192,33204,1.05E-01,1.85E-02
72,25828,IDP_T1_FAST_ROIs_L_intracalc_cortex,,mm3,float,1,Volume of grey matter,S,regional and tissue volume,Volume of grey matter in Left Intracalcarine Cortex,22133,22112,22121,11086,11080,11083,33219,33192,33204,3.06E-01,2.61E-02
73,25829,IDP_T1_FAST_ROIs_R_intracalc_cortex,,mm3,float,1,Volume of grey matter,S,regional and tissue volume,Volume of grey matter in Right Intracalcarine Cortex,22133,22112,22121,11086,-,-,33219,33192,33204,3.17E-01,2.77E-02
74,25830,IDP_T1_FAST_ROIs_L_front_med_cortex,,mm3,float,1,Volume of grey matter,S,regional and tissue volume,Volume of grey matter in Left Frontal Medial Cortex,22133,22112,22121,11086,-,-,33219,33192,33204,1.00E-01,1.45E-02
75,25831,IDP_T1_FAST_ROIs_R_front_med_cortex,,mm3,float,1,Volume of grey matter,S,regional and tissue volume,Volume of grey matter in Right Frontal Medial Cortex,22133,22112,22121,11086,-,-,33219,33192,33204,8.23E-02,1.42E-02
76,25832,IDP_T1_FAST_ROIs_L_juxtapos_lobule_cortex,,mm3,float,1,Volume of grey matter,S,regional and tissue volume,Volume of grey matter in Left Juxtapositional Lobule Cortex (formerly Supplementary Motor Cortex),22133,22112,22121,11086,11080,11083,33219,33192,33204,7.60E-02,1.55E-02
77,25833,IDP_T1_FAST_ROIs_R_juxtapos_lobule_cortex,,mm3,float,1,Volume of grey matter,S,regional and tissue volume,Volume of grey matter in Right Juxtapositional Lobule Cortex (formerly Supplementary Motor Cortex),22133,22112,22121,11086,-,-,33219,33192,33204,6.96E-02,1.52E-02
78,25834,IDP_T1_FAST_ROIs_L_subcallosal_cortex,,mm3,float,1,Volume of grey matter,S,regional and tissue volume,Volume of grey matter in Left Subcallosal Cortex,22133,22112,22121,11086,-,-,33219,33192,33204,2.85E-01,2.40E-02
79,25835,IDP_T1_FAST_ROIs_R_subcallosal_cortex,,mm3,float,1,Volume of grey matter,S,regional and tissue volume,Volume of grey matter in Right Subcallosal Cortex,22133,22112,22121,11086,-,-,33219,33192,33204,2.76E-01,2.34E-02
80,25836,IDP_T1_FAST_ROIs_L_paracing_gyrus,,mm3,float,1,Volume of grey matter,S,regional and tissue volume,Volume of grey matter in Left Paracingulate Gyrus,22133,22112,22121,11086,-,-,33219,33192,33204,1.67E-01,1.75E-02
81,25837,IDP_T1_FAST_ROIs_R_paracing_gyrus,,mm3,float,1,Volume of grey matter,S,regional and tissue volume,Volume of grey matter in Right Paracingulate Gyrus,22133,22112,22121,11086,-,-,33219,33192,33204,1.48E-01,1.63E-02
82,25838,IDP_T1_FAST_ROIs_L_cing_gyrus_ant,,mm3,float,1,Volume of grey matter,S,regional and tissue volume,"Volume of grey matter in Left Cingulate Gyrus, anterior division",22133,22112,22121,11086,-,-,33219,33192,33204,1.51E-01,1.75E-02
83,25839,IDP_T1_FAST_ROIs_R_cing_gyrus_ant,,mm3,float,1,Volume of grey matter,S,regional and tissue volume,"Volume of grey matter in Right Cingulate Gyrus, anterior division",22133,22112,22121,11086,-,-,33219,33192,33204,1.42E-01,2.05E-02
84,25840,IDP_T1_FAST_ROIs_L_cing_gyrus_post,,mm3,float,1,Volume of grey matter,S,regional and tissue volume,"Volume of grey matter in Left Cingulate Gyrus, posterior division",22133,22112,22121,11086,-,-,33219,33192,33204,1.67E-01,1.73E-02
85,25841,IDP_T1_FAST_ROIs_R_cing_gyrus_post,,mm3,float,1,Volume of grey matter,S,regional and tissue volume,"Volume of grey matter in Right Cingulate Gyrus, posterior division",22133,22112,22121,11086,-,-,33219,33192,33204,1.44E-01,1.83E-02
86,25842,IDP_T1_FAST_ROIs_L_precun_cortex,,mm3,float,1,Volume of grey matter,S,regional and tissue volume,Volume of grey matter in Left Precuneous Cortex,22133,22112,22121,11086,-,-,33219,33192,33204,2.02E-01,2.15E-02
87,25843,IDP_T1_FAST_ROIs_R_precun_cortex,,mm3,float,1,Volume of grey matter,S,regional and tissue volume,Volume of grey matter in Right Precuneous Cortex,22133,22112,22121,11086,-,-,33219,33192,33204,2.05E-01,2.28E-02
88,25844,IDP_T1_FAST_ROIs_L_cuneal_cortex,,mm3,float,1,Volume of grey matter,S,regional and tissue volume,Volume of grey matter in Left Cuneal Cortex,22133,22112,22121,11086,-,-,33219,33192,33204,1.58E-01,1.57E-02
89,25845,IDP_T1_FAST_ROIs_R_cuneal_cortex,,mm3,float,1,Volume of grey matter,S,regional and tissue volume,Volume of grey matter in Right Cuneal Cortex,22133,22112,22121,11086,-,-,33219,33192,33204,1.51E-01,1.75E-02
90,25846,IDP_T1_FAST_ROIs_L_front_orb_cortex,,mm3,float,1,Volume of grey matter,S,regional and tissue volume,Volume of grey matter in Left Frontal Orbital Cortex,22133,22112,22121,11086,-,-,33219,33192,33204,2.01E-01,2.02E-02
91,25847,IDP_T1_FAST_ROIs_R_front_orb_cortex,,mm3,float,1,Volume of grey matter,S,regional and tissue volume,Volume of grey matter in Right Frontal Orbital Cortex,22133,22112,22121,11086,-,-,33219,33192,33204,1.94E-01,2.40E-02
92,25848,IDP_T1_FAST_ROIs_L_parahipp_gyrus_ant,,mm3,float,1,Volume of grey matter,S,regional and tissue volume,"Volume of grey matter in Left Parahippocampal Gyrus, anterior division",22133,22112,22121,11086,-,-,33219,33192,33204,1.87E-01,1.84E-02
93,25849,IDP_T1_FAST_ROIs_R_parahipp_gyrus_ant,,mm3,float,1,Volume of grey matter,S,regional and tissue volume,"Volume of grey matter in Right Parahippocampal Gyrus, anterior division",22133,22112,22121,11086,-,-,33219,33192,33204,1.98E-01,1.75E-02
94,25850,IDP_T1_FAST_ROIs_L_parahipp_gyrus_post,,mm3,float,1,Volume of grey matter,S,regional and tissue volume,"Volume of grey matter in Left Parahippocampal Gyrus, posterior division",22133,22112,22121,11086,-,-,33219,33192,33204,2.06E-01,2.06E-02
95,25851,IDP_T1_FAST_ROIs_R_parahipp_gyrus_post,,mm3,float,1,Volume of grey matter,S,regional and tissue volume,"Volume of grey matter in Right Parahippocampal Gyrus, posterior division",22133,22112,22121,11086,-,-,33219,33192,33204,2.21E-01,1.95E-02
96,25852,IDP_T1_FAST_ROIs_L_lingual_gyrus,,mm3,float,1,Volume of grey matter,S,regional and tissue volume,Volume of grey matter in Left Lingual Gyrus,22133,22112,22121,11086,-,-,33219,33192,33204,1.61E-01,1.85E-02
97,25853,IDP_T1_FAST_ROIs_R_lingual_gyrus,,mm3,float,1,Volume of grey matter,S,regional and tissue volume,Volume of grey matter in Right Lingual Gyrus,22133,22112,22121,11086,-,-,33219,33192,33204,2.06E-01,2.14E-02
98,25854,IDP_T1_FAST_ROIs_L_temp_fusif_cortex_ant,,mm3,float,1,Volume of grey matter,S,regional and tissue volume,"Volume of grey matter in Left Temporal Fusiform Cortex, anterior division",22133,22112,22121,11086,-,-,33219,33192,33204,1.37E-01,1.65E-02
99,25855,IDP_T1_FAST_ROIs_R_temp_fusif_cortex_ant,,mm3,float,1,Volume of grey matter,S,regional and tissue volume,"Volume of grey matter in Right Temporal Fusiform Cortex, anterior division",22133,22112,22121,11086,-,-,33219,33192,33204,1.68E-01,1.69E-02
100,25856,IDP_T1_FAST_ROIs_L_temp_fusif_cortex_post,,mm3,float,1,Volume of grey matter,S,regional and tissue volume,"Volume of grey matter in Left Temporal Fusiform Cortex, posterior division",22133,22112,22121,11086,-,-,33219,33192,33204,2.14E-01,2.08E-02
101,25857,IDP_T1_FAST_ROIs_R_temp_fusif_cortex_post,,mm3,float,1,Volume of grey matter,S,regional and tissue volume,"Volume of grey matter in Right Temporal Fusiform Cortex, posterior division",22133,22112,22121,11086,-,-,33219,33192,33204,2.14E-01,1.94E-02
102,25858,IDP_T1_FAST_ROIs_L_temp_occ_fusif_cortex,,mm3,float,1,Volume of grey matter,S,regional and tissue volume,Volume of grey matter in Left Temporal Occipital Fusiform Cortex,22133,22112,22121,11086,-,-,33219,33192,33204,1.54E-01,1.82E-02
103,25859,IDP_T1_FAST_ROIs_R_temp_occ_fusif_cortex,,mm3,float,1,Volume of grey matter,S,regional and tissue volume,Volume of grey matter in Right Temporal Occipital Fusiform Cortex,22133,22112,22121,11086,-,-,33219,33192,33204,1.84E-01,1.83E-02
104,25860,IDP_T1_FAST_ROIs_L_occ_fusif_gyrus,,mm3,float,1,Volume of grey matter,S,regional and tissue volume,Volume of grey matter in Left Occipital Fusiform Gyrus,22133,22112,22121,11086,-,-,33219,33192,33204,1.35E-01,1.78E-02
105,25861,IDP_T1_FAST_ROIs_R_occ_fusif_gyrus,,mm3,float,1,Volume of grey matter,S,regional and tissue volume,Volume of grey matter in Right Occipital Fusiform Gyrus,22133,22112,22121,11086,-,-,33219,33192,33204,1.17E-01,1.69E-02
106,25862,IDP_T1_FAST_ROIs_L_front_operc_cortex,,mm3,float,1,Volume of grey matter,S,regional and tissue volume,Volume of grey matter in Left Frontal Operculum Cortex,22133,22112,22121,11086,-,-,33219,33192,33204,1.39E-01,1.67E-02
107,25863,IDP_T1_FAST_ROIs_R_front_operc_cortex,,mm3,float,1,Volume of grey matter,S,regional and tissue volume,Volume of grey matter in Right Frontal Operculum Cortex,22133,22112,22121,11086,-,-,33219,33192,33204,1.09E-01,1.57E-02
108,25864,IDP_T1_FAST_ROIs_L_cent_operc_cortex,,mm3,float,1,Volume of grey matter,S,regional and tissue volume,Volume of grey matter in Left Central Opercular Cortex,22133,22112,22121,11086,-,-,33219,33192,33204,1.48E-01,1.60E-02
109,25865,IDP_T1_FAST_ROIs_R_cent_operc_cortex,,mm3,float,1,Volume of grey matter,S,regional and tissue volume,Volume of grey matter in Right Central Opercular Cortex,22133,22112,22121,11086,-,-,33219,33192,33204,1.80E-01,1.92E-02
110,25866,IDP_T1_FAST_ROIs_L_parietal_operc_cortex,,mm3,float,1,Volume of grey matter,S,regional and tissue volume,Volume of grey matter in Left Parietal Operculum Cortex,22133,22112,22121,11086,-,-,33219,33192,33204,1.36E-01,1.56E-02
111,25867,IDP_T1_FAST_ROIs_R_parietal_operc_cortex,,mm3,float,1,Volume of grey matter,S,regional and tissue volume,Volume of grey matter in Right Parietal Operculum Cortex,22133,22112,22121,11086,11080,11083,33219,33192,33204,1.72E-01,1.84E-02
112,25868,IDP_T1_FAST_ROIs_L_planum_polare,,mm3,float,1,Volume of grey matter,S,regional and tissue volume,Volume of grey matter in Left Planum Polare,22133,22112,22121,11086,-,-,33219,33192,33204,1.76E-01,1.78E-02
113,25869,IDP_T1_FAST_ROIs_R_planum_polare,,mm3,float,1,Volume of grey matter,S,regional and tissue volume,Volume of grey matter in Right Planum Polare,22133,22112,22121,11086,-,-,33219,33192,33204,1.83E-01,1.96E-02
114,25870,IDP_T1_FAST_ROIs_L_heschl_gyrus,,mm3,float,1,Volume of grey matter,S,regional and tissue volume,Volume of grey matter in Left Heschl's Gyrus (includes H1 and H2),22133,22112,22121,11086,-,-,33219,33192,33204,1.99E-01,1.83E-02
115,25871,IDP_T1_FAST_ROIs_R_heschl_gyrus,,mm3,float,1,Volume of grey matter,S,regional and tissue volume,Volume of grey matter in Right Heschl's Gyrus (includes H1 and H2),22133,22112,22121,11086,-,-,33219,33192,33204,2.12E-01,1.83E-02
116,25872,IDP_T1_FAST_ROIs_L_planum_temporale,,mm3,float,1,Volume of grey matter,S,regional and tissue volume,Volume of grey matter in Left Planum Temporale,22133,22112,22121,11086,-,-,33219,33192,33204,1.76E-01,1.79E-02
117,25873,IDP_T1_FAST_ROIs_R_planum_temporale,,mm3,float,1,Volume of grey matter,S,regional and tissue volume,Volume of grey matter in Right Planum Temporale,22133,22112,22121,11086,-,-,33219,33192,33204,1.92E-01,1.80E-02
118,25874,IDP_T1_FAST_ROIs_L_supracalc_cortex,,mm3,float,1,Volume of grey matter,S,regional and tissue volume,Volume of grey matter in Left Supracalcarine Cortex,22133,22112,22121,11086,-,-,33219,33192,33204,1.83E-01,1.93E-02
119,25875,IDP_T1_FAST_ROIs_R_supracalc_cortex,,mm3,float,1,Volume of grey matter,S,regional and tissue volume,Volume of grey matter in Right Supracalcarine Cortex,22133,22112,22121,11086,-,-,33219,33192,33204,1.86E-01,1.89E-02
120,25876,IDP_T1_FAST_ROIs_L_occ_pole,,mm3,float,1,Volume of grey matter,S,regional and tissue volume,Volume of grey matter in Left Occipital Pole,22133,22112,22121,11086,-,-,33219,33192,33204,1.62E-01,1.87E-02
121,25877,IDP_T1_FAST_ROIs_R_occ_pole,,mm3,float,1,Volume of grey matter,S,regional and tissue volume,Volume of grey matter in Right Occipital Pole,22133,22112,22121,11086,-,-,33219,33192,33204,2.04E-01,1.95E-02
122,25878,IDP_T1_FAST_ROIs_L_thalamus,,mm3,float,1,Volume of grey matter,S,regional and tissue volume,Volume of grey matter in Left Thalamus,22133,22112,22121,11086,-,-,33219,33192,33204,2.70E-01,2.17E-02
123,25879,IDP_T1_FAST_ROIs_R_thalamus,,mm3,float,1,Volume of grey matter,S,regional and tissue volume,Volume of grey matter in Right Thalamus,22133,22112,22121,11086,-,-,33219,33192,33204,2.92E-01,2.02E-02
124,25880,IDP_T1_FAST_ROIs_L_caudate,,mm3,float,1,Volume of grey matter,S,regional and tissue volume,Volume of grey matter in Left Caudate,22133,22112,22121,11086,-,-,33219,33192,33204,2.70E-01,2.17E-02
125,25881,IDP_T1_FAST_ROIs_R_caudate,,mm3,float,1,Volume of grey matter,S,regional and tissue volume,Volume of grey matter in Right Caudate,22133,22112,22121,11086,-,-,33219,33192,33204,2.76E-01,2.25E-02
126,25882,IDP_T1_FAST_ROIs_L_putamen,,mm3,float,1,Volume of grey matter,S,regional and tissue volume,Volume of grey matter in Left Putamen,22133,22112,22121,11086,-,-,33219,33192,33204,2.88E-01,2.88E-02
127,25883,IDP_T1_FAST_ROIs_R_putamen,,mm3,float,1,Volume of grey matter,S,regional and tissue volume,Volume of grey matter in Right Putamen,22133,22112,22121,11086,-,-,33219,33192,33204,2.87E-01,2.96E-02
128,25884,IDP_T1_FAST_ROIs_L_pallidum,,mm3,float,1,Volume of grey matter,S,regional and tissue volume,Volume of grey matter in Left Pallidum,22133,22112,22121,11086,-,-,33219,33192,33204,1.67E-01,1.83E-02
129,25885,IDP_T1_FAST_ROIs_R_pallidum,,mm3,float,1,Volume of grey matter,S,regional and tissue volume,Volume of grey matter in Right Pallidum,22133,22112,22121,11086,-,-,33219,33192,33204,1.65E-01,1.81E-02
130,25886,IDP_T1_FAST_ROIs_L_hippocampus,,mm3,float,1,Volume of grey matter,S,regional and tissue volume,Volume of grey matter in Left Hippocampus,22133,22112,22121,11086,-,-,33219,33192,33204,2.65E-01,2.30E-02
131,25887,IDP_T1_FAST_ROIs_R_hippocampus,,mm3,float,1,Volume of grey matter,S,regional and tissue volume,Volume of grey matter in Right Hippocampus,22133,22112,22121,11086,-,-,33219,33192,33204,2.73E-01,2.48E-02
132,25888,IDP_T1_FAST_ROIs_L_amygdala,,mm3,float,1,Volume of grey matter,S,regional and tissue volume,Volume of grey matter in Left Amygdala,22133,22112,22121,11086,-,-,33219,33192,33204,1.87E-01,1.94E-02
133,25889,IDP_T1_FAST_ROIs_R_amygdala,,mm3,float,1,Volume of grey matter,S,regional and tissue volume,Volume of grey matter in Right Amygdala,22133,22112,22121,11086,-,-,33219,33192,33204,1.66E-01,1.53E-02
134,25890,IDP_T1_FAST_ROIs_L_ventral_striatum,,mm3,float,1,Volume of grey matter,S,regional and tissue volume,Volume of grey matter in Left Ventral Striatum,22133,22112,22121,11086,-,-,33219,33192,33204,2.80E-01,2.92E-02
135,25891,IDP_T1_FAST_ROIs_R_ventral_striatum,,mm3,float,1,Volume of grey matter,S,regional and tissue volume,Volume of grey matter in Right Ventral Striatum,22133,22112,22121,11086,11080,11083,33219,33192,33204,2.76E-01,2.89E-02
136,25892,IDP_T1_FAST_ROIs_brain_stem,,mm3,float,1,Volume of grey matter,S,regional and tissue volume,Volume of grey matter in Brain-Stem,22133,22112,22121,11086,11080,11083,33219,33192,33204,2.51E-01,2.30E-02
137,25893,IDP_T1_FAST_ROIs_L_cerebellum_I-IV,,mm3,float,1,Volume of grey matter,S,regional and tissue volume,Volume of grey matter in Left I-IV Cerebellum,22133,22112,22121,11086,-,-,33219,33192,33204,2.83E-01,2.11E-02
138,25894,IDP_T1_FAST_ROIs_R_cerebellum_I-IV,,mm3,float,1,Volume of grey matter,S,regional and tissue volume,Volume of grey matter in Right I-IV Cerebellum,22133,22112,22121,11086,-,-,33219,33192,33204,2.84E-01,1.99E-02
139,25895,IDP_T1_FAST_ROIs_L_cerebellum_V,,mm3,float,1,Volume of grey matter,S,regional and tissue volume,Volume of grey matter in Left V Cerebellum,22133,22112,22121,11086,-,-,33219,33192,33204,2.80E-01,2.10E-02
140,25896,IDP_T1_FAST_ROIs_R_cerebellum_V,,mm3,float,1,Volume of grey matter,S,regional and tissue volume,Volume of grey matter in Right V Cerebellum,22133,22112,22121,11086,-,-,33219,33192,33204,2.74E-01,2.03E-02
141,25897,IDP_T1_FAST_ROIs_L_cerebellum_VI,,mm3,float,1,Volume of grey matter,S,regional and tissue volume,Volume of grey matter in Left VI Cerebellum,22133,22112,22121,11086,-,-,33219,33192,33204,2.74E-01,2.39E-02
142,25898,IDP_T1_FAST_ROIs_V_cerebellum_VI,,mm3,float,1,Volume of grey matter,S,regional and tissue volume,Volume of grey matter in Vermis VI Cerebellum,22133,22112,22121,11086,-,-,33219,33192,33204,2.58E-01,2.24E-02
143,25899,IDP_T1_FAST_ROIs_R_cerebellum_VI,,mm3,float,1,Volume of grey matter,S,regional and tissue volume,Volume of grey matter in Right VI Cerebellum,22133,22112,22121,11086,-,-,33219,33192,33204,2.69E-01,2.26E-02
144,25900,IDP_T1_FAST_ROIs_L_cerebellum_crus_I,,mm3,float,1,Volume of grey matter,S,regional and tissue volume,Volume of grey matter in Left Crus I Cerebellum,22133,22112,22121,11086,-,-,33219,33192,33204,3.18E-01,2.35E-02
145,25901,IDP_T1_FAST_ROIs_V_cerebellum_crus_I,,mm3,float,1,Volume of grey matter,S,regional and tissue volume,Volume of grey matter in Vermis Crus I Cerebellum,22133,22112,22121,11086,-,-,33219,33192,33204,7.89E-02,1.45E-02
146,25902,IDP_T1_FAST_ROIs_R_cerebellum_crus_I,,mm3,float,1,Volume of grey matter,S,regional and tissue volume,Volume of grey matter in Right Crus I Cerebellum,22133,22112,22121,11086,-,-,33219,33192,33204,3.18E-01,2.45E-02
147,25903,IDP_T1_FAST_ROIs_L_cerebellum_crus_II,,mm3,float,1,Volume of grey matter,S,regional and tissue volume,Volume of grey matter in Left Crus II Cerebellum,22133,22112,22121,11086,-,-,33219,33192,33204,3.02E-01,2.66E-02
148,25904,IDP_T1_FAST_ROIs_V_cerebellum_crus_II,,mm3,float,1,Volume of grey matter,S,regional and tissue volume,Volume of grey matter in Vermis Crus II Cerebellum,22133,22112,22121,11086,-,-,33219,33192,33204,2.32E-01,2.22E-02
149,25905,IDP_T1_FAST_ROIs_R_cerebellum_crus_II,,mm3,float,1,Volume of grey matter,S,regional and tissue volume,Volume of grey matter in Right Crus II Cerebellum,22133,22112,22121,11086,-,-,33219,33192,33204,3.29E-01,3.18E-02
150,25906,IDP_T1_FAST_ROIs_L_cerebellum_VIIb,,mm3,float,1,Volume of grey matter,S,regional and tissue volume,Volume of grey matter in Left VIIb Cerebellum,22133,22112,22121,11086,-,-,33219,33192,33204,2.87E-01,2.63E-02
151,25907,IDP_T1_FAST_ROIs_V_cerebellum_VIIb,,mm3,float,1,Volume of grey matter,S,regional and tissue volume,Volume of grey matter in Vermis VIIb Cerebellum,22133,22112,22121,11086,-,-,33219,33192,33204,2.53E-01,2.11E-02
152,25908,IDP_T1_FAST_ROIs_R_cerebellum_VIIb,,mm3,float,1,Volume of grey matter,S,regional and tissue volume,Volume of grey matter in Right VIIb Cerebellum,22133,22112,22121,11086,-,-,33219,33192,33204,3.14E-01,3.02E-02
153,25909,IDP_T1_FAST_ROIs_L_cerebellum_VIIIa,,mm3,float,1,Volume of grey matter,S,regional and tissue volume,Volume of grey matter in Left VIIIa Cerebellum,22133,22112,22121,11086,-,-,33219,33192,33204,2.79E-01,2.41E-02
154,25910,IDP_T1_FAST_ROIs_V_cerebellum_VIIIa,,mm3,float,1,Volume of grey matter,S,regional and tissue volume,Volume of grey matter in Vermis VIIIa Cerebellum,22133,22112,22121,11086,-,-,33219,33192,33204,3.16E-01,2.50E-02
155,25911,IDP_T1_FAST_ROIs_R_cerebellum_VIIIa,,mm3,float,1,Volume of grey matter,S,regional and tissue volume,Volume of grey matter in Right VIIIa Cerebellum,22133,22112,22121,11086,-,-,33219,33192,33204,2.74E-01,2.61E-02
156,25912,IDP_T1_FAST_ROIs_L_cerebellum_VIIIb,,mm3,float,1,Volume of grey matter,S,regional and tissue volume,Volume of grey matter in Left VIIIb Cerebellum,22133,22112,22121,11086,-,-,33219,33192,33204,2.84E-01,2.39E-02
157,25913,IDP_T1_FAST_ROIs_V_cerebellum_VIIIb,,mm3,float,1,Volume of grey matter,S,regional and tissue volume,Volume of grey matter in Vermis VIIIb Cerebellum,22133,22112,22121,11086,-,-,33219,33192,33204,3.33E-01,2.70E-02
158,25914,IDP_T1_FAST_ROIs_R_cerebellum_VIIIb,,mm3,float,1,Volume of grey matter,S,regional and tissue volume,Volume of grey matter in Right VIIIb Cerebellum,22133,22112,22121,11086,-,-,33219,33192,33204,2.55E-01,2.13E-02
159,25915,IDP_T1_FAST_ROIs_L_cerebellum_IX,,mm3,float,1,Volume of grey matter,S,regional and tissue volume,Volume of grey matter in Left IX Cerebellum,22133,22112,22121,11086,-,-,33219,33192,33204,3.38E-01,2.63E-02
160,25916,IDP_T1_FAST_ROIs_V_cerebellum_IX,,mm3,float,1,Volume of grey matter,S,regional and tissue volume,Volume of grey matter in Vermis IX Cerebellum,22133,22112,22121,11086,-,-,33219,33192,33204,3.10E-01,2.81E-02
161,25917,IDP_T1_FAST_ROIs_R_cerebellum_IX,,mm3,float,1,Volume of grey matter,S,regional and tissue volume,Volume of grey matter in Right IX Cerebellum,22133,22112,22121,11086,-,-,33219,33192,33204,3.35E-01,2.67E-02
162,25918,IDP_T1_FAST_ROIs_L_cerebellum_X,,mm3,float,1,Volume of grey matter,S,regional and tissue volume,Volume of grey matter in Left X Cerebellum,22133,22112,22121,11086,-,-,33219,33192,33204,2.55E-01,2.14E-02
163,25919,IDP_T1_FAST_ROIs_V_cerebellum_X,,mm3,float,1,Volume of grey matter,S,regional and tissue volume,Volume of grey matter in Vermis X Cerebellum,22133,22112,22121,11086,-,-,33219,33192,33204,2.53E-01,2.25E-02
164,25920,IDP_T1_FAST_ROIs_R_cerebellum_X,,mm3,float,1,Volume of grey matter,S,regional and tissue volume,Volume of grey matter in Right X Cerebellum,22133,22112,22121,11086,-,-,33219,33192,33204,2.43E-01,2.02E-02
1326,26501,aseg_global_intensity_3rd-Ventricle,,AU,float,4,Mean intensity,S,regional and tissue intensity,Mean intensity of 3rd-Ventricle in the whole brain generated by subcortical volumetric segmentation (aseg),21282,21262,21270,10686,-,-,31968,31943,31954,1.79E-01,1.97E-02
1327,26502,aseg_global_intensity_4th-Ventricle,,AU,float,4,Mean intensity,S,regional and tissue intensity,Mean intensity of 4th-Ventricle in the whole brain generated by subcortical volumetric segmentation (aseg),21282,21262,21270,10686,-,-,31968,31943,31954,2.42E-01,2.37E-02
1328,26503,aseg_global_intensity_5th-Ventricle,,AU,float,4,Mean intensity,S,regional and tissue intensity,Mean intensity of 5th-Ventricle in the whole brain generated by subcortical volumetric segmentation (aseg),21282,21262,21270,10686,-,-,31968,31943,31954,-4.50E-03,1.34E-02
1329,26504,aseg_global_intensity_Brain-Stem,,AU,float,4,Mean intensity,S,regional and tissue intensity,Mean intensity of Brain-Stem in the whole brain generated by subcortical volumetric segmentation (aseg),21282,21262,21270,10686,-,-,31968,31943,31954,2.13E-01,1.77E-02
1330,26505,aseg_global_intensity_CSF,,AU,float,4,Mean intensity,S,regional and tissue intensity,Mean intensity of CSF in the whole brain generated by subcortical volumetric segmentation (aseg),21282,21262,21270,10686,-,-,31968,31943,31954,1.89E-01,1.91E-02
1331,26506,aseg_global_intensity_WM-hypointensities,,AU,float,4,Mean intensity,S,regional and tissue intensity,Mean intensity of WM-hypointensities in the whole brain generated by subcortical volumetric segmentation (aseg),21282,21262,21270,10686,-,-,31968,31943,31954,1.05E-01,1.77E-02
1332,26507,aseg_global_intensity_non-WM-hypointensities,,AU,float,4,Mean intensity,S,regional and tissue intensity,Mean intensity of non-WM-hypointensities in the whole brain generated by subcortical volumetric segmentation (aseg),21282,21262,21270,10686,-,-,31968,31943,31954,9.40E-03,1.23E-02
1333,26508,aseg_global_intensity_Optic-Chiasm,,AU,float,4,Mean intensity,S,regional and tissue intensity,Mean intensity of Optic-Chiasm in the whole brain generated by subcortical volumetric segmentation (aseg),21282,21262,21270,10686,-,-,31968,31943,31954,1.55E-01,1.93E-02
1334,26509,aseg_global_intensity_CC-Posterior,,AU,float,4,Mean intensity,S,regional and tissue intensity,Mean intensity of CC-Posterior in the whole brain generated by subcortical volumetric segmentation (aseg),21282,21262,21270,10686,-,-,31968,31943,31954,1.68E-01,1.86E-02
1335,26510,aseg_global_intensity_CC-Mid-Posterior,,AU,float,4,Mean intensity,S,regional and tissue intensity,Mean intensity of CC-Mid-Posterior in the whole brain generated by subcortical volumetric segmentation (aseg),21282,21262,21270,10686,-,-,31968,31943,31954,1.88E-01,2.10E-02
1336,26511,aseg_global_intensity_CC-Central,,AU,float,4,Mean intensity,S,regional and tissue intensity,Mean intensity of CC-Central in the whole brain generated by subcortical volumetric segmentation (aseg),21282,21262,21270,10686,-,-,31968,31943,31954,1.49E-01,1.75E-02
1337,26512,aseg_global_intensity_CC-Mid-Anterior,,AU,float,4,Mean intensity,S,regional and tissue intensity,Mean intensity of CC-Mid-Anterior in the whole brain generated by subcortical volumetric segmentation (aseg),21282,21262,21270,10686,-,-,31968,31943,31954,1.26E-01,1.62E-02
1338,26513,aseg_global_intensity_CC-Anterior,,AU,float,4,Mean intensity,S,regional and tissue intensity,Mean intensity of CC-Anterior in the whole brain generated by subcortical volumetric segmentation (aseg),21282,21262,21270,10686,-,-,31968,31943,31954,2.01E-01,1.92E-02
165,26514,aseg_global_volume_BrainSeg,,mm3,float,1,Volume,S,regional and tissue volume,Volume of BrainSeg in the whole brain generated by subcortical volumetric segmentation (aseg),21282,21262,21270,10686,-,-,31968,31943,31954,2.53E-01,2.46E-02
166,26515,aseg_global_volume_BrainSegNotVent,,mm3,float,1,Volume,S,regional and tissue volume,Volume of BrainSegNotVent in the whole brain generated by subcortical volumetric segmentation (aseg),21282,21262,21270,10686,-,-,31968,31943,31954,2.49E-01,2.42E-02
167,26516,aseg_global_volume_BrainSegNotVentSurf,,mm3,float,1,Volume,S,regional and tissue volume,Volume of BrainSegNotVentSurf in the whole brain generated by subcortical volumetric segmentation (aseg),21282,21262,21270,10686,-,-,31968,31943,31954,2.59E-01,2.49E-02
168,26517,aseg_global_volume_SubCortGray,,mm3,float,1,Volume,S,regional and tissue volume,Volume of SubCortGray in the whole brain generated by subcortical volumetric segmentation (aseg),21282,21262,21270,10686,-,-,31968,31943,31954,3.31E-01,2.51E-02
169,26518,aseg_global_volume_TotalGray,,mm3,float,1,Volume,S,regional and tissue volume,Volume of TotalGray in the whole brain generated by subcortical volumetric segmentation (aseg),21282,21262,21270,10686,-,-,31968,31943,31954,2.15E-01,2.04E-02
170,26519,aseg_global_volume_SupraTentorial,,mm3,float,1,Volume,S,regional and tissue volume,Volume of SupraTentorial in the whole brain generated by subcortical volumetric segmentation (aseg),21282,21262,21270,10686,-,-,31968,31943,31954,2.76E-01,2.48E-02
171,26520,aseg_global_volume_SupraTentorialNotVent,,mm3,float,1,Volume,S,regional and tissue volume,Volume of SupraTentorialNotVent in the whole brain generated by subcortical volumetric segmentation (aseg),21282,21262,21270,10686,-,-,31968,31943,31954,2.74E-01,2.42E-02
172,26521,aseg_global_volume_EstimatedTotalIntraCranial,,mm3,float,1,Volume,S,regional and tissue volume,Volume of EstimatedTotalIntraCranial in the whole brain generated by subcortical volumetric segmentation (aseg),21282,21262,21270,10686,-,-,31968,31943,31954,1.75E-01,2.23E-02
173,26522,aseg_global_volume_VentricleChoroid,,mm3,float,1,Volume,S,regional and tissue volume,Volume of VentricleChoroid in the whole brain generated by subcortical volumetric segmentation (aseg),21282,21262,21270,10686,-,-,31968,31943,31954,2.81E-01,2.52E-02
174,26523,aseg_global_volume_3rd-Ventricle,,mm3,float,1,Volume,S,regional and tissue volume,Volume of 3rd-Ventricle in the whole brain generated by subcortical volumetric segmentation (aseg),21282,21262,21270,10686,-,-,31968,31943,31954,2.81E-01,2.45E-02
175,26524,aseg_global_volume_4th-Ventricle,,mm3,float,1,Volume,S,regional and tissue volume,Volume of 4th-Ventricle in the whole brain generated by subcortical volumetric segmentation (aseg),21282,21262,21270,10686,-,-,31968,31943,31954,3.40E-01,2.75E-02
176,26525,aseg_global_volume_5th-Ventricle,,mm3,float,1,Volume,S,regional and tissue volume,Volume of 5th-Ventricle in the whole brain generated by subcortical volumetric segmentation (aseg),21282,21262,21270,10686,10681,10684,31968,31943,31954,-5.00E-03,1.38E-02
177,26526,aseg_global_volume_Brain-Stem,,mm3,float,1,Volume,S,regional and tissue volume,Volume of Brain-Stem in the whole brain generated by subcortical volumetric segmentation (aseg),21282,21262,21270,10686,10681,10684,31968,31943,31954,3.97E-01,3.04E-02
178,26527,aseg_global_volume_CSF,,mm3,float,1,Volume,S,regional and tissue volume,Volume of CSF in the whole brain generated by subcortical volumetric segmentation (aseg),21282,21262,21270,10686,-,-,31968,31943,31954,2.72E-01,2.27E-02
179,26528,aseg_global_volume_WM-hypointensities,,mm3,float,1,Volume,S,regional and tissue volume,Volume of WM-hypointensities in the whole brain generated by subcortical volumetric segmentation (aseg),21282,21262,21270,10686,-,-,31968,31943,31954,2.30E-01,2.28E-02
180,26529,aseg_global_volume_non-WM-hypointensities,,mm3,float,1,Volume,S,regional and tissue volume,Volume of non-WM-hypointensities in the whole brain generated by subcortical volumetric segmentation (aseg),21282,21262,21270,10686,-,-,31968,31943,31954,3.80E-03,1.22E-02
181,26530,aseg_global_volume_Optic-Chiasm,,mm3,float,1,Volume,S,regional and tissue volume,Volume of Optic-Chiasm in the whole brain generated by subcortical volumetric segmentation (aseg),21282,21262,21270,10686,-,-,31968,31943,31954,1.67E-01,2.66E-02
182,26531,aseg_global_volume_CC-Posterior,,mm3,float,1,Volume,S,regional and tissue volume,Volume of CC-Posterior in the whole brain generated by subcortical volumetric segmentation (aseg),21282,21262,21270,10686,-,-,31968,31943,31954,3.35E-01,2.43E-02
183,26532,aseg_global_volume_CC-Mid-Posterior,,mm3,float,1,Volume,S,regional and tissue volume,Volume of CC-Mid-Posterior in the whole brain generated by subcortical volumetric segmentation (aseg),21282,21262,21270,10686,-,-,31968,31943,31954,1.61E-01,1.69E-02
184,26533,aseg_global_volume_CC-Central,,mm3,float,1,Volume,S,regional and tissue volume,Volume of CC-Central in the whole brain generated by subcortical volumetric segmentation (aseg),21282,21262,21270,10686,-,-,31968,31943,31954,2.18E-01,1.68E-02
185,26534,aseg_global_volume_CC-Mid-Anterior,,mm3,float,1,Volume,S,regional and tissue volume,Volume of CC-Mid-Anterior in the whole brain generated by subcortical volumetric segmentation (aseg),21282,21262,21270,10686,-,-,31968,31943,31954,2.21E-01,1.95E-02
186,26535,aseg_global_volume_CC-Anterior,,mm3,float,1,Volume,S,regional and tissue volume,Volume of CC-Anterior in the whole brain generated by subcortical volumetric segmentation (aseg),21282,21262,21270,10686,-,-,31968,31943,31954,2.55E-01,2.24E-02
187,26536,aseg_global_volume-ratio_BrainSegVol-to-eTIV,,ratio,float,1,Volume-ratio,S,regional and tissue volume,Volume-ratio of BrainSegVol-to-eTIV in the whole brain generated by subcortical volumetric segmentation (aseg),21282,21262,21270,10686,-,-,31968,31943,31954,2.34E-01,2.15E-02
188,26537,aseg_global_volume-ratio_MaskVol-to-eTIV,,ratio,float,1,Volume-ratio,S,regional and tissue volume,Volume-ratio of MaskVol-to-eTIV in the whole brain generated by subcortical volumetric segmentation (aseg),21282,21262,21270,10686,-,-,31968,31943,31954,1.03E-01,1.79E-02
1339,26538,aseg_lh_intensity_Lateral-Ventricle,,AU,float,4,Mean intensity,S,regional and tissue intensity,Mean intensity of Lateral-Ventricle in the left hemisphere generated by subcortical volumetric segmentation (aseg),21282,21262,21270,10686,-,-,31968,31943,31954,1.93E-01,1.98E-02
1340,26539,aseg_lh_intensity_Inf-Lat-Vent,,AU,float,4,Mean intensity,S,regional and tissue intensity,Mean intensity of Inf-Lat-Vent in the left hemisphere generated by subcortical volumetric segmentation (aseg),21282,21262,21270,10686,-,-,31968,31943,31954,1.00E-01,1.79E-02
1341,26540,aseg_lh_intensity_Cerebellum-White-Matter,,AU,float,4,Mean intensity,S,regional and tissue intensity,Mean intensity of Cerebellum-White-Matter in the left hemisphere generated by subcortical volumetric segmentation (aseg),21282,21262,21270,10686,-,-,31968,31943,31954,1.19E-01,1.99E-02
1342,26541,aseg_lh_intensity_Cerebellum-Cortex,,AU,float,4,Mean intensity,S,regional and tissue intensity,Mean intensity of Cerebellum-Cortex in the left hemisphere generated by subcortical volumetric segmentation (aseg),21282,21262,21270,10686,-,-,31968,31943,31954,2.30E-01,2.13E-02
1343,26542,aseg_lh_intensity_Thalamus-Proper,,AU,float,4,Mean intensity,S,regional and tissue intensity,Mean intensity of Thalamus-Proper in the left hemisphere generated by subcortical volumetric segmentation (aseg),21282,21262,21270,10685,-,-,31967,31942,31953,2.62E-01,2.28E-02
1344,26543,aseg_lh_intensity_Caudate,,AU,float,4,Mean intensity,S,regional and tissue intensity,Mean intensity of Caudate in the left hemisphere generated by subcortical volumetric segmentation (aseg),21282,21262,21270,10686,-,-,31968,31943,31954,2.30E-01,2.21E-02
1345,26544,aseg_lh_intensity_Putamen,,AU,float,4,Mean intensity,S,regional and tissue intensity,Mean intensity of Putamen in the left hemisphere generated by subcortical volumetric segmentation (aseg),21282,21262,21270,10686,-,-,31968,31943,31954,2.48E-01,2.69E-02
1346,26545,aseg_lh_intensity_Pallidum,,AU,float,4,Mean intensity,S,regional and tissue intensity,Mean intensity of Pallidum in the left hemisphere generated by subcortical volumetric segmentation (aseg),21282,21262,21270,10686,-,-,31968,31943,31954,1.89E-01,2.23E-02
1347,26546,aseg_lh_intensity_Hippocampus,,AU,float,4,Mean intensity,S,regional and tissue intensity,Mean intensity of Hippocampus in the left hemisphere generated by subcortical volumetric segmentation (aseg),21282,21262,21270,10686,-,-,31968,31943,31954,1.64E-01,1.80E-02
1348,26547,aseg_lh_intensity_Amygdala,,AU,float,4,Mean intensity,S,regional and tissue intensity,Mean intensity of Amygdala in the left hemisphere generated by subcortical volumetric segmentation (aseg),21282,21262,21270,10686,-,-,31968,31943,31954,1.33E-01,1.61E-02
1349,26548,aseg_lh_intensity_Accumbens-area,,AU,float,4,Mean intensity,S,regional and tissue intensity,Mean intensity of Accumbens-area in the left hemisphere generated by subcortical volumetric segmentation (aseg),21282,21262,21270,10686,-,-,31968,31943,31954,2.42E-01,2.68E-02
1350,26549,aseg_lh_intensity_VentralDC,,AU,float,4,Mean intensity,S,regional and tissue intensity,Mean intensity of VentralDC in the left hemisphere generated by subcortical volumetric segmentation (aseg),21282,21262,21270,10686,-,-,31968,31943,31954,1.36E-01,1.76E-02
1351,26550,aseg_lh_intensity_vessel,,AU,float,4,Mean intensity,S,regional and tissue intensity,Mean intensity of vessel in the left hemisphere generated by subcortical volumetric segmentation (aseg),21282,21262,21270,10686,-,-,31968,31943,31954,3.61E-02,1.38E-02
1352,26551,aseg_lh_intensity_choroid-plexus,,AU,float,4,Mean intensity,S,regional and tissue intensity,Mean intensity of choroid-plexus in the left hemisphere generated by subcortical volumetric segmentation (aseg),21282,21262,21270,10686,-,-,31968,31943,31954,1.73E-01,1.97E-02
189,26552,aseg_lh_volume_Cortex,,mm3,float,1,Volume,S,regional and tissue volume,Volume of Cortex in the left hemisphere generated by subcortical volumetric segmentation (aseg),21282,21262,21270,10686,-,-,31968,31943,31954,2.07E-01,1.94E-02
190,26553,aseg_lh_volume_CerebralWhiteMatter,,mm3,float,1,Volume,S,regional and tissue volume,Volume of CerebralWhiteMatter in the left hemisphere generated by subcortical volumetric segmentation (aseg),21282,21262,21270,10686,-,-,31968,31943,31954,3.35E-01,2.73E-02
191,26554,aseg_lh_volume_Lateral-Ventricle,,mm3,float,1,Volume,S,regional and tissue volume,Volume of Lateral-Ventricle in the left hemisphere generated by subcortical volumetric segmentation (aseg),21282,21262,21270,10686,-,-,31968,31943,31954,2.74E-01,2.44E-02
192,26555,aseg_lh_volume_Inf-Lat-Vent,,mm3,float,1,Volume,S,regional and tissue volume,Volume of Inf-Lat-Vent in the left hemisphere generated by subcortical volumetric segmentation (aseg),21282,21262,21270,10686,-,-,31968,31943,31954,1.40E-01,1.82E-02
193,26556,aseg_lh_volume_Cerebellum-White-Matter,,mm3,float,1,Volume,S,regional and tissue volume,Volume of Cerebellum-White-Matter in the left hemisphere generated by subcortical volumetric segmentation (aseg),21282,21262,21270,10686,-,-,31968,31943,31954,3.22E-01,2.79E-02
194,26557,aseg_lh_volume_Cerebellum-Cortex,,mm3,float,1,Volume,S,regional and tissue volume,Volume of Cerebellum-Cortex in the left hemisphere generated by subcortical volumetric segmentation (aseg),21282,21262,21270,10686,-,-,31968,31943,31954,3.54E-01,2.89E-02
195,26558,aseg_lh_volume_Thalamus-Proper,,mm3,float,1,Volume,S,regional and tissue volume,Volume of Thalamus-Proper in the left hemisphere generated by subcortical volumetric segmentation (aseg),21282,21262,21270,10685,-,-,31967,31942,31953,2.78E-01,2.37E-02
196,26559,aseg_lh_volume_Caudate,,mm3,float,1,Volume,S,regional and tissue volume,Volume of Caudate in the left hemisphere generated by subcortical volumetric segmentation (aseg),21282,21262,21270,10686,-,-,31968,31943,31954,3.49E-01,2.66E-02
197,26560,aseg_lh_volume_Putamen,,mm3,float,1,Volume,S,regional and tissue volume,Volume of Putamen in the left hemisphere generated by subcortical volumetric segmentation (aseg),21282,21262,21270,10686,-,-,31968,31943,31954,3.21E-01,2.74E-02
198,26561,aseg_lh_volume_Pallidum,,mm3,float,1,Volume,S,regional and tissue volume,Volume of Pallidum in the left hemisphere generated by subcortical volumetric segmentation (aseg),21282,21262,21270,10686,-,-,31968,31943,31954,3.03E-01,2.22E-02
199,26562,aseg_lh_volume_Hippocampus,,mm3,float,1,Volume,S,regional and tissue volume,Volume of Hippocampus in the left hemisphere generated by subcortical volumetric segmentation (aseg),21282,21262,21270,10686,-,-,31968,31943,31954,2.64E-01,2.31E-02
200,26563,aseg_lh_volume_Amygdala,,mm3,float,1,Volume,S,regional and tissue volume,Volume of Amygdala in the left hemisphere generated by subcortical volumetric segmentation (aseg),21282,21262,21270,10686,-,-,31968,31943,31954,2.24E-01,1.88E-02
201,26564,aseg_lh_volume_Accumbens-area,,mm3,float,1,Volume,S,regional and tissue volume,Volume of Accumbens-area in the left hemisphere generated by subcortical volumetric segmentation (aseg),21282,21262,21270,10686,-,-,31968,31943,31954,2.37E-01,2.18E-02
202,26565,aseg_lh_volume_VentralDC,,mm3,float,1,Volume,S,regional and tissue volume,Volume of VentralDC in the left hemisphere generated by subcortical volumetric segmentation (aseg),21282,21262,21270,10686,10681,10684,31968,31943,31954,3.12E-01,2.82E-02
203,26566,aseg_lh_volume_vessel,,mm3,float,1,Volume,S,regional and tissue volume,Volume of vessel in the left hemisphere generated by subcortical volumetric segmentation (aseg),21282,21262,21270,10686,-,-,31968,31943,31954,1.06E-01,1.61E-02
204,26567,aseg_lh_volume_choroid-plexus,,mm3,float,1,Volume,S,regional and tissue volume,Volume of choroid-plexus in the left hemisphere generated by subcortical volumetric segmentation (aseg),21282,21262,21270,10686,-,-,31968,31943,31954,2.39E-01,2.12E-02
205,26568,aseg_lh_number_HolesBeforeFixing,,count,int,1,Number of HolesBeforeFixing,S,regional and tissue volume,Number of HolesBeforeFixing in the left hemisphere generated by subcortical volumetric segmentation (aseg),21282,21262,21270,10686,-,-,31968,31943,31954,1.55E-01,1.92E-02
1353,26569,aseg_rh_intensity_Lateral-Ventricle,,AU,float,4,Mean intensity,S,regional and tissue intensity,Mean intensity of Lateral-Ventricle in the right hemisphere generated by subcortical volumetric segmentation (aseg),21282,21262,21270,10686,-,-,31968,31943,31954,1.96E-01,2.01E-02
1354,26570,aseg_rh_intensity_Inf-Lat-Vent,,AU,float,4,Mean intensity,S,regional and tissue intensity,Mean intensity of Inf-Lat-Vent in the right hemisphere generated by subcortical volumetric segmentation (aseg),21282,21262,21270,10686,-,-,31968,31943,31954,1.05E-01,1.79E-02
1355,26571,aseg_rh_intensity_Cerebellum-White-Matter,,AU,float,4,Mean intensity,S,regional and tissue intensity,Mean intensity of Cerebellum-White-Matter in the right hemisphere generated by subcortical volumetric segmentation (aseg),21282,21262,21270,10686,-,-,31968,31943,31954,1.10E-01,2.47E-02
1356,26572,aseg_rh_intensity_Cerebellum-Cortex,,AU,float,4,Mean intensity,S,regional and tissue intensity,Mean intensity of Cerebellum-Cortex in the right hemisphere generated by subcortical volumetric segmentation (aseg),21282,21262,21270,10686,-,-,31968,31943,31954,2.25E-01,2.11E-02
1357,26573,aseg_rh_intensity_Thalamus-Proper,,AU,float,4,Mean intensity,S,regional and tissue intensity,Mean intensity of Thalamus-Proper in the right hemisphere generated by subcortical volumetric segmentation (aseg),21282,21262,21270,10685,-,-,31967,31942,31953,2.77E-01,2.29E-02
1358,26574,aseg_rh_intensity_Caudate,,AU,float,4,Mean intensity,S,regional and tissue intensity,Mean intensity of Caudate in the right hemisphere generated by subcortical volumetric segmentation (aseg),21282,21262,21270,10686,-,-,31968,31943,31954,2.22E-01,2.14E-02
1359,26575,aseg_rh_intensity_Putamen,,AU,float,4,Mean intensity,S,regional and tissue intensity,Mean intensity of Putamen in the right hemisphere generated by subcortical volumetric segmentation (aseg),21282,21262,21270,10686,-,-,31968,31943,31954,2.62E-01,3.13E-02
1360,26576,aseg_rh_intensity_Pallidum,,AU,float,4,Mean intensity,S,regional and tissue intensity,Mean intensity of Pallidum in the right hemisphere generated by subcortical volumetric segmentation (aseg),21282,21262,21270,10686,-,-,31968,31943,31954,2.14E-01,2.43E-02
1361,26577,aseg_rh_intensity_Hippocampus,,AU,float,4,Mean intensity,S,regional and tissue intensity,Mean intensity of Hippocampus in the right hemisphere generated by subcortical volumetric segmentation (aseg),21282,21262,21270,10686,-,-,31968,31943,31954,1.94E-01,1.72E-02
1362,26578,aseg_rh_intensity_Amygdala,,AU,float,4,Mean intensity,S,regional and tissue intensity,Mean intensity of Amygdala in the right hemisphere generated by subcortical volumetric segmentation (aseg),21282,21262,21270,10686,-,-,31968,31943,31954,1.51E-01,1.75E-02
1363,26579,aseg_rh_intensity_Accumbens-area,,AU,float,4,Mean intensity,S,regional and tissue intensity,Mean intensity of Accumbens-area in the right hemisphere generated by subcortical volumetric segmentation (aseg),21282,21262,21270,10686,-,-,31968,31943,31954,2.56E-01,3.05E-02
1364,26580,aseg_rh_intensity_VentralDC,,AU,float,4,Mean intensity,S,regional and tissue intensity,Mean intensity of VentralDC in the right hemisphere generated by subcortical volumetric segmentation (aseg),21282,21262,21270,10686,-,-,31968,31943,31954,1.40E-01,1.77E-02
1365,26581,aseg_rh_intensity_vessel,,AU,float,4,Mean intensity,S,regional and tissue intensity,Mean intensity of vessel in the right hemisphere generated by subcortical volumetric segmentation (aseg),21282,21262,21270,10686,-,-,31968,31943,31954,5.49E-02,1.61E-02
1366,26582,aseg_rh_intensity_choroid-plexus,,AU,float,4,Mean intensity,S,regional and tissue intensity,Mean intensity of choroid-plexus in the right hemisphere generated by subcortical volumetric segmentation (aseg),21282,21262,21270,10686,-,-,31968,31943,31954,1.78E-01,2.19E-02
206,26583,aseg_rh_volume_Cortex,,mm3,float,1,Volume,S,regional and tissue volume,Volume of Cortex in the right hemisphere generated by subcortical volumetric segmentation (aseg),21282,21262,21270,10686,-,-,31968,31943,31954,1.92E-01,1.85E-02
207,26584,aseg_rh_volume_CerebralWhiteMatter,,mm3,float,1,Volume,S,regional and tissue volume,Volume of CerebralWhiteMatter in the right hemisphere generated by subcortical volumetric segmentation (aseg),21282,21262,21270,10686,-,-,31968,31943,31954,3.42E-01,2.82E-02
208,26585,aseg_rh_volume_Lateral-Ventricle,,mm3,float,1,Volume,S,regional and tissue volume,Volume of Lateral-Ventricle in the right hemisphere generated by subcortical volumetric segmentation (aseg),21282,21262,21270,10686,-,-,31968,31943,31954,2.63E-01,2.48E-02
209,26586,aseg_rh_volume_Inf-Lat-Vent,,mm3,float,1,Volume,S,regional and tissue volume,Volume of Inf-Lat-Vent in the right hemisphere generated by subcortical volumetric segmentation (aseg),21282,21262,21270,10686,-,-,31968,31943,31954,1.28E-01,1.60E-02
210,26587,aseg_rh_volume_Cerebellum-White-Matter,,mm3,float,1,Volume,S,regional and tissue volume,Volume of Cerebellum-White-Matter in the right hemisphere generated by subcortical volumetric segmentation (aseg),21282,21262,21270,10686,-,-,31968,31943,31954,2.95E-01,2.62E-02
211,26588,aseg_rh_volume_Cerebellum-Cortex,,mm3,float,1,Volume,S,regional and tissue volume,Volume of Cerebellum-Cortex in the right hemisphere generated by subcortical volumetric segmentation (aseg),21282,21262,21270,10686,-,-,31968,31943,31954,3.50E-01,3.01E-02
212,26589,aseg_rh_volume_Thalamus-Proper,,mm3,float,1,Volume,S,regional and tissue volume,Volume of Thalamus-Proper in the right hemisphere generated by subcortical volumetric segmentation (aseg),21282,21262,21270,10685,-,-,31967,31942,31953,3.06E-01,2.40E-02
213,26590,aseg_rh_volume_Caudate,,mm3,float,1,Volume,S,regional and tissue volume,Volume of Caudate in the right hemisphere generated by subcortical volumetric segmentation (aseg),21282,21262,21270,10686,-,-,31968,31943,31954,3.35E-01,2.61E-02
214,26591,aseg_rh_volume_Putamen,,mm3,float,1,Volume,S,regional and tissue volume,Volume of Putamen in the right hemisphere generated by subcortical volumetric segmentation (aseg),21282,21262,21270,10686,-,-,31968,31943,31954,3.38E-01,2.71E-02
215,26592,aseg_rh_volume_Pallidum,,mm3,float,1,Volume,S,regional and tissue volume,Volume of Pallidum in the right hemisphere generated by subcortical volumetric segmentation (aseg),21282,21262,21270,10686,-,-,31968,31943,31954,3.17E-01,2.20E-02
216,26593,aseg_rh_volume_Hippocampus,,mm3,float,1,Volume,S,regional and tissue volume,Volume of Hippocampus in the right hemisphere generated by subcortical volumetric segmentation (aseg),21282,21262,21270,10686,-,-,31968,31943,31954,2.88E-01,2.44E-02
217,26594,aseg_rh_volume_Amygdala,,mm3,float,1,Volume,S,regional and tissue volume,Volume of Amygdala in the right hemisphere generated by subcortical volumetric segmentation (aseg),21282,21262,21270,10686,-,-,31968,31943,31954,2.36E-01,2.17E-02
218,26595,aseg_rh_volume_Accumbens-area,,mm3,float,1,Volume,S,regional and tissue volume,Volume of Accumbens-area in the right hemisphere generated by subcortical volumetric segmentation (aseg),21282,21262,21270,10686,-,-,31968,31943,31954,2.56E-01,2.37E-02
219,26596,aseg_rh_volume_VentralDC,,mm3,float,1,Volume,S,regional and tissue volume,Volume of VentralDC in the right hemisphere generated by subcortical volumetric segmentation (aseg),21282,21262,21270,10686,-,-,31968,31943,31954,3.31E-01,2.68E-02
220,26597,aseg_rh_volume_vessel,,mm3,float,1,Volume,S,regional and tissue volume,Volume of vessel in the right hemisphere generated by subcortical volumetric segmentation (aseg),21282,21262,21270,10686,-,-,31968,31943,31954,1.04E-01,1.87E-02
221,26598,aseg_rh_volume_choroid-plexus,,mm3,float,1,Volume,S,regional and tissue volume,Volume of choroid-plexus in the right hemisphere generated by subcortical volumetric segmentation (aseg),21282,21262,21270,10686,-,-,31968,31943,31954,2.17E-01,2.11E-02
222,26599,aseg_rh_number_HolesBeforeFixing,,count,int,1,Number of HolesBeforeFixing,S,regional and tissue volume,Number of HolesBeforeFixing in the right hemisphere generated by subcortical volumetric segmentation (aseg),21282,21262,21270,10686,-,-,31968,31943,31954,1.32E-01,2.07E-02
223,26600,AmygNuclei_lh_volume_Lateral-nucleus,,mm3,float,1,Volume,S,regional and tissue volume,Volume of Lateral-nucleus in the left hemisphere generated by subcortical volumetric sub-segmentation of the Amygdala Nuclei,21282,21262,21270,10686,-,-,31968,31943,31954,2.35E-01,2.02E-02
224,26601,AmygNuclei_lh_volume_Basal-nucleus,,mm3,float,1,Volume,S,regional and tissue volume,Volume of Basal-nucleus in the left hemisphere generated by subcortical volumetric sub-segmentation of the Amygdala Nuclei,21282,21262,21270,10686,-,-,31968,31943,31954,1.96E-01,1.73E-02
225,26602,AmygNuclei_lh_volume_Accessory-Basal-nucleus,,mm3,float,1,Volume,S,regional and tissue volume,Volume of Accessory-Basal-nucleus in the left hemisphere generated by subcortical volumetric sub-segmentation of the Amygdala Nuclei,21282,21262,21270,10686,-,-,31968,31943,31954,1.72E-01,1.71E-02
226,26603,AmygNuclei_lh_volume_Anterior-amygdaloid-area-AAA,,mm3,float,1,Volume,S,regional and tissue volume,Volume of Anterior-amygdaloid-area-AAA in the left hemisphere generated by subcortical volumetric sub-segmentation of the Amygdala Nuclei,21282,21262,21270,10686,-,-,31968,31943,31954,1.86E-01,1.88E-02
227,26604,AmygNuclei_lh_volume_Central-nucleus,,mm3,float,1,Volume,S,regional and tissue volume,Volume of Central-nucleus in the left hemisphere generated by subcortical volumetric sub-segmentation of the Amygdala Nuclei,21282,21262,21270,10686,-,-,31968,31943,31954,1.38E-01,1.85E-02
228,26605,AmygNuclei_lh_volume_Medial-nucleus,,mm3,float,1,Volume,S,regional and tissue volume,Volume of Medial-nucleus in the left hemisphere generated by subcortical volumetric sub-segmentation of the Amygdala Nuclei,21282,21262,21270,10686,-,-,31968,31943,31954,1.37E-01,1.68E-02
229,26606,AmygNuclei_lh_volume_Cortical-nucleus,,mm3,float,1,Volume,S,regional and tissue volume,Volume of Cortical-nucleus in the left hemisphere generated by subcortical volumetric sub-segmentation of the Amygdala Nuclei,21282,21262,21270,10686,-,-,31968,31943,31954,1.43E-01,1.80E-02
230,26607,AmygNuclei_lh_volume_Corticoamygdaloid-transitio,,mm3,float,1,Volume,S,regional and tissue volume,Volume of Corticoamygdaloid-transitio in the left hemisphere generated by subcortical volumetric sub-segmentation of the Amygdala Nuclei,21282,21262,21270,10686,-,-,31968,31943,31954,1.51E-01,1.75E-02
231,26608,AmygNuclei_lh_volume_Paralaminar-nucleus,,mm3,float,1,Volume,S,regional and tissue volume,Volume of Paralaminar-nucleus in the left hemisphere generated by subcortical volumetric sub-segmentation of the Amygdala Nuclei,21282,21262,21270,10686,-,-,31968,31943,31954,1.77E-01,1.81E-02
232,26609,AmygNuclei_lh_volume_Whole-amygdala,,mm3,float,1,Volume,S,regional and tissue volume,Volume of Whole-amygdala in the left hemisphere generated by subcortical volumetric sub-segmentation of the Amygdala Nuclei,21282,21262,21270,10686,-,-,31968,31943,31954,2.21E-01,1.81E-02
233,26610,AmygNuclei_rh_volume_Lateral-nucleus,,mm3,float,1,Volume,S,regional and tissue volume,Volume of Lateral-nucleus in the right hemisphere generated by subcortical volumetric sub-segmentation of the Amygdala Nuclei,21282,21262,21270,10686,-,-,31968,31943,31954,2.63E-01,2.29E-02
234,26611,AmygNuclei_rh_volume_Basal-nucleus,,mm3,float,1,Volume,S,regional and tissue volume,Volume of Basal-nucleus in the right hemisphere generated by subcortical volumetric sub-segmentation of the Amygdala Nuclei,21282,21262,21270,10686,-,-,31968,31943,31954,2.31E-01,2.00E-02
235,26612,AmygNuclei_rh_volume_Accessory-Basal-nucleus,,mm3,float,1,Volume,S,regional and tissue volume,Volume of Accessory-Basal-nucleus in the right hemisphere generated by subcortical volumetric sub-segmentation of the Amygdala Nuclei,21282,21262,21270,10686,-,-,31968,31943,31954,1.97E-01,1.95E-02
236,26613,AmygNuclei_rh_volume_Anterior-amygdaloid-area-AAA,,mm3,float,1,Volume,S,regional and tissue volume,Volume of Anterior-amygdaloid-area-AAA in the right hemisphere generated by subcortical volumetric sub-segmentation of the Amygdala Nuclei,21282,21262,21270,10686,-,-,31968,31943,31954,1.97E-01,1.89E-02
237,26614,AmygNuclei_rh_volume_Central-nucleus,,mm3,float,1,Volume,S,regional and tissue volume,Volume of Central-nucleus in the right hemisphere generated by subcortical volumetric sub-segmentation of the Amygdala Nuclei,21282,21262,21270,10686,-,-,31968,31943,31954,1.56E-01,2.05E-02
238,26615,AmygNuclei_rh_volume_Medial-nucleus,,mm3,float,1,Volume,S,regional and tissue volume,Volume of Medial-nucleus in the right hemisphere generated by subcortical volumetric sub-segmentation of the Amygdala Nuclei,21282,21262,21270,10686,-,-,31968,31943,31954,1.46E-01,2.00E-02
239,26616,AmygNuclei_rh_volume_Cortical-nucleus,,mm3,float,1,Volume,S,regional and tissue volume,Volume of Cortical-nucleus in the right hemisphere generated by subcortical volumetric sub-segmentation of the Amygdala Nuclei,21282,21262,21270,10686,-,-,31968,31943,31954,1.71E-01,2.07E-02
240,26617,AmygNuclei_rh_volume_Corticoamygdaloid-transitio,,mm3,float,1,Volume,S,regional and tissue volume,Volume of Corticoamygdaloid-transitio in the right hemisphere generated by subcortical volumetric sub-segmentation of the Amygdala Nuclei,21282,21262,21270,10686,-,-,31968,31943,31954,1.66E-01,2.06E-02
241,26618,AmygNuclei_rh_volume_Paralaminar-nucleus,,mm3,float,1,Volume,S,regional and tissue volume,Volume of Paralaminar-nucleus in the right hemisphere generated by subcortical volumetric sub-segmentation of the Amygdala Nuclei,21282,21262,21270,10686,-,-,31968,31943,31954,1.90E-01,2.11E-02
242,26619,AmygNuclei_rh_volume_Whole-amygdala,,mm3,float,1,Volume,S,regional and tissue volume,Volume of Whole-amygdala in the right hemisphere generated by subcortical volumetric sub-segmentation of the Amygdala Nuclei,21282,21262,21270,10686,-,-,31968,31943,31954,2.43E-01,2.03E-02
243,26620,HippSubfield_lh_volume_Hippocampal-tail,,mm3,float,1,Volume,S,regional and tissue volume,Volume of Hippocampal-tail in the left hemisphere generated by subcortical volumetric sub-segmentation of the Hippocampal Subfields,21282,21262,21270,10686,-,-,31968,31943,31954,2.18E-01,2.52E-02
244,26621,HippSubfield_lh_volume_subiculum-body,,mm3,float,1,Volume,S,regional and tissue volume,Volume of subiculum-body in the left hemisphere generated by subcortical volumetric sub-segmentation of the Hippocampal Subfields,21282,21262,21270,10686,10681,10684,31968,31943,31954,2.01E-01,3.13E-02
245,26622,HippSubfield_lh_volume_CA1-body,,mm3,float,1,Volume,S,regional and tissue volume,Volume of CA1-body in the left hemisphere generated by subcortical volumetric sub-segmentation of the Hippocampal Subfields,21282,21262,21270,10686,-,-,31968,31943,31954,2.35E-01,2.15E-02
246,26623,HippSubfield_lh_volume_subiculum-head,,mm3,float,1,Volume,S,regional and tissue volume,Volume of subiculum-head in the left hemisphere generated by subcortical volumetric sub-segmentation of the Hippocampal Subfields,21282,21262,21270,10686,-,-,31968,31943,31954,2.20E-01,1.88E-02
247,26624,HippSubfield_lh_volume_hippocampal-fissure,,mm3,float,1,Volume,S,regional and tissue volume,Volume of hippocampal-fissure in the left hemisphere generated by subcortical volumetric sub-segmentation of the Hippocampal Subfields,21282,21262,21270,10686,-,-,31968,31943,31954,1.44E-01,2.09E-02
248,26625,HippSubfield_lh_volume_presubiculum-head,,mm3,float,1,Volume,S,regional and tissue volume,Volume of presubiculum-head in the left hemisphere generated by subcortical volumetric sub-segmentation of the Hippocampal Subfields,21282,21262,21270,10686,-,-,31968,31943,31954,1.39E-01,1.79E-02
249,26626,HippSubfield_lh_volume_CA1-head,,mm3,float,1,Volume,S,regional and tissue volume,Volume of CA1-head in the left hemisphere generated by subcortical volumetric sub-segmentation of the Hippocampal Subfields,21282,21262,21270,10686,-,-,31968,31943,31954,2.37E-01,2.17E-02
250,26627,HippSubfield_lh_volume_presubiculum-body,,mm3,float,1,Volume,S,regional and tissue volume,Volume of presubiculum-body in the left hemisphere generated by subcortical volumetric sub-segmentation of the Hippocampal Subfields,21282,21262,21270,10686,-,-,31968,31943,31954,2.23E-01,2.23E-02
251,26628,HippSubfield_lh_volume_parasubiculum,,mm3,float,1,Volume,S,regional and tissue volume,Volume of parasubiculum in the left hemisphere generated by subcortical volumetric sub-segmentation of the Hippocampal Subfields,21282,21262,21270,10686,-,-,31968,31943,31954,1.30E-01,1.68E-02
252,26629,HippSubfield_lh_volume_molecular-layer-HP-head,,mm3,float,1,Volume,S,regional and tissue volume,Volume of molecular-layer-HP-head in the left hemisphere generated by subcortical volumetric sub-segmentation of the Hippocampal Subfields,21282,21262,21270,10686,-,-,31968,31943,31954,1.91E-01,2.02E-02
253,26630,HippSubfield_lh_volume_molecular-layer-HP-body,,mm3,float,1,Volume,S,regional and tissue volume,Volume of molecular-layer-HP-body in the left hemisphere generated by subcortical volumetric sub-segmentation of the Hippocampal Subfields,21282,21262,21270,10686,-,-,31968,31943,31954,1.50E-01,1.73E-02
254,26631,HippSubfield_lh_volume_GC-ML-DG-head,,mm3,float,1,Volume,S,regional and tissue volume,Volume of GC-ML-DG-head in the left hemisphere generated by subcortical volumetric sub-segmentation of the Hippocampal Subfields,21282,21262,21270,10686,-,-,31968,31943,31954,2.19E-01,2.16E-02
255,26632,HippSubfield_lh_volume_CA3-body,,mm3,float,1,Volume,S,regional and tissue volume,Volume of CA3-body in the left hemisphere generated by subcortical volumetric sub-segmentation of the Hippocampal Subfields,21282,21262,21270,10686,-,-,31968,31943,31954,2.17E-01,2.27E-02
256,26633,HippSubfield_lh_volume_GC-ML-DG-body,,mm3,float,1,Volume,S,regional and tissue volume,Volume of GC-ML-DG-body in the left hemisphere generated by subcortical volumetric sub-segmentation of the Hippocampal Subfields,21282,21262,21270,10686,-,-,31968,31943,31954,2.13E-01,2.48E-02
257,26634,HippSubfield_lh_volume_CA4-head,,mm3,float,1,Volume,S,regional and tissue volume,Volume of CA4-head in the left hemisphere generated by subcortical volumetric sub-segmentation of the Hippocampal Subfields,21282,21262,21270,10686,-,-,31968,31943,31954,2.12E-01,2.15E-02
258,26635,HippSubfield_lh_volume_CA4-body,,mm3,float,1,Volume,S,regional and tissue volume,Volume of CA4-body in the left hemisphere generated by subcortical volumetric sub-segmentation of the Hippocampal Subfields,21282,21262,21270,10686,-,-,31968,31943,31954,2.27E-01,2.41E-02
259,26636,HippSubfield_lh_volume_fimbria,,mm3,float,1,Volume,S,regional and tissue volume,Volume of fimbria in the left hemisphere generated by subcortical volumetric sub-segmentation of the Hippocampal Subfields,21282,21262,21270,10686,-,-,31968,31943,31954,1.53E-01,1.87E-02
260,26637,HippSubfield_lh_volume_CA3-head,,mm3,float,1,Volume,S,regional and tissue volume,Volume of CA3-head in the left hemisphere generated by subcortical volumetric sub-segmentation of the Hippocampal Subfields,21282,21262,21270,10686,-,-,31968,31943,31954,2.38E-01,2.20E-02
261,26638,HippSubfield_lh_volume_HATA,,mm3,float,1,Volume,S,regional and tissue volume,Volume of HATA in the left hemisphere generated by subcortical volumetric sub-segmentation of the Hippocampal Subfields,21282,21262,21270,10686,-,-,31968,31943,31954,1.31E-01,1.86E-02
262,26639,HippSubfield_lh_volume_Whole-hippocampal-body,,mm3,float,1,Volume,S,regional and tissue volume,Volume of Whole-hippocampal-body in the left hemisphere generated by subcortical volumetric sub-segmentation of the Hippocampal Subfields,21282,21262,21270,10686,-,-,31968,31943,31954,2.43E-01,2.72E-02
263,26640,HippSubfield_lh_volume_Whole-hippocampal-head,,mm3,float,1,Volume,S,regional and tissue volume,Volume of Whole-hippocampal-head in the left hemisphere generated by subcortical volumetric sub-segmentation of the Hippocampal Subfields,21282,21262,21270,10686,-,-,31968,31943,31954,2.57E-01,2.33E-02
264,26641,HippSubfield_lh_volume_Whole-hippocampus,,mm3,float,1,Volume,S,regional and tissue volume,Volume of Whole-hippocampus in the left hemisphere generated by subcortical volumetric sub-segmentation of the Hippocampal Subfields,21282,21262,21270,10686,-,-,31968,31943,31954,2.75E-01,2.51E-02
265,26642,HippSubfield_rh_volume_Hippocampal-tail,,mm3,float,1,Volume,S,regional and tissue volume,Volume of Hippocampal-tail in the right hemisphere generated by subcortical volumetric sub-segmentation of the Hippocampal Subfields,21282,21262,21270,10686,-,-,31968,31943,31954,2.47E-01,2.46E-02
266,26643,HippSubfield_rh_volume_subiculum-body,,mm3,float,1,Volume,S,regional and tissue volume,Volume of subiculum-body in the right hemisphere generated by subcortical volumetric sub-segmentation of the Hippocampal Subfields,21282,21262,21270,10686,-,-,31968,31943,31954,2.38E-01,2.43E-02
267,26644,HippSubfield_rh_volume_CA1-body,,mm3,float,1,Volume,S,regional and tissue volume,Volume of CA1-body in the right hemisphere generated by subcortical volumetric sub-segmentation of the Hippocampal Subfields,21282,21262,21270,10686,-,-,31968,31943,31954,2.10E-01,1.92E-02
268,26645,HippSubfield_rh_volume_subiculum-head,,mm3,float,1,Volume,S,regional and tissue volume,Volume of subiculum-head in the right hemisphere generated by subcortical volumetric sub-segmentation of the Hippocampal Subfields,21282,21262,21270,10686,-,-,31968,31943,31954,2.48E-01,2.21E-02
269,26646,HippSubfield_rh_volume_hippocampal-fissure,,mm3,float,1,Volume,S,regional and tissue volume,Volume of hippocampal-fissure in the right hemisphere generated by subcortical volumetric sub-segmentation of the Hippocampal Subfields,21282,21262,21270,10686,-,-,31968,31943,31954,1.78E-01,1.92E-02
270,26647,HippSubfield_rh_volume_presubiculum-head,,mm3,float,1,Volume,S,regional and tissue volume,Volume of presubiculum-head in the right hemisphere generated by subcortical volumetric sub-segmentation of the Hippocampal Subfields,21282,21262,21270,10686,-,-,31968,31943,31954,1.88E-01,1.88E-02
271,26648,HippSubfield_rh_volume_CA1-head,,mm3,float,1,Volume,S,regional and tissue volume,Volume of CA1-head in the right hemisphere generated by subcortical volumetric sub-segmentation of the Hippocampal Subfields,21282,21262,21270,10686,-,-,31968,31943,31954,2.56E-01,2.30E-02
272,26649,HippSubfield_rh_volume_presubiculum-body,,mm3,float,1,Volume,S,regional and tissue volume,Volume of presubiculum-body in the right hemisphere generated by subcortical volumetric sub-segmentation of the Hippocampal Subfields,21282,21262,21270,10686,-,-,31968,31943,31954,2.21E-01,1.84E-02
273,26650,HippSubfield_rh_volume_parasubiculum,,mm3,float,1,Volume,S,regional and tissue volume,Volume of parasubiculum in the right hemisphere generated by subcortical volumetric sub-segmentation of the Hippocampal Subfields,21282,21262,21270,10686,-,-,31968,31943,31954,1.26E-01,1.58E-02
274,26651,HippSubfield_rh_volume_molecular-layer-HP-head,,mm3,float,1,Volume,S,regional and tissue volume,Volume of molecular-layer-HP-head in the right hemisphere generated by subcortical volumetric sub-segmentation of the Hippocampal Subfields,21282,21262,21270,10686,-,-,31968,31943,31954,2.01E-01,1.97E-02
275,26652,HippSubfield_rh_volume_molecular-layer-HP-body,,mm3,float,1,Volume,S,regional and tissue volume,Volume of molecular-layer-HP-body in the right hemisphere generated by subcortical volumetric sub-segmentation of the Hippocampal Subfields,21282,21262,21270,10686,-,-,31968,31943,31954,1.78E-01,2.17E-02
276,26653,HippSubfield_rh_volume_GC-ML-DG-head,,mm3,float,1,Volume,S,regional and tissue volume,Volume of GC-ML-DG-head in the right hemisphere generated by subcortical volumetric sub-segmentation of the Hippocampal Subfields,21282,21262,21270,10686,-,-,31968,31943,31954,2.42E-01,2.18E-02
277,26654,HippSubfield_rh_volume_CA3-body,,mm3,float,1,Volume,S,regional and tissue volume,Volume of CA3-body in the right hemisphere generated by subcortical volumetric sub-segmentation of the Hippocampal Subfields,21282,21262,21270,10686,-,-,31968,31943,31954,2.11E-01,2.12E-02
278,26655,HippSubfield_rh_volume_GC-ML-DG-body,,mm3,float,1,Volume,S,regional and tissue volume,Volume of GC-ML-DG-body in the right hemisphere generated by subcortical volumetric sub-segmentation of the Hippocampal Subfields,21282,21262,21270,10686,-,-,31968,31943,31954,2.15E-01,2.34E-02
279,26656,HippSubfield_rh_volume_CA4-head,,mm3,float,1,Volume,S,regional and tissue volume,Volume of CA4-head in the right hemisphere generated by subcortical volumetric sub-segmentation of the Hippocampal Subfields,21282,21262,21270,10686,-,-,31968,31943,31954,2.23E-01,2.15E-02
280,26657,HippSubfield_rh_volume_CA4-body,,mm3,float,1,Volume,S,regional and tissue volume,Volume of CA4-body in the right hemisphere generated by subcortical volumetric sub-segmentation of the Hippocampal Subfields,21282,21262,21270,10686,-,-,31968,31943,31954,2.27E-01,2.63E-02
281,26658,HippSubfield_rh_volume_fimbria,,mm3,float,1,Volume,S,regional and tissue volume,Volume of fimbria in the right hemisphere generated by subcortical volumetric sub-segmentation of the Hippocampal Subfields,21282,21262,21270,10686,-,-,31968,31943,31954,1.46E-01,1.85E-02
282,26659,HippSubfield_rh_volume_CA3-head,,mm3,float,1,Volume,S,regional and tissue volume,Volume of CA3-head in the right hemisphere generated by subcortical volumetric sub-segmentation of the Hippocampal Subfields,21282,21262,21270,10686,-,-,31968,31943,31954,2.31E-01,2.18E-02
283,26660,HippSubfield_rh_volume_HATA,,mm3,float,1,Volume,S,regional and tissue volume,Volume of HATA in the right hemisphere generated by subcortical volumetric sub-segmentation of the Hippocampal Subfields,21282,21262,21270,10686,-,-,31968,31943,31954,1.45E-01,1.73E-02
284,26661,HippSubfield_rh_volume_Whole-hippocampal-body,,mm3,float,1,Volume,S,regional and tissue volume,Volume of Whole-hippocampal-body in the right hemisphere generated by subcortical volumetric sub-segmentation of the Hippocampal Subfields,21282,21262,21270,10686,-,-,31968,31943,31954,2.66E-01,2.50E-02
285,26662,HippSubfield_rh_volume_Whole-hippocampal-head,,mm3,float,1,Volume,S,regional and tissue volume,Volume of Whole-hippocampal-head in the right hemisphere generated by subcortical volumetric sub-segmentation of the Hippocampal Subfields,21282,21262,21270,10686,-,-,31968,31943,31954,2.80E-01,2.52E-02
286,26663,HippSubfield_rh_volume_Whole-hippocampus,,mm3,float,1,Volume,S,regional and tissue volume,Volume of Whole-hippocampus in the right hemisphere generated by subcortical volumetric sub-segmentation of the Hippocampal Subfields,21282,21262,21270,10686,-,-,31968,31943,31954,3.02E-01,2.67E-02
287,26664,ThalamNuclei_lh_volume_MGN,,mm3,float,1,Volume,S,regional and tissue volume,Volume of MGN in the left hemisphere generated by subcortical volumetric sub-segmentation of the Thalamic Nuclei,21282,21262,21270,10686,-,-,31968,31943,31954,1.72E-01,1.93E-02
288,26665,ThalamNuclei_lh_volume_LGN,,mm3,float,1,Volume,S,regional and tissue volume,Volume of LGN in the left hemisphere generated by subcortical volumetric sub-segmentation of the Thalamic Nuclei,21282,21262,21270,10686,-,-,31968,31943,31954,1.65E-01,1.85E-02
289,26666,ThalamNuclei_lh_volume_PuI,,mm3,float,1,Volume,S,regional and tissue volume,Volume of PuI in the left hemisphere generated by subcortical volumetric sub-segmentation of the Thalamic Nuclei,21282,21262,21270,10686,-,-,31968,31943,31954,2.17E-01,1.74E-02
290,26667,ThalamNuclei_lh_volume_PuM,,mm3,float,1,Volume,S,regional and tissue volume,Volume of PuM in the left hemisphere generated by subcortical volumetric sub-segmentation of the Thalamic Nuclei,21282,21262,21270,10686,-,-,31968,31943,31954,2.28E-01,2.01E-02
291,26668,ThalamNuclei_lh_volume_L-Sg,,mm3,float,1,Volume,S,regional and tissue volume,Volume of L-Sg in the left hemisphere generated by subcortical volumetric sub-segmentation of the Thalamic Nuclei,21282,21262,21270,10686,-,-,31968,31943,31954,1.99E-01,1.99E-02
292,26669,ThalamNuclei_lh_volume_VPL,,mm3,float,1,Volume,S,regional and tissue volume,Volume of VPL in the left hemisphere generated by subcortical volumetric sub-segmentation of the Thalamic Nuclei,21282,21262,21270,10686,-,-,31968,31943,31954,2.38E-01,2.06E-02
293,26670,ThalamNuclei_lh_volume_CM,,mm3,float,1,Volume,S,regional and tissue volume,Volume of CM in the left hemisphere generated by subcortical volumetric sub-segmentation of the Thalamic Nuclei,21282,21262,21270,10686,-,-,31968,31943,31954,2.77E-01,2.39E-02
294,26671,ThalamNuclei_lh_volume_VLa,,mm3,float,1,Volume,S,regional and tissue volume,Volume of VLa in the left hemisphere generated by subcortical volumetric sub-segmentation of the Thalamic Nuclei,21282,21262,21270,10686,-,-,31968,31943,31954,3.33E-01,2.51E-02
295,26672,ThalamNuclei_lh_volume_PuA,,mm3,float,1,Volume,S,regional and tissue volume,Volume of PuA in the left hemisphere generated by subcortical volumetric sub-segmentation of the Thalamic Nuclei,21282,21262,21270,10686,-,-,31968,31943,31954,1.99E-01,1.95E-02
296,26673,ThalamNuclei_lh_volume_MDm,,mm3,float,1,Volume,S,regional and tissue volume,Volume of MDm in the left hemisphere generated by subcortical volumetric sub-segmentation of the Thalamic Nuclei,21282,21262,21270,10686,-,-,31968,31943,31954,2.06E-01,2.00E-02
297,26674,ThalamNuclei_lh_volume_Pf,,mm3,float,1,Volume,S,regional and tissue volume,Volume of Pf in the left hemisphere generated by subcortical volumetric sub-segmentation of the Thalamic Nuclei,21282,21262,21270,10686,-,-,31968,31943,31954,2.28E-01,2.17E-02
298,26675,ThalamNuclei_lh_volume_VAmc,,mm3,float,1,Volume,S,regional and tissue volume,Volume of VAmc in the left hemisphere generated by subcortical volumetric sub-segmentation of the Thalamic Nuclei,21282,21262,21270,10686,-,-,31968,31943,31954,2.50E-01,2.34E-02
299,26676,ThalamNuclei_lh_volume_MDl,,mm3,float,1,Volume,S,regional and tissue volume,Volume of MDl in the left hemisphere generated by subcortical volumetric sub-segmentation of the Thalamic Nuclei,21282,21262,21270,10686,-,-,31968,31943,31954,2.13E-01,2.02E-02
300,26677,ThalamNuclei_lh_volume_CeM,,mm3,float,1,Volume,S,regional and tissue volume,Volume of CeM in the left hemisphere generated by subcortical volumetric sub-segmentation of the Thalamic Nuclei,21282,21262,21270,10686,-,-,31968,31943,31954,2.52E-01,2.09E-02
301,26678,ThalamNuclei_lh_volume_VA,,mm3,float,1,Volume,S,regional and tissue volume,Volume of VA in the left hemisphere generated by subcortical volumetric sub-segmentation of the Thalamic Nuclei,21282,21262,21270,10686,-,-,31968,31943,31954,2.88E-01,2.17E-02
302,26679,ThalamNuclei_lh_volume_MV(Re),,mm3,float,1,Volume,S,regional and tissue volume,Volume of MV(Re) in the left hemisphere generated by subcortical volumetric sub-segmentation of the Thalamic Nuclei,21282,21262,21270,10686,-,-,31968,31943,31954,2.17E-01,1.95E-02
303,26680,ThalamNuclei_lh_volume_VM,,mm3,float,1,Volume,S,regional and tissue volume,Volume of VM in the left hemisphere generated by subcortical volumetric sub-segmentation of the Thalamic Nuclei,21282,21262,21270,10686,-,-,31968,31943,31954,2.28E-01,2.03E-02
304,26681,ThalamNuclei_lh_volume_CL,,mm3,float,1,Volume,S,regional and tissue volume,Volume of CL in the left hemisphere generated by subcortical volumetric sub-segmentation of the Thalamic Nuclei,21282,21262,21270,10686,-,-,31968,31943,31954,2.21E-01,1.92E-02
305,26682,ThalamNuclei_lh_volume_PuL,,mm3,float,1,Volume,S,regional and tissue volume,Volume of PuL in the left hemisphere generated by subcortical volumetric sub-segmentation of the Thalamic Nuclei,21282,21262,21270,10686,-,-,31968,31943,31954,2.22E-01,1.93E-02
306,26683,ThalamNuclei_lh_volume_Pt,,mm3,float,1,Volume,S,regional and tissue volume,Volume of Pt in the left hemisphere generated by subcortical volumetric sub-segmentation of the Thalamic Nuclei,21282,21262,21270,10686,-,-,31968,31943,31954,1.94E-01,1.79E-02
307,26684,ThalamNuclei_lh_volume_AV,,mm3,float,1,Volume,S,regional and tissue volume,Volume of AV in the left hemisphere generated by subcortical volumetric sub-segmentation of the Thalamic Nuclei,21282,21262,21270,10686,-,-,31968,31943,31954,2.12E-01,1.82E-02
308,26685,ThalamNuclei_lh_volume_Pc,,mm3,float,1,Volume,S,regional and tissue volume,Volume of Pc in the left hemisphere generated by subcortical volumetric sub-segmentation of the Thalamic Nuclei,21282,21262,21270,10686,-,-,31968,31943,31954,2.20E-01,2.43E-02
309,26686,ThalamNuclei_lh_volume_VLp,,mm3,float,1,Volume,S,regional and tissue volume,Volume of VLp in the left hemisphere generated by subcortical volumetric sub-segmentation of the Thalamic Nuclei,21282,21262,21270,10686,-,-,31968,31943,31954,3.29E-01,2.48E-02
310,26687,ThalamNuclei_lh_volume_LP,,mm3,float,1,Volume,S,regional and tissue volume,Volume of LP in the left hemisphere generated by subcortical volumetric sub-segmentation of the Thalamic Nuclei,21282,21262,21270,10686,-,-,31968,31943,31954,2.73E-01,1.97E-02
311,26688,ThalamNuclei_rh_volume_LGN,,mm3,float,1,Volume,S,regional and tissue volume,Volume of LGN in the right hemisphere generated by subcortical volumetric sub-segmentation of the Thalamic Nuclei,21282,21262,21270,10686,-,-,31968,31943,31954,1.85E-01,1.81E-02
312,26689,ThalamNuclei_rh_volume_MGN,,mm3,float,1,Volume,S,regional and tissue volume,Volume of MGN in the right hemisphere generated by subcortical volumetric sub-segmentation of the Thalamic Nuclei,21282,21262,21270,10686,-,-,31968,31943,31954,1.91E-01,1.83E-02
313,26690,ThalamNuclei_rh_volume_PuI,,mm3,float,1,Volume,S,regional and tissue volume,Volume of PuI in the right hemisphere generated by subcortical volumetric sub-segmentation of the Thalamic Nuclei,21282,21262,21270,10686,-,-,31968,31943,31954,2.48E-01,2.04E-02
314,26691,ThalamNuclei_rh_volume_PuM,,mm3,float,1,Volume,S,regional and tissue volume,Volume of PuM in the right hemisphere generated by subcortical volumetric sub-segmentation of the Thalamic Nuclei,21282,21262,21270,10686,-,-,31968,31943,31954,2.69E-01,2.11E-02
315,26692,ThalamNuclei_rh_volume_L-Sg,,mm3,float,1,Volume,S,regional and tissue volume,Volume of L-Sg in the right hemisphere generated by subcortical volumetric sub-segmentation of the Thalamic Nuclei,21282,21262,21270,10686,-,-,31968,31943,31954,1.62E-01,2.02E-02
316,26693,ThalamNuclei_rh_volume_VPL,,mm3,float,1,Volume,S,regional and tissue volume,Volume of VPL in the right hemisphere generated by subcortical volumetric sub-segmentation of the Thalamic Nuclei,21282,21262,21270,10686,-,-,31968,31943,31954,2.67E-01,2.14E-02
317,26694,ThalamNuclei_rh_volume_CM,,mm3,float,1,Volume,S,regional and tissue volume,Volume of CM in the right hemisphere generated by subcortical volumetric sub-segmentation of the Thalamic Nuclei,21282,21262,21270,10686,-,-,31968,31943,31954,2.75E-01,2.39E-02
318,26695,ThalamNuclei_rh_volume_VLa,,mm3,float,1,Volume,S,regional and tissue volume,Volume of VLa in the right hemisphere generated by subcortical volumetric sub-segmentation of the Thalamic Nuclei,21282,21262,21270,10686,-,-,31968,31943,31954,3.45E-01,2.52E-02
319,26696,ThalamNuclei_rh_volume_PuA,,mm3,float,1,Volume,S,regional and tissue volume,Volume of PuA in the right hemisphere generated by subcortical volumetric sub-segmentation of the Thalamic Nuclei,21282,21262,21270,10686,-,-,31968,31943,31954,2.22E-01,1.94E-02
320,26697,ThalamNuclei_rh_volume_MDm,,mm3,float,1,Volume,S,regional and tissue volume,Volume of MDm in the right hemisphere generated by subcortical volumetric sub-segmentation of the Thalamic Nuclei,21282,21262,21270,10686,-,-,31968,31943,31954,2.15E-01,2.06E-02
321,26698,ThalamNuclei_rh_volume_Pf,,mm3,float,1,Volume,S,regional and tissue volume,Volume of Pf in the right hemisphere generated by subcortical volumetric sub-segmentation of the Thalamic Nuclei,21282,21262,21270,10686,-,-,31968,31943,31954,2.25E-01,2.32E-02
322,26699,ThalamNuclei_rh_volume_VAmc,,mm3,float,1,Volume,S,regional and tissue volume,Volume of VAmc in the right hemisphere generated by subcortical volumetric sub-segmentation of the Thalamic Nuclei,21282,21262,21270,10686,-,-,31968,31943,31954,2.61E-01,2.28E-02
323,26700,ThalamNuclei_rh_volume_MDl,,mm3,float,1,Volume,S,regional and tissue volume,Volume of MDl in the right hemisphere generated by subcortical volumetric sub-segmentation of the Thalamic Nuclei,21282,21262,21270,10686,-,-,31968,31943,31954,2.07E-01,2.04E-02
324,26701,ThalamNuclei_rh_volume_VA,,mm3,float,1,Volume,S,regional and tissue volume,Volume of VA in the right hemisphere generated by subcortical volumetric sub-segmentation of the Thalamic Nuclei,21282,21262,21270,10686,-,-,31968,31943,31954,2.99E-01,2.31E-02
325,26702,ThalamNuclei_rh_volume_MV(Re),,mm3,float,1,Volume,S,regional and tissue volume,Volume of MV(Re) in the right hemisphere generated by subcortical volumetric sub-segmentation of the Thalamic Nuclei,21282,21262,21270,10686,-,-,31968,31943,31954,1.91E-01,1.98E-02
326,26703,ThalamNuclei_rh_volume_CeM,,mm3,float,1,Volume,S,regional and tissue volume,Volume of CeM in the right hemisphere generated by subcortical volumetric sub-segmentation of the Thalamic Nuclei,21282,21262,21270,10686,-,-,31968,31943,31954,2.38E-01,2.10E-02
327,26704,ThalamNuclei_rh_volume_VM,,mm3,float,1,Volume,S,regional and tissue volume,Volume of VM in the right hemisphere generated by subcortical volumetric sub-segmentation of the Thalamic Nuclei,21282,21262,21270,10686,-,-,31968,31943,31954,2.69E-01,2.35E-02
328,26705,ThalamNuclei_rh_volume_PuL,,mm3,float,1,Volume,S,regional and tissue volume,Volume of PuL in the right hemisphere generated by subcortical volumetric sub-segmentation of the Thalamic Nuclei,21282,21262,21270,10686,-,-,31968,31943,31954,2.30E-01,2.07E-02
329,26706,ThalamNuclei_rh_volume_CL,,mm3,float,1,Volume,S,regional and tissue volume,Volume of CL in the right hemisphere generated by subcortical volumetric sub-segmentation of the Thalamic Nuclei,21282,21262,21270,10686,-,-,31968,31943,31954,2.01E-01,1.73E-02
330,26707,ThalamNuclei_rh_volume_VLp,,mm3,float,1,Volume,S,regional and tissue volume,Volume of VLp in the right hemisphere generated by subcortical volumetric sub-segmentation of the Thalamic Nuclei,21282,21262,21270,10686,-,-,31968,31943,31954,3.35E-01,2.45E-02
331,26708,ThalamNuclei_rh_volume_Pc,,mm3,float,1,Volume,S,regional and tissue volume,Volume of Pc in the right hemisphere generated by subcortical volumetric sub-segmentation of the Thalamic Nuclei,21282,21262,21270,10686,-,-,31968,31943,31954,2.13E-01,2.06E-02
332,26709,ThalamNuclei_rh_volume_Pt,,mm3,float,1,Volume,S,regional and tissue volume,Volume of Pt in the right hemisphere generated by subcortical volumetric sub-segmentation of the Thalamic Nuclei,21282,21262,21270,10686,-,-,31968,31943,31954,2.16E-01,1.92E-02
333,26710,ThalamNuclei_rh_volume_AV,,mm3,float,1,Volume,S,regional and tissue volume,Volume of AV in the right hemisphere generated by subcortical volumetric sub-segmentation of the Thalamic Nuclei,21282,21262,21270,10686,-,-,31968,31943,31954,1.90E-01,1.83E-02
334,26711,ThalamNuclei_rh_volume_LP,,mm3,float,1,Volume,S,regional and tissue volume,Volume of LP in the right hemisphere generated by subcortical volumetric sub-segmentation of the Thalamic Nuclei,21282,21262,21270,10686,-,-,31968,31943,31954,2.83E-01,2.14E-02
335,26712,ThalamNuclei_lh_volume_LD,,mm3,float,1,Volume,S,regional and tissue volume,Volume of LD in the left hemisphere generated by subcortical volumetric sub-segmentation of the Thalamic Nuclei,21282,21262,21270,10686,-,-,31968,31943,31954,2.47E-01,2.07E-02
336,26713,ThalamNuclei_rh_volume_LD,,mm3,float,1,Volume,S,regional and tissue volume,Volume of LD in the right hemisphere generated by subcortical volumetric sub-segmentation of the Thalamic Nuclei,21282,21262,21270,10686,-,-,31968,31943,31954,2.50E-01,1.86E-02
337,26714,ThalamNuclei_lh_volume_Whole-thalamus,,mm3,float,1,Volume,S,regional and tissue volume,Volume of Whole-thalamus in the left hemisphere generated by subcortical volumetric sub-segmentation of the Thalamic Nuclei,21282,21262,21270,10686,-,-,31968,31943,31954,2.94E-01,2.29E-02
338,26715,ThalamNuclei_rh_volume_Whole-thalamus,,mm3,float,1,Volume,S,regional and tissue volume,Volume of Whole-thalamus in the right hemisphere generated by subcortical volumetric sub-segmentation of the Thalamic Nuclei,21282,21262,21270,10686,-,-,31968,31943,31954,3.24E-01,2.29E-02
339,26716,Brainstem_global_volume_Medulla,,mm3,float,1,Volume,S,regional and tissue volume,Volume of Medulla in the whole brain generated by subcortical volumetric sub-segmentation of the Brainstem,21282,21262,21270,10686,-,-,31968,31943,31954,4.03E-01,2.97E-02
340,26717,Brainstem_global_volume_Pons,,mm3,float,1,Volume,S,regional and tissue volume,Volume of Pons in the whole brain generated by subcortical volumetric sub-segmentation of the Brainstem,21282,21262,21270,10686,10681,10684,31968,31943,31954,4.04E-01,3.18E-02
341,26718,Brainstem_global_volume_SCP,,mm3,float,1,Volume,S,regional and tissue volume,Volume of SCP in the whole brain generated by subcortical volumetric sub-segmentation of the Brainstem,21282,21262,21270,10686,-,-,31968,31943,31954,2.48E-01,2.08E-02
342,26719,Brainstem_global_volume_Midbrain,,mm3,float,1,Volume,S,regional and tissue volume,Volume of Midbrain in the whole brain generated by subcortical volumetric sub-segmentation of the Brainstem,21282,21262,21270,10686,-,-,31968,31943,31954,3.69E-01,2.94E-02
343,26720,Brainstem_global_volume_Whole-brainstem,,mm3,float,1,Volume,S,regional and tissue volume,Volume of Whole-brainstem in the whole brain generated by subcortical volumetric sub-segmentation of the Brainstem,21282,21262,21270,10686,10681,10684,31968,31943,31954,4.05E-01,3.11E-02
648,26721,aparc-Desikan_lh_area_TotalSurface,,mm2,float,2,Area,S,cortical area,Area of TotalSurface in the left hemisphere generated by parcellation of the white surface using Desikan-Killiany parcellation,21282,21262,21270,10686,-,-,31968,31943,31954,3.14E-01,2.36E-02
649,26722,aparc-Desikan_lh_area_bankssts,,mm2,float,2,Area,S,cortical area,Area of bankssts in the left hemisphere generated by parcellation of the white surface using Desikan-Killiany parcellation,21282,21262,21270,10686,-,-,31968,31943,31954,1.62E-01,1.75E-02
650,26723,aparc-Desikan_lh_area_caudalanteriorcingulate,,mm2,float,2,Area,S,cortical area,Area of caudalanteriorcingulate in the left hemisphere generated by parcellation of the white surface using Desikan-Killiany parcellation,21282,21262,21270,10685,-,-,31967,31942,31953,1.14E-01,1.63E-02
651,26724,aparc-Desikan_lh_area_caudalmiddlefrontal,,mm2,float,2,Area,S,cortical area,Area of caudalmiddlefrontal in the left hemisphere generated by parcellation of the white surface using Desikan-Killiany parcellation,21282,21262,21270,10686,-,-,31968,31943,31954,1.81E-01,2.33E-02
652,26725,aparc-Desikan_lh_area_cuneus,,mm2,float,2,Area,S,cortical area,Area of cuneus in the left hemisphere generated by parcellation of the white surface using Desikan-Killiany parcellation,21282,21262,21270,10686,-,-,31968,31943,31954,2.72E-01,2.36E-02
653,26726,aparc-Desikan_lh_area_entorhinal,,mm2,float,2,Area,S,cortical area,Area of entorhinal in the left hemisphere generated by parcellation of the white surface using Desikan-Killiany parcellation,21281,21261,21269,10686,-,-,31967,31942,31953,1.76E-01,1.92E-02
654,26727,aparc-Desikan_lh_area_fusiform,,mm2,float,2,Area,S,cortical area,Area of fusiform in the left hemisphere generated by parcellation of the white surface using Desikan-Killiany parcellation,21282,21262,21270,10686,-,-,31968,31943,31954,1.86E-01,1.90E-02
655,26728,aparc-Desikan_lh_area_inferiorparietal,,mm2,float,2,Area,S,cortical area,Area of inferiorparietal in the left hemisphere generated by parcellation of the white surface using Desikan-Killiany parcellation,21282,21262,21270,10686,-,-,31968,31943,31954,2.05E-01,1.77E-02
656,26729,aparc-Desikan_lh_area_inferiortemporal,,mm2,float,2,Area,S,cortical area,Area of inferiortemporal in the left hemisphere generated by parcellation of the white surface using Desikan-Killiany parcellation,21282,21262,21270,10686,-,-,31968,31943,31954,2.00E-01,1.79E-02
657,26730,aparc-Desikan_lh_area_isthmuscingulate,,mm2,float,2,Area,S,cortical area,Area of isthmuscingulate in the left hemisphere generated by parcellation of the white surface using Desikan-Killiany parcellation,21281,21261,21269,10686,-,-,31967,31942,31953,1.99E-01,2.10E-02
658,26731,aparc-Desikan_lh_area_lateraloccipital,,mm2,float,2,Area,S,cortical area,Area of lateraloccipital in the left hemisphere generated by parcellation of the white surface using Desikan-Killiany parcellation,21282,21262,21270,10686,10681,10684,31968,31943,31954,2.14E-01,2.14E-02
659,26732,aparc-Desikan_lh_area_lateralorbitofrontal,,mm2,float,2,Area,S,cortical area,Area of lateralorbitofrontal in the left hemisphere generated by parcellation of the white surface using Desikan-Killiany parcellation,21282,21262,21270,10685,-,-,31967,31942,31953,2.69E-01,2.21E-02
660,26733,aparc-Desikan_lh_area_lingual,,mm2,float,2,Area,S,cortical area,Area of lingual in the left hemisphere generated by parcellation of the white surface using Desikan-Killiany parcellation,21282,21262,21270,10686,-,-,31968,31943,31954,2.56E-01,2.30E-02
661,26734,aparc-Desikan_lh_area_medialorbitofrontal,,mm2,float,2,Area,S,cortical area,Area of medialorbitofrontal in the left hemisphere generated by parcellation of the white surface using Desikan-Killiany parcellation,21282,21262,21270,10686,-,-,31968,31943,31954,1.16E-01,1.84E-02
662,26735,aparc-Desikan_lh_area_middletemporal,,mm2,float,2,Area,S,cortical area,Area of middletemporal in the left hemisphere generated by parcellation of the white surface using Desikan-Killiany parcellation,21282,21262,21270,10686,-,-,31968,31943,31954,2.29E-01,2.01E-02
663,26736,aparc-Desikan_lh_area_parahippocampal,,mm2,float,2,Area,S,cortical area,Area of parahippocampal in the left hemisphere generated by parcellation of the white surface using Desikan-Killiany parcellation,21282,21262,21270,10686,-,-,31968,31943,31954,1.64E-01,1.93E-02
664,26737,aparc-Desikan_lh_area_paracentral,,mm2,float,2,Area,S,cortical area,Area of paracentral in the left hemisphere generated by parcellation of the white surface using Desikan-Killiany parcellation,21282,21262,21270,10686,-,-,31968,31943,31954,2.16E-01,2.07E-02
665,26738,aparc-Desikan_lh_area_parsopercularis,,mm2,float,2,Area,S,cortical area,Area of parsopercularis in the left hemisphere generated by parcellation of the white surface using Desikan-Killiany parcellation,21282,21262,21270,10686,-,-,31968,31943,31954,1.43E-01,1.64E-02
666,26739,aparc-Desikan_lh_area_parsorbitalis,,mm2,float,2,Area,S,cortical area,Area of parsorbitalis in the left hemisphere generated by parcellation of the white surface using Desikan-Killiany parcellation,21282,21262,21270,10685,-,-,31967,31942,31953,1.66E-01,1.96E-02
667,26740,aparc-Desikan_lh_area_parstriangularis,,mm2,float,2,Area,S,cortical area,Area of parstriangularis in the left hemisphere generated by parcellation of the white surface using Desikan-Killiany parcellation,21282,21262,21270,10686,-,-,31968,31943,31954,1.78E-01,1.97E-02
668,26741,aparc-Desikan_lh_area_pericalcarine,,mm2,float,2,Area,S,cortical area,Area of pericalcarine in the left hemisphere generated by parcellation of the white surface using Desikan-Killiany parcellation,21282,21262,21270,10686,10681,10684,31968,31943,31954,3.24E-01,2.89E-02
669,26742,aparc-Desikan_lh_area_postcentral,,mm2,float,2,Area,S,cortical area,Area of postcentral in the left hemisphere generated by parcellation of the white surface using Desikan-Killiany parcellation,21282,21262,21270,10686,-,-,31968,31943,31954,1.79E-01,1.96E-02
670,26743,aparc-Desikan_lh_area_posteriorcingulate,,mm2,float,2,Area,S,cortical area,Area of posteriorcingulate in the left hemisphere generated by parcellation of the white surface using Desikan-Killiany parcellation,21281,21261,21269,10686,-,-,31967,31942,31953,1.67E-01,3.50E-02
671,26744,aparc-Desikan_lh_area_precentral,,mm2,float,2,Area,S,cortical area,Area of precentral in the left hemisphere generated by parcellation of the white surface using Desikan-Killiany parcellation,21282,21262,21270,10686,-,-,31968,31943,31954,2.35E-01,2.64E-02
672,26745,aparc-Desikan_lh_area_precuneus,,mm2,float,2,Area,S,cortical area,Area of precuneus in the left hemisphere generated by parcellation of the white surface using Desikan-Killiany parcellation,21282,21262,21270,10686,-,-,31968,31943,31954,2.61E-01,2.31E-02
673,26746,aparc-Desikan_lh_area_rostralanteriorcingulate,,mm2,float,2,Area,S,cortical area,Area of rostralanteriorcingulate in the left hemisphere generated by parcellation of the white surface using Desikan-Killiany parcellation,21282,21262,21270,10685,-,-,31967,31942,31953,1.77E-01,1.84E-02
674,26747,aparc-Desikan_lh_area_rostralmiddlefrontal,,mm2,float,2,Area,S,cortical area,Area of rostralmiddlefrontal in the left hemisphere generated by parcellation of the white surface using Desikan-Killiany parcellation,21282,21262,21270,10686,10681,10684,31968,31943,31954,2.51E-01,1.92E-02
675,26748,aparc-Desikan_lh_area_superiorfrontal,,mm2,float,2,Area,S,cortical area,Area of superiorfrontal in the left hemisphere generated by parcellation of the white surface using Desikan-Killiany parcellation,21282,21262,21270,10686,10681,10684,31968,31943,31954,2.43E-01,2.58E-02
676,26749,aparc-Desikan_lh_area_superiorparietal,,mm2,float,2,Area,S,cortical area,Area of superiorparietal in the left hemisphere generated by parcellation of the white surface using Desikan-Killiany parcellation,21282,21262,21270,10686,-,-,31968,31943,31954,2.11E-01,2.00E-02
677,26750,aparc-Desikan_lh_area_superiortemporal,,mm2,float,2,Area,S,cortical area,Area of superiortemporal in the left hemisphere generated by parcellation of the white surface using Desikan-Killiany parcellation,21282,21262,21270,10686,-,-,31968,31943,31954,2.73E-01,3.79E-02
678,26751,aparc-Desikan_lh_area_supramarginal,,mm2,float,2,Area,S,cortical area,Area of supramarginal in the left hemisphere generated by parcellation of the white surface using Desikan-Killiany parcellation,21282,21262,21270,10686,-,-,31968,31943,31954,1.82E-01,1.81E-02
679,26752,aparc-Desikan_lh_area_frontalpole,,mm2,float,2,Area,S,cortical area,Area of frontalpole in the left hemisphere generated by parcellation of the white surface using Desikan-Killiany parcellation,21282,21262,21270,10685,-,-,31967,31942,31953,6.15E-02,1.68E-02
680,26753,aparc-Desikan_lh_area_transversetemporal,,mm2,float,2,Area,S,cortical area,Area of transversetemporal in the left hemisphere generated by parcellation of the white surface using Desikan-Killiany parcellation,21282,21262,21270,10686,-,-,31968,31943,31954,1.97E-01,1.86E-02
681,26754,aparc-Desikan_lh_area_insula,,mm2,float,2,Area,S,cortical area,Area of insula in the left hemisphere generated by parcellation of the white surface using Desikan-Killiany parcellation,21282,21262,21270,10686,-,-,31968,31943,31954,2.08E-01,1.86E-02
1020,26755,aparc-Desikan_lh_thickness_GlobalMeanThickness,,mm,float,3,Mean thickness,S,cortical thickness,Mean thickness of GlobalMeanMean thickness in the left hemisphere generated by parcellation of the white surface using Desikan-Killiany parcellation,21282,21262,21270,10686,-,-,31968,31943,31954,2.11E-01,2.11E-02
1021,26756,aparc-Desikan_lh_thickness_bankssts,,mm,float,3,Mean thickness,S,cortical thickness,Mean thickness of bankssts in the left hemisphere generated by parcellation of the white surface using Desikan-Killiany parcellation,21282,21262,21270,10686,-,-,31968,31943,31954,1.18E-01,1.83E-02
1022,26757,aparc-Desikan_lh_thickness_caudalanteriorcingulate,,mm,float,3,Mean thickness,S,cortical thickness,Mean thickness of caudalanteriorcingulate in the left hemisphere generated by parcellation of the white surface using Desikan-Killiany parcellation,21282,21262,21270,10685,-,-,31967,31942,31953,9.20E-02,1.60E-02
1023,26758,aparc-Desikan_lh_thickness_caudalmiddlefrontal,,mm,float,3,Mean thickness,S,cortical thickness,Mean thickness of caudalmiddlefrontal in the left hemisphere generated by parcellation of the white surface using Desikan-Killiany parcellation,21282,21262,21270,10686,-,-,31968,31943,31954,2.03E-01,1.98E-02
1024,26759,aparc-Desikan_lh_thickness_cuneus,,mm,float,3,Mean thickness,S,cortical thickness,Mean thickness of cuneus in the left hemisphere generated by parcellation of the white surface using Desikan-Killiany parcellation,21282,21262,21270,10686,-,-,31968,31943,31954,1.92E-01,1.74E-02
1025,26760,aparc-Desikan_lh_thickness_entorhinal,,mm,float,3,Mean thickness,S,cortical thickness,Mean thickness of entorhinal in the left hemisphere generated by parcellation of the white surface using Desikan-Killiany parcellation,21281,21261,21269,10686,-,-,31967,31942,31953,9.81E-02,1.59E-02
1026,26761,aparc-Desikan_lh_thickness_fusiform,,mm,float,3,Mean thickness,S,cortical thickness,Mean thickness of fusiform in the left hemisphere generated by parcellation of the white surface using Desikan-Killiany parcellation,21282,21262,21270,10686,-,-,31968,31943,31954,1.54E-01,2.04E-02
1027,26762,aparc-Desikan_lh_thickness_inferiorparietal,,mm,float,3,Mean thickness,S,cortical thickness,Mean thickness of inferiorparietal in the left hemisphere generated by parcellation of the white surface using Desikan-Killiany parcellation,21282,21262,21270,10686,-,-,31968,31943,31954,1.99E-01,2.03E-02
1028,26763,aparc-Desikan_lh_thickness_inferiortemporal,,mm,float,3,Mean thickness,S,cortical thickness,Mean thickness of inferiortemporal in the left hemisphere generated by parcellation of the white surface using Desikan-Killiany parcellation,21282,21262,21270,10686,-,-,31968,31943,31954,1.28E-01,1.68E-02
1029,26764,aparc-Desikan_lh_thickness_isthmuscingulate,,mm,float,3,Mean thickness,S,cortical thickness,Mean thickness of isthmuscingulate in the left hemisphere generated by parcellation of the white surface using Desikan-Killiany parcellation,21281,21261,21269,10686,-,-,31967,31942,31953,1.86E-01,1.96E-02
1030,26765,aparc-Desikan_lh_thickness_lateraloccipital,,mm,float,3,Mean thickness,S,cortical thickness,Mean thickness of lateraloccipital in the left hemisphere generated by parcellation of the white surface using Desikan-Killiany parcellation,21282,21262,21270,10686,-,-,31968,31943,31954,1.76E-01,1.87E-02
1031,26766,aparc-Desikan_lh_thickness_lateralorbitofrontal,,mm,float,3,Mean thickness,S,cortical thickness,Mean thickness of lateralorbitofrontal in the left hemisphere generated by parcellation of the white surface using Desikan-Killiany parcellation,21282,21262,21270,10685,-,-,31967,31942,31953,1.19E-01,1.56E-02
1032,26767,aparc-Desikan_lh_thickness_lingual,,mm,float,3,Mean thickness,S,cortical thickness,Mean thickness of lingual in the left hemisphere generated by parcellation of the white surface using Desikan-Killiany parcellation,21282,21262,21270,10686,-,-,31968,31943,31954,1.86E-01,1.94E-02
1033,26768,aparc-Desikan_lh_thickness_medialorbitofrontal,,mm,float,3,Mean thickness,S,cortical thickness,Mean thickness of medialorbitofrontal in the left hemisphere generated by parcellation of the white surface using Desikan-Killiany parcellation,21282,21262,21270,10686,-,-,31968,31943,31954,1.10E-01,1.86E-02
1034,26769,aparc-Desikan_lh_thickness_middletemporal,,mm,float,3,Mean thickness,S,cortical thickness,Mean thickness of middletemporal in the left hemisphere generated by parcellation of the white surface using Desikan-Killiany parcellation,21282,21262,21270,10686,-,-,31968,31943,31954,1.25E-01,1.65E-02
1035,26770,aparc-Desikan_lh_thickness_parahippocampal,,mm,float,3,Mean thickness,S,cortical thickness,Mean thickness of parahippocampal in the left hemisphere generated by parcellation of the white surface using Desikan-Killiany parcellation,21282,21262,21270,10686,-,-,31968,31943,31954,1.83E-01,1.90E-02
1036,26771,aparc-Desikan_lh_thickness_paracentral,,mm,float,3,Mean thickness,S,cortical thickness,Mean thickness of paracentral in the left hemisphere generated by parcellation of the white surface using Desikan-Killiany parcellation,21282,21262,21270,10686,-,-,31968,31943,31954,2.19E-01,2.31E-02
1037,26772,aparc-Desikan_lh_thickness_parsopercularis,,mm,float,3,Mean thickness,S,cortical thickness,Mean thickness of parsopercularis in the left hemisphere generated by parcellation of the white surface using Desikan-Killiany parcellation,21282,21262,21270,10686,-,-,31968,31943,31954,1.69E-01,1.89E-02
1038,26773,aparc-Desikan_lh_thickness_parsorbitalis,,mm,float,3,Mean thickness,S,cortical thickness,Mean thickness of parsorbitalis in the left hemisphere generated by parcellation of the white surface using Desikan-Killiany parcellation,21282,21262,21270,10685,-,-,31967,31942,31953,8.81E-02,1.55E-02
1039,26774,aparc-Desikan_lh_thickness_parstriangularis,,mm,float,3,Mean thickness,S,cortical thickness,Mean thickness of parstriangularis in the left hemisphere generated by parcellation of the white surface using Desikan-Killiany parcellation,21282,21262,21270,10686,-,-,31968,31943,31954,1.51E-01,1.71E-02
1040,26775,aparc-Desikan_lh_thickness_pericalcarine,,mm,float,3,Mean thickness,S,cortical thickness,Mean thickness of pericalcarine in the left hemisphere generated by parcellation of the white surface using Desikan-Killiany parcellation,21282,21262,21270,10686,-,-,31968,31943,31954,1.25E-01,1.64E-02
1041,26776,aparc-Desikan_lh_thickness_postcentral,,mm,float,3,Mean thickness,S,cortical thickness,Mean thickness of postcentral in the left hemisphere generated by parcellation of the white surface using Desikan-Killiany parcellation,21282,21262,21270,10686,-,-,31968,31943,31954,1.83E-01,1.89E-02
1042,26777,aparc-Desikan_lh_thickness_posteriorcingulate,,mm,float,3,Mean thickness,S,cortical thickness,Mean thickness of posteriorcingulate in the left hemisphere generated by parcellation of the white surface using Desikan-Killiany parcellation,21281,21261,21269,10686,-,-,31967,31942,31953,1.31E-01,1.72E-02
1043,26778,aparc-Desikan_lh_thickness_precentral,,mm,float,3,Mean thickness,S,cortical thickness,Mean thickness of precentral in the left hemisphere generated by parcellation of the white surface using Desikan-Killiany parcellation,21282,21262,21270,10686,-,-,31968,31943,31954,2.00E-01,2.24E-02
1044,26779,aparc-Desikan_lh_thickness_precuneus,,mm,float,3,Mean thickness,S,cortical thickness,Mean thickness of precuneus in the left hemisphere generated by parcellation of the white surface using Desikan-Killiany parcellation,21282,21262,21270,10686,-,-,31968,31943,31954,2.07E-01,2.02E-02
1045,26780,aparc-Desikan_lh_thickness_rostralanteriorcingulate,,mm,float,3,Mean thickness,S,cortical thickness,Mean thickness of rostralanteriorcingulate in the left hemisphere generated by parcellation of the white surface using Desikan-Killiany parcellation,21282,21262,21270,10685,-,-,31967,31942,31953,1.25E-01,1.66E-02
1046,26781,aparc-Desikan_lh_thickness_rostralmiddlefrontal,,mm,float,3,Mean thickness,S,cortical thickness,Mean thickness of rostralmiddlefrontal in the left hemisphere generated by parcellation of the white surface using Desikan-Killiany parcellation,21282,21262,21270,10686,-,-,31968,31943,31954,2.06E-01,1.93E-02
1047,26782,aparc-Desikan_lh_thickness_superiorfrontal,,mm,float,3,Mean thickness,S,cortical thickness,Mean thickness of superiorfrontal in the left hemisphere generated by parcellation of the white surface using Desikan-Killiany parcellation,21282,21262,21270,10686,-,-,31968,31943,31954,2.18E-01,2.23E-02
1048,26783,aparc-Desikan_lh_thickness_superiorparietal,,mm,float,3,Mean thickness,S,cortical thickness,Mean thickness of superiorparietal in the left hemisphere generated by parcellation of the white surface using Desikan-Killiany parcellation,21282,21262,21270,10686,-,-,31968,31943,31954,2.09E-01,1.98E-02
1049,26784,aparc-Desikan_lh_thickness_superiortemporal,,mm,float,3,Mean thickness,S,cortical thickness,Mean thickness of superiortemporal in the left hemisphere generated by parcellation of the white surface using Desikan-Killiany parcellation,21282,21262,21270,10686,-,-,31968,31943,31954,1.82E-01,1.92E-02
1050,26785,aparc-Desikan_lh_thickness_supramarginal,,mm,float,3,Mean thickness,S,cortical thickness,Mean thickness of supramarginal in the left hemisphere generated by parcellation of the white surface using Desikan-Killiany parcellation,21282,21262,21270,10686,-,-,31968,31943,31954,2.13E-01,2.52E-02
1051,26786,aparc-Desikan_lh_thickness_frontalpole,,mm,float,3,Mean thickness,S,cortical thickness,Mean thickness of frontalpole in the left hemisphere generated by parcellation of the white surface using Desikan-Killiany parcellation,21282,21262,21270,10685,-,-,31967,31942,31953,7.89E-02,1.48E-02
1052,26787,aparc-Desikan_lh_thickness_transversetemporal,,mm,float,3,Mean thickness,S,cortical thickness,Mean thickness of transversetemporal in the left hemisphere generated by parcellation of the white surface using Desikan-Killiany parcellation,21282,21262,21270,10686,-,-,31968,31943,31954,1.75E-01,1.94E-02
1053,26788,aparc-Desikan_lh_thickness_insula,,mm,float,3,Mean thickness,S,cortical thickness,Mean thickness of insula in the left hemisphere generated by parcellation of the white surface using Desikan-Killiany parcellation,21282,21262,21270,10686,-,-,31968,31943,31954,1.35E-01,1.94E-02
344,26789,aparc-Desikan_lh_volume_bankssts,,mm3,float,1,Volume,S,regional and tissue volume,Volume of bankssts in the left hemisphere generated by parcellation of the white surface using Desikan-Killiany parcellation,21282,21262,21270,10686,-,-,31968,31943,31954,1.49E-01,1.69E-02
345,26790,aparc-Desikan_lh_volume_caudalanteriorcingulate,,mm3,float,1,Volume,S,regional and tissue volume,Volume of caudalanteriorcingulate in the left hemisphere generated by parcellation of the white surface using Desikan-Killiany parcellation,21282,21262,21270,10685,-,-,31967,31942,31953,8.85E-02,1.48E-02
346,26791,aparc-Desikan_lh_volume_caudalmiddlefrontal,,mm3,float,1,Volume,S,regional and tissue volume,Volume of caudalmiddlefrontal in the left hemisphere generated by parcellation of the white surface using Desikan-Killiany parcellation,21282,21262,21270,10686,-,-,31968,31943,31954,1.47E-01,2.11E-02
347,26792,aparc-Desikan_lh_volume_cuneus,,mm3,float,1,Volume,S,regional and tissue volume,Volume of cuneus in the left hemisphere generated by parcellation of the white surface using Desikan-Killiany parcellation,21282,21262,21270,10686,10681,10684,31968,31943,31954,2.62E-01,2.44E-02
348,26793,aparc-Desikan_lh_volume_entorhinal,,mm3,float,1,Volume,S,regional and tissue volume,Volume of entorhinal in the left hemisphere generated by parcellation of the white surface using Desikan-Killiany parcellation,21281,21261,21269,10686,-,-,31967,31942,31953,1.21E-01,1.63E-02
349,26794,aparc-Desikan_lh_volume_fusiform,,mm3,float,1,Volume,S,regional and tissue volume,Volume of fusiform in the left hemisphere generated by parcellation of the white surface using Desikan-Killiany parcellation,21282,21262,21270,10686,-,-,31968,31943,31954,1.64E-01,1.83E-02
350,26795,aparc-Desikan_lh_volume_inferiorparietal,,mm3,float,1,Volume,S,regional and tissue volume,Volume of inferiorparietal in the left hemisphere generated by parcellation of the white surface using Desikan-Killiany parcellation,21282,21262,21270,10686,-,-,31968,31943,31954,1.90E-01,1.92E-02
351,26796,aparc-Desikan_lh_volume_inferiortemporal,,mm3,float,1,Volume,S,regional and tissue volume,Volume of inferiortemporal in the left hemisphere generated by parcellation of the white surface using Desikan-Killiany parcellation,21282,21262,21270,10686,-,-,31968,31943,31954,1.74E-01,1.79E-02
352,26797,aparc-Desikan_lh_volume_isthmuscingulate,,mm3,float,1,Volume,S,regional and tissue volume,Volume of isthmuscingulate in the left hemisphere generated by parcellation of the white surface using Desikan-Killiany parcellation,21281,21261,21269,10686,-,-,31967,31942,31953,1.68E-01,1.92E-02
353,26798,aparc-Desikan_lh_volume_lateraloccipital,,mm3,float,1,Volume,S,regional and tissue volume,Volume of lateraloccipital in the left hemisphere generated by parcellation of the white surface using Desikan-Killiany parcellation,21282,21262,21270,10686,10681,10684,31968,31943,31954,1.89E-01,1.89E-02
354,26799,aparc-Desikan_lh_volume_lateralorbitofrontal,,mm3,float,1,Volume,S,regional and tissue volume,Volume of lateralorbitofrontal in the left hemisphere generated by parcellation of the white surface using Desikan-Killiany parcellation,21282,21262,21270,10685,-,-,31967,31942,31953,2.57E-01,2.32E-02
355,26800,aparc-Desikan_lh_volume_lingual,,mm3,float,1,Volume,S,regional and tissue volume,Volume of lingual in the left hemisphere generated by parcellation of the white surface using Desikan-Killiany parcellation,21282,21262,21270,10686,-,-,31968,31943,31954,2.24E-01,2.25E-02
356,26801,aparc-Desikan_lh_volume_medialorbitofrontal,,mm3,float,1,Volume,S,regional and tissue volume,Volume of medialorbitofrontal in the left hemisphere generated by parcellation of the white surface using Desikan-Killiany parcellation,21282,21262,21270,10686,-,-,31968,31943,31954,1.24E-01,1.96E-02
357,26802,aparc-Desikan_lh_volume_middletemporal,,mm3,float,1,Volume,S,regional and tissue volume,Volume of middletemporal in the left hemisphere generated by parcellation of the white surface using Desikan-Killiany parcellation,21282,21262,21270,10686,-,-,31968,31943,31954,1.98E-01,1.98E-02
358,26803,aparc-Desikan_lh_volume_parahippocampal,,mm3,float,1,Volume,S,regional and tissue volume,Volume of parahippocampal in the left hemisphere generated by parcellation of the white surface using Desikan-Killiany parcellation,21282,21262,21270,10686,-,-,31968,31943,31954,2.07E-01,1.94E-02
359,26804,aparc-Desikan_lh_volume_paracentral,,mm3,float,1,Volume,S,regional and tissue volume,Volume of paracentral in the left hemisphere generated by parcellation of the white surface using Desikan-Killiany parcellation,21282,21262,21270,10686,-,-,31968,31943,31954,1.60E-01,1.94E-02
360,26805,aparc-Desikan_lh_volume_parsopercularis,,mm3,float,1,Volume,S,regional and tissue volume,Volume of parsopercularis in the left hemisphere generated by parcellation of the white surface using Desikan-Killiany parcellation,21282,21262,21270,10686,-,-,31968,31943,31954,1.20E-01,1.64E-02
361,26806,aparc-Desikan_lh_volume_parsorbitalis,,mm3,float,1,Volume,S,regional and tissue volume,Volume of parsorbitalis in the left hemisphere generated by parcellation of the white surface using Desikan-Killiany parcellation,21282,21262,21270,10685,-,-,31967,31942,31953,1.51E-01,1.74E-02
362,26807,aparc-Desikan_lh_volume_parstriangularis,,mm3,float,1,Volume,S,regional and tissue volume,Volume of parstriangularis in the left hemisphere generated by parcellation of the white surface using Desikan-Killiany parcellation,21282,21262,21270,10686,-,-,31968,31943,31954,1.25E-01,1.82E-02
363,26808,aparc-Desikan_lh_volume_pericalcarine,,mm3,float,1,Volume,S,regional and tissue volume,Volume of pericalcarine in the left hemisphere generated by parcellation of the white surface using Desikan-Killiany parcellation,21282,21262,21270,10686,-,-,31968,31943,31954,2.87E-01,2.75E-02
364,26809,aparc-Desikan_lh_volume_postcentral,,mm3,float,1,Volume,S,regional and tissue volume,Volume of postcentral in the left hemisphere generated by parcellation of the white surface using Desikan-Killiany parcellation,21282,21262,21270,10686,-,-,31968,31943,31954,1.55E-01,1.98E-02
365,26810,aparc-Desikan_lh_volume_posteriorcingulate,,mm3,float,1,Volume,S,regional and tissue volume,Volume of posteriorcingulate in the left hemisphere generated by parcellation of the white surface using Desikan-Killiany parcellation,21281,21261,21269,10686,-,-,31967,31942,31953,1.22E-01,2.16E-02
366,26811,aparc-Desikan_lh_volume_precentral,,mm3,float,1,Volume,S,regional and tissue volume,Volume of precentral in the left hemisphere generated by parcellation of the white surface using Desikan-Killiany parcellation,21282,21262,21270,10686,-,-,31968,31943,31954,1.87E-01,2.03E-02
367,26812,aparc-Desikan_lh_volume_precuneus,,mm3,float,1,Volume,S,regional and tissue volume,Volume of precuneus in the left hemisphere generated by parcellation of the white surface using Desikan-Killiany parcellation,21282,21262,21270,10686,-,-,31968,31943,31954,2.33E-01,2.21E-02
368,26813,aparc-Desikan_lh_volume_rostralanteriorcingulate,,mm3,float,1,Volume,S,regional and tissue volume,Volume of rostralanteriorcingulate in the left hemisphere generated by parcellation of the white surface using Desikan-Killiany parcellation,21282,21262,21270,10685,-,-,31967,31942,31953,1.75E-01,1.73E-02
369,26814,aparc-Desikan_lh_volume_rostralmiddlefrontal,,mm3,float,1,Volume,S,regional and tissue volume,Volume of rostralmiddlefrontal in the left hemisphere generated by parcellation of the white surface using Desikan-Killiany parcellation,21282,21262,21270,10686,-,-,31968,31943,31954,2.01E-01,1.69E-02
370,26815,aparc-Desikan_lh_volume_superiorfrontal,,mm3,float,1,Volume,S,regional and tissue volume,Volume of superiorfrontal in the left hemisphere generated by parcellation of the white surface using Desikan-Killiany parcellation,21282,21262,21270,10686,-,-,31968,31943,31954,2.12E-01,2.19E-02
371,26816,aparc-Desikan_lh_volume_superiorparietal,,mm3,float,1,Volume,S,regional and tissue volume,Volume of superiorparietal in the left hemisphere generated by parcellation of the white surface using Desikan-Killiany parcellation,21282,21262,21270,10686,-,-,31968,31943,31954,1.87E-01,1.96E-02
372,26817,aparc-Desikan_lh_volume_superiortemporal,,mm3,float,1,Volume,S,regional and tissue volume,Volume of superiortemporal in the left hemisphere generated by parcellation of the white surface using Desikan-Killiany parcellation,21282,21262,21270,10686,-,-,31968,31943,31954,2.23E-01,2.31E-02
373,26818,aparc-Desikan_lh_volume_supramarginal,,mm3,float,1,Volume,S,regional and tissue volume,Volume of supramarginal in the left hemisphere generated by parcellation of the white surface using Desikan-Killiany parcellation,21282,21262,21270,10686,10681,10684,31968,31943,31954,1.70E-01,1.88E-02
374,26819,aparc-Desikan_lh_volume_frontalpole,,mm3,float,1,Volume,S,regional and tissue volume,Volume of frontalpole in the left hemisphere generated by parcellation of the white surface using Desikan-Killiany parcellation,21282,21262,21270,10685,-,-,31967,31942,31953,7.41E-02,1.68E-02
375,26820,aparc-Desikan_lh_volume_transversetemporal,,mm3,float,1,Volume,S,regional and tissue volume,Volume of transversetemporal in the left hemisphere generated by parcellation of the white surface using Desikan-Killiany parcellation,21282,21262,21270,10686,-,-,31968,31943,31954,1.65E-01,1.83E-02
376,26821,aparc-Desikan_lh_volume_insula,,mm3,float,1,Volume,S,regional and tissue volume,Volume of insula in the left hemisphere generated by parcellation of the white surface using Desikan-Killiany parcellation,21282,21262,21270,10686,-,-,31968,31943,31954,2.37E-01,2.13E-02
682,26822,aparc-Desikan_rh_area_TotalSurface,,mm2,float,2,Area,S,cortical area,Area of TotalSurface in the right hemisphere generated by parcellation of the white surface using Desikan-Killiany parcellation,21282,21262,21270,10686,-,-,31968,31943,31954,3.16E-01,2.44E-02
683,26823,aparc-Desikan_rh_area_bankssts,,mm2,float,2,Area,S,cortical area,Area of bankssts in the right hemisphere generated by parcellation of the white surface using Desikan-Killiany parcellation,21282,21262,21270,10686,-,-,31968,31943,31954,1.64E-01,1.94E-02
684,26824,aparc-Desikan_rh_area_caudalanteriorcingulate,,mm2,float,2,Area,S,cortical area,Area of caudalanteriorcingulate in the right hemisphere generated by parcellation of the white surface using Desikan-Killiany parcellation,21282,21262,21270,10684,-,-,31966,31941,31952,1.18E-01,1.68E-02
685,26825,aparc-Desikan_rh_area_caudalmiddlefrontal,,mm2,float,2,Area,S,cortical area,Area of caudalmiddlefrontal in the right hemisphere generated by parcellation of the white surface using Desikan-Killiany parcellation,21282,21262,21270,10686,-,-,31968,31943,31954,2.04E-01,2.35E-02
686,26826,aparc-Desikan_rh_area_cuneus,,mm2,float,2,Area,S,cortical area,Area of cuneus in the right hemisphere generated by parcellation of the white surface using Desikan-Killiany parcellation,21282,21262,21270,10686,-,-,31968,31943,31954,2.73E-01,2.20E-02
687,26827,aparc-Desikan_rh_area_entorhinal,,mm2,float,2,Area,S,cortical area,Area of entorhinal in the right hemisphere generated by parcellation of the white surface using Desikan-Killiany parcellation,21282,21262,21270,10686,-,-,31968,31943,31954,1.69E-01,2.09E-02
688,26828,aparc-Desikan_rh_area_fusiform,,mm2,float,2,Area,S,cortical area,Area of fusiform in the right hemisphere generated by parcellation of the white surface using Desikan-Killiany parcellation,21282,21262,21270,10686,-,-,31968,31943,31954,1.91E-01,2.06E-02
689,26829,aparc-Desikan_rh_area_inferiorparietal,,mm2,float,2,Area,S,cortical area,Area of inferiorparietal in the right hemisphere generated by parcellation of the white surface using Desikan-Killiany parcellation,21282,21262,21270,10686,-,-,31968,31943,31954,1.89E-01,1.90E-02
690,26830,aparc-Desikan_rh_area_inferiortemporal,,mm2,float,2,Area,S,cortical area,Area of inferiortemporal in the right hemisphere generated by parcellation of the white surface using Desikan-Killiany parcellation,21282,21262,21270,10686,-,-,31968,31943,31954,2.30E-01,1.81E-02
691,26831,aparc-Desikan_rh_area_isthmuscingulate,,mm2,float,2,Area,S,cortical area,Area of isthmuscingulate in the right hemisphere generated by parcellation of the white surface using Desikan-Killiany parcellation,21282,21262,21270,10686,-,-,31968,31943,31954,1.87E-01,2.03E-02
692,26832,aparc-Desikan_rh_area_lateraloccipital,,mm2,float,2,Area,S,cortical area,Area of lateraloccipital in the right hemisphere generated by parcellation of the white surface using Desikan-Killiany parcellation,21282,21262,21270,10686,10681,10684,31968,31943,31954,2.38E-01,2.26E-02
693,26833,aparc-Desikan_rh_area_lateralorbitofrontal,,mm2,float,2,Area,S,cortical area,Area of lateralorbitofrontal in the right hemisphere generated by parcellation of the white surface using Desikan-Killiany parcellation,21282,21262,21270,10686,-,-,31968,31943,31954,1.78E-01,1.99E-02
694,26834,aparc-Desikan_rh_area_lingual,,mm2,float,2,Area,S,cortical area,Area of lingual in the right hemisphere generated by parcellation of the white surface using Desikan-Killiany parcellation,21282,21262,21270,10686,-,-,31968,31943,31954,2.57E-01,2.44E-02
695,26835,aparc-Desikan_rh_area_medialorbitofrontal,,mm2,float,2,Area,S,cortical area,Area of medialorbitofrontal in the right hemisphere generated by parcellation of the white surface using Desikan-Killiany parcellation,21282,21262,21270,10686,-,-,31968,31943,31954,1.86E-01,1.86E-02
696,26836,aparc-Desikan_rh_area_middletemporal,,mm2,float,2,Area,S,cortical area,Area of middletemporal in the right hemisphere generated by parcellation of the white surface using Desikan-Killiany parcellation,21282,21262,21270,10686,-,-,31968,31943,31954,2.47E-01,2.24E-02
697,26837,aparc-Desikan_rh_area_parahippocampal,,mm2,float,2,Area,S,cortical area,Area of parahippocampal in the right hemisphere generated by parcellation of the white surface using Desikan-Killiany parcellation,21282,21262,21270,10686,-,-,31968,31943,31954,1.67E-01,1.82E-02
698,26838,aparc-Desikan_rh_area_paracentral,,mm2,float,2,Area,S,cortical area,Area of paracentral in the right hemisphere generated by parcellation of the white surface using Desikan-Killiany parcellation,21282,21262,21270,10686,-,-,31968,31943,31954,2.04E-01,2.55E-02
699,26839,aparc-Desikan_rh_area_parsopercularis,,mm2,float,2,Area,S,cortical area,Area of parsopercularis in the right hemisphere generated by parcellation of the white surface using Desikan-Killiany parcellation,21282,21262,21270,10686,-,-,31968,31943,31954,1.40E-01,1.81E-02
700,26840,aparc-Desikan_rh_area_parsorbitalis,,mm2,float,2,Area,S,cortical area,Area of parsorbitalis in the right hemisphere generated by parcellation of the white surface using Desikan-Killiany parcellation,21281,21261,21269,10685,-,-,31966,31941,31952,1.85E-01,1.71E-02
701,26841,aparc-Desikan_rh_area_parstriangularis,,mm2,float,2,Area,S,cortical area,Area of parstriangularis in the right hemisphere generated by parcellation of the white surface using Desikan-Killiany parcellation,21282,21262,21270,10686,-,-,31968,31943,31954,1.52E-01,2.00E-02
702,26842,aparc-Desikan_rh_area_pericalcarine,,mm2,float,2,Area,S,cortical area,Area of pericalcarine in the right hemisphere generated by parcellation of the white surface using Desikan-Killiany parcellation,21282,21262,21270,10686,10681,10684,31968,31943,31954,3.42E-01,3.01E-02
703,26843,aparc-Desikan_rh_area_postcentral,,mm2,float,2,Area,S,cortical area,Area of postcentral in the right hemisphere generated by parcellation of the white surface using Desikan-Killiany parcellation,21282,21262,21270,10686,-,-,31968,31943,31954,1.80E-01,2.00E-02
704,26844,aparc-Desikan_rh_area_posteriorcingulate,,mm2,float,2,Area,S,cortical area,Area of posteriorcingulate in the right hemisphere generated by parcellation of the white surface using Desikan-Killiany parcellation,21282,21262,21270,10686,-,-,31968,31943,31954,1.79E-01,2.40E-02
705,26845,aparc-Desikan_rh_area_precentral,,mm2,float,2,Area,S,cortical area,Area of precentral in the right hemisphere generated by parcellation of the white surface using Desikan-Killiany parcellation,21282,21262,21270,10686,-,-,31968,31943,31954,2.39E-01,2.74E-02
706,26846,aparc-Desikan_rh_area_precuneus,,mm2,float,2,Area,S,cortical area,Area of precuneus in the right hemisphere generated by parcellation of the white surface using Desikan-Killiany parcellation,21282,21262,21270,10686,-,-,31968,31943,31954,2.33E-01,2.07E-02
707,26847,aparc-Desikan_rh_area_rostralanteriorcingulate,,mm2,float,2,Area,S,cortical area,Area of rostralanteriorcingulate in the right hemisphere generated by parcellation of the white surface using Desikan-Killiany parcellation,21282,21262,21270,10685,-,-,31967,31942,31953,1.19E-01,1.58E-02
708,26848,aparc-Desikan_rh_area_rostralmiddlefrontal,,mm2,float,2,Area,S,cortical area,Area of rostralmiddlefrontal in the right hemisphere generated by parcellation of the white surface using Desikan-Killiany parcellation,21282,21262,21270,10686,10681,10684,31968,31943,31954,2.31E-01,1.85E-02
709,26849,aparc-Desikan_rh_area_superiorfrontal,,mm2,float,2,Area,S,cortical area,Area of superiorfrontal in the right hemisphere generated by parcellation of the white surface using Desikan-Killiany parcellation,21282,21262,21270,10686,-,-,31968,31943,31954,2.16E-01,2.04E-02
710,26850,aparc-Desikan_rh_area_superiorparietal,,mm2,float,2,Area,S,cortical area,Area of superiorparietal in the right hemisphere generated by parcellation of the white surface using Desikan-Killiany parcellation,21282,21262,21270,10686,-,-,31968,31943,31954,1.87E-01,1.81E-02
711,26851,aparc-Desikan_rh_area_superiortemporal,,mm2,float,2,Area,S,cortical area,Area of superiortemporal in the right hemisphere generated by parcellation of the white surface using Desikan-Killiany parcellation,21282,21262,21270,10686,-,-,31968,31943,31954,2.58E-01,3.13E-02
712,26852,aparc-Desikan_rh_area_supramarginal,,mm2,float,2,Area,S,cortical area,Area of supramarginal in the right hemisphere generated by parcellation of the white surface using Desikan-Killiany parcellation,21282,21262,21270,10686,-,-,31968,31943,31954,1.65E-01,1.90E-02
713,26853,aparc-Desikan_rh_area_frontalpole,,mm2,float,2,Area,S,cortical area,Area of frontalpole in the right hemisphere generated by parcellation of the white surface using Desikan-Killiany parcellation,21281,21261,21269,10686,-,-,31967,31942,31953,7.48E-02,1.52E-02
714,26854,aparc-Desikan_rh_area_transversetemporal,,mm2,float,2,Area,S,cortical area,Area of transversetemporal in the right hemisphere generated by parcellation of the white surface using Desikan-Killiany parcellation,21281,21261,21269,10686,-,-,31967,31942,31953,2.12E-01,1.95E-02
715,26855,aparc-Desikan_rh_area_insula,,mm2,float,2,Area,S,cortical area,Area of insula in the right hemisphere generated by parcellation of the white surface using Desikan-Killiany parcellation,21282,21262,21270,10686,-,-,31968,31943,31954,2.12E-01,2.23E-02
1054,26856,aparc-Desikan_rh_thickness_GlobalMeanThickness,,mm,float,3,Mean thickness,S,cortical thickness,Mean thickness of GlobalMeanMean thickness in the right hemisphere generated by parcellation of the white surface using Desikan-Killiany parcellation,21282,21262,21270,10686,-,-,31968,31943,31954,2.23E-01,2.29E-02
1055,26857,aparc-Desikan_rh_thickness_bankssts,,mm,float,3,Mean thickness,S,cortical thickness,Mean thickness of bankssts in the right hemisphere generated by parcellation of the white surface using Desikan-Killiany parcellation,21282,21262,21270,10686,-,-,31968,31943,31954,1.38E-01,1.84E-02
1056,26858,aparc-Desikan_rh_thickness_caudalanteriorcingulate,,mm,float,3,Mean thickness,S,cortical thickness,Mean thickness of caudalanteriorcingulate in the right hemisphere generated by parcellation of the white surface using Desikan-Killiany parcellation,21282,21262,21270,10684,-,-,31966,31941,31952,1.06E-01,1.61E-02
1057,26859,aparc-Desikan_rh_thickness_caudalmiddlefrontal,,mm,float,3,Mean thickness,S,cortical thickness,Mean thickness of caudalmiddlefrontal in the right hemisphere generated by parcellation of the white surface using Desikan-Killiany parcellation,21282,21262,21270,10686,-,-,31968,31943,31954,1.83E-01,1.94E-02
1058,26860,aparc-Desikan_rh_thickness_cuneus,,mm,float,3,Mean thickness,S,cortical thickness,Mean thickness of cuneus in the right hemisphere generated by parcellation of the white surface using Desikan-Killiany parcellation,21282,21262,21270,10686,-,-,31968,31943,31954,1.77E-01,1.87E-02
1059,26861,aparc-Desikan_rh_thickness_entorhinal,,mm,float,3,Mean thickness,S,cortical thickness,Mean thickness of entorhinal in the right hemisphere generated by parcellation of the white surface using Desikan-Killiany parcellation,21282,21262,21270,10686,-,-,31968,31943,31954,6.42E-02,1.62E-02
1060,26862,aparc-Desikan_rh_thickness_fusiform,,mm,float,3,Mean thickness,S,cortical thickness,Mean thickness of fusiform in the right hemisphere generated by parcellation of the white surface using Desikan-Killiany parcellation,21282,21262,21270,10686,-,-,31968,31943,31954,1.56E-01,2.03E-02
1061,26863,aparc-Desikan_rh_thickness_inferiorparietal,,mm,float,3,Mean thickness,S,cortical thickness,Mean thickness of inferiorparietal in the right hemisphere generated by parcellation of the white surface using Desikan-Killiany parcellation,21282,21262,21270,10686,-,-,31968,31943,31954,2.13E-01,2.23E-02
1062,26864,aparc-Desikan_rh_thickness_inferiortemporal,,mm,float,3,Mean thickness,S,cortical thickness,Mean thickness of inferiortemporal in the right hemisphere generated by parcellation of the white surface using Desikan-Killiany parcellation,21282,21262,21270,10686,-,-,31968,31943,31954,1.58E-01,1.68E-02
1063,26865,aparc-Desikan_rh_thickness_isthmuscingulate,,mm,float,3,Mean thickness,S,cortical thickness,Mean thickness of isthmuscingulate in the right hemisphere generated by parcellation of the white surface using Desikan-Killiany parcellation,21282,21262,21270,10686,-,-,31968,31943,31954,1.88E-01,1.83E-02
1064,26866,aparc-Desikan_rh_thickness_lateraloccipital,,mm,float,3,Mean thickness,S,cortical thickness,Mean thickness of lateraloccipital in the right hemisphere generated by parcellation of the white surface using Desikan-Killiany parcellation,21282,21262,21270,10686,-,-,31968,31943,31954,2.14E-01,2.06E-02
1065,26867,aparc-Desikan_rh_thickness_lateralorbitofrontal,,mm,float,3,Mean thickness,S,cortical thickness,Mean thickness of lateralorbitofrontal in the right hemisphere generated by parcellation of the white surface using Desikan-Killiany parcellation,21282,21262,21270,10686,-,-,31968,31943,31954,1.15E-01,1.60E-02
1066,26868,aparc-Desikan_rh_thickness_lingual,,mm,float,3,Mean thickness,S,cortical thickness,Mean thickness of lingual in the right hemisphere generated by parcellation of the white surface using Desikan-Killiany parcellation,21282,21262,21270,10686,-,-,31968,31943,31954,1.90E-01,1.98E-02
1067,26869,aparc-Desikan_rh_thickness_medialorbitofrontal,,mm,float,3,Mean thickness,S,cortical thickness,Mean thickness of medialorbitofrontal in the right hemisphere generated by parcellation of the white surface using Desikan-Killiany parcellation,21282,21262,21270,10686,-,-,31968,31943,31954,1.04E-01,1.44E-02
1068,26870,aparc-Desikan_rh_thickness_middletemporal,,mm,float,3,Mean thickness,S,cortical thickness,Mean thickness of middletemporal in the right hemisphere generated by parcellation of the white surface using Desikan-Killiany parcellation,21282,21262,21270,10686,-,-,31968,31943,31954,1.52E-01,1.68E-02
1069,26871,aparc-Desikan_rh_thickness_parahippocampal,,mm,float,3,Mean thickness,S,cortical thickness,Mean thickness of parahippocampal in the right hemisphere generated by parcellation of the white surface using Desikan-Killiany parcellation,21282,21262,21270,10686,-,-,31968,31943,31954,1.62E-01,1.79E-02
1070,26872,aparc-Desikan_rh_thickness_paracentral,,mm,float,3,Mean thickness,S,cortical thickness,Mean thickness of paracentral in the right hemisphere generated by parcellation of the white surface using Desikan-Killiany parcellation,21282,21262,21270,10686,-,-,31968,31943,31954,1.99E-01,2.39E-02
1071,26873,aparc-Desikan_rh_thickness_parsopercularis,,mm,float,3,Mean thickness,S,cortical thickness,Mean thickness of parsopercularis in the right hemisphere generated by parcellation of the white surface using Desikan-Killiany parcellation,21282,21262,21270,10686,-,-,31968,31943,31954,1.42E-01,1.78E-02
1072,26874,aparc-Desikan_rh_thickness_parsorbitalis,,mm,float,3,Mean thickness,S,cortical thickness,Mean thickness of parsorbitalis in the right hemisphere generated by parcellation of the white surface using Desikan-Killiany parcellation,21281,21261,21269,10685,-,-,31966,31941,31952,9.14E-02,1.71E-02
1073,26875,aparc-Desikan_rh_thickness_parstriangularis,,mm,float,3,Mean thickness,S,cortical thickness,Mean thickness of parstriangularis in the right hemisphere generated by parcellation of the white surface using Desikan-Killiany parcellation,21282,21262,21270,10686,-,-,31968,31943,31954,1.77E-01,1.83E-02
1074,26876,aparc-Desikan_rh_thickness_pericalcarine,,mm,float,3,Mean thickness,S,cortical thickness,Mean thickness of pericalcarine in the right hemisphere generated by parcellation of the white surface using Desikan-Killiany parcellation,21282,21262,21270,10686,-,-,31968,31943,31954,1.23E-01,1.80E-02
1075,26877,aparc-Desikan_rh_thickness_postcentral,,mm,float,3,Mean thickness,S,cortical thickness,Mean thickness of postcentral in the right hemisphere generated by parcellation of the white surface using Desikan-Killiany parcellation,21282,21262,21270,10686,-,-,31968,31943,31954,1.68E-01,2.06E-02
1076,26878,aparc-Desikan_rh_thickness_posteriorcingulate,,mm,float,3,Mean thickness,S,cortical thickness,Mean thickness of posteriorcingulate in the right hemisphere generated by parcellation of the white surface using Desikan-Killiany parcellation,21282,21262,21270,10686,-,-,31968,31943,31954,1.57E-01,1.95E-02
1077,26879,aparc-Desikan_rh_thickness_precentral,,mm,float,3,Mean thickness,S,cortical thickness,Mean thickness of precentral in the right hemisphere generated by parcellation of the white surface using Desikan-Killiany parcellation,21282,21262,21270,10686,-,-,31968,31943,31954,2.03E-01,2.10E-02
1078,26880,aparc-Desikan_rh_thickness_precuneus,,mm,float,3,Mean thickness,S,cortical thickness,Mean thickness of precuneus in the right hemisphere generated by parcellation of the white surface using Desikan-Killiany parcellation,21282,21262,21270,10686,-,-,31968,31943,31954,2.12E-01,2.37E-02
1079,26881,aparc-Desikan_rh_thickness_rostralanteriorcingulate,,mm,float,3,Mean thickness,S,cortical thickness,Mean thickness of rostralanteriorcingulate in the right hemisphere generated by parcellation of the white surface using Desikan-Killiany parcellation,21282,21262,21270,10685,-,-,31967,31942,31953,8.06E-02,1.48E-02
1080,26882,aparc-Desikan_rh_thickness_rostralmiddlefrontal,,mm,float,3,Mean thickness,S,cortical thickness,Mean thickness of rostralmiddlefrontal in the right hemisphere generated by parcellation of the white surface using Desikan-Killiany parcellation,21282,21262,21270,10686,-,-,31968,31943,31954,1.81E-01,1.95E-02
1081,26883,aparc-Desikan_rh_thickness_superiorfrontal,,mm,float,3,Mean thickness,S,cortical thickness,Mean thickness of superiorfrontal in the right hemisphere generated by parcellation of the white surface using Desikan-Killiany parcellation,21282,21262,21270,10686,-,-,31968,31943,31954,2.28E-01,2.09E-02
1082,26884,aparc-Desikan_rh_thickness_superiorparietal,,mm,float,3,Mean thickness,S,cortical thickness,Mean thickness of superiorparietal in the right hemisphere generated by parcellation of the white surface using Desikan-Killiany parcellation,21282,21262,21270,10686,-,-,31968,31943,31954,1.66E-01,2.05E-02
1083,26885,aparc-Desikan_rh_thickness_superiortemporal,,mm,float,3,Mean thickness,S,cortical thickness,Mean thickness of superiortemporal in the right hemisphere generated by parcellation of the white surface using Desikan-Killiany parcellation,21282,21262,21270,10686,-,-,31968,31943,31954,2.05E-01,2.04E-02
1084,26886,aparc-Desikan_rh_thickness_supramarginal,,mm,float,3,Mean thickness,S,cortical thickness,Mean thickness of supramarginal in the right hemisphere generated by parcellation of the white surface using Desikan-Killiany parcellation,21282,21262,21270,10686,-,-,31968,31943,31954,2.07E-01,2.27E-02
1085,26887,aparc-Desikan_rh_thickness_frontalpole,,mm,float,3,Mean thickness,S,cortical thickness,Mean thickness of frontalpole in the right hemisphere generated by parcellation of the white surface using Desikan-Killiany parcellation,21281,21261,21269,10686,-,-,31967,31942,31953,6.66E-02,1.49E-02
1086,26888,aparc-Desikan_rh_thickness_transversetemporal,,mm,float,3,Mean thickness,S,cortical thickness,Mean thickness of transversetemporal in the right hemisphere generated by parcellation of the white surface using Desikan-Killiany parcellation,21281,21261,21269,10686,-,-,31967,31942,31953,1.53E-01,2.21E-02
1087,26889,aparc-Desikan_rh_thickness_insula,,mm,float,3,Mean thickness,S,cortical thickness,Mean thickness of insula in the right hemisphere generated by parcellation of the white surface using Desikan-Killiany parcellation,21282,21262,21270,10686,-,-,31968,31943,31954,1.43E-01,2.49E-02
377,26890,aparc-Desikan_rh_volume_bankssts,,mm3,float,1,Volume,S,regional and tissue volume,Volume of bankssts in the right hemisphere generated by parcellation of the white surface using Desikan-Killiany parcellation,21282,21262,21270,10686,-,-,31968,31943,31954,1.45E-01,1.90E-02
378,26891,aparc-Desikan_rh_volume_caudalanteriorcingulate,,mm3,float,1,Volume,S,regional and tissue volume,Volume of caudalanteriorcingulate in the right hemisphere generated by parcellation of the white surface using Desikan-Killiany parcellation,21282,21262,21270,10684,-,-,31966,31941,31952,8.10E-02,1.53E-02
379,26892,aparc-Desikan_rh_volume_caudalmiddlefrontal,,mm3,float,1,Volume,S,regional and tissue volume,Volume of caudalmiddlefrontal in the right hemisphere generated by parcellation of the white surface using Desikan-Killiany parcellation,21282,21262,21270,10686,-,-,31968,31943,31954,1.87E-01,1.96E-02
380,26893,aparc-Desikan_rh_volume_cuneus,,mm3,float,1,Volume,S,regional and tissue volume,Volume of cuneus in the right hemisphere generated by parcellation of the white surface using Desikan-Killiany parcellation,21282,21262,21270,10686,-,-,31968,31943,31954,2.67E-01,2.43E-02
381,26894,aparc-Desikan_rh_volume_entorhinal,,mm3,float,1,Volume,S,regional and tissue volume,Volume of entorhinal in the right hemisphere generated by parcellation of the white surface using Desikan-Killiany parcellation,21282,21262,21270,10686,-,-,31968,31943,31954,1.26E-01,1.71E-02
382,26895,aparc-Desikan_rh_volume_fusiform,,mm3,float,1,Volume,S,regional and tissue volume,Volume of fusiform in the right hemisphere generated by parcellation of the white surface using Desikan-Killiany parcellation,21282,21262,21270,10686,-,-,31968,31943,31954,1.91E-01,1.78E-02
383,26896,aparc-Desikan_rh_volume_inferiorparietal,,mm3,float,1,Volume,S,regional and tissue volume,Volume of inferiorparietal in the right hemisphere generated by parcellation of the white surface using Desikan-Killiany parcellation,21282,21262,21270,10686,-,-,31968,31943,31954,1.59E-01,1.86E-02
384,26897,aparc-Desikan_rh_volume_inferiortemporal,,mm3,float,1,Volume,S,regional and tissue volume,Volume of inferiortemporal in the right hemisphere generated by parcellation of the white surface using Desikan-Killiany parcellation,21282,21262,21270,10686,-,-,31968,31943,31954,1.87E-01,1.78E-02
385,26898,aparc-Desikan_rh_volume_isthmuscingulate,,mm3,float,1,Volume,S,regional and tissue volume,Volume of isthmuscingulate in the right hemisphere generated by parcellation of the white surface using Desikan-Killiany parcellation,21282,21262,21270,10686,-,-,31968,31943,31954,1.26E-01,1.88E-02
386,26899,aparc-Desikan_rh_volume_lateraloccipital,,mm3,float,1,Volume,S,regional and tissue volume,Volume of lateraloccipital in the right hemisphere generated by parcellation of the white surface using Desikan-Killiany parcellation,21282,21262,21270,10686,-,-,31968,31943,31954,2.03E-01,2.11E-02
387,26900,aparc-Desikan_rh_volume_lateralorbitofrontal,,mm3,float,1,Volume,S,regional and tissue volume,Volume of lateralorbitofrontal in the right hemisphere generated by parcellation of the white surface using Desikan-Killiany parcellation,21282,21262,21270,10686,-,-,31968,31943,31954,2.06E-01,1.94E-02
388,26901,aparc-Desikan_rh_volume_lingual,,mm3,float,1,Volume,S,regional and tissue volume,Volume of lingual in the right hemisphere generated by parcellation of the white surface using Desikan-Killiany parcellation,21282,21262,21270,10686,-,-,31968,31943,31954,2.24E-01,2.40E-02
389,26902,aparc-Desikan_rh_volume_medialorbitofrontal,,mm3,float,1,Volume,S,regional and tissue volume,Volume of medialorbitofrontal in the right hemisphere generated by parcellation of the white surface using Desikan-Killiany parcellation,21282,21262,21270,10686,-,-,31968,31943,31954,1.59E-01,1.73E-02
390,26903,aparc-Desikan_rh_volume_middletemporal,,mm3,float,1,Volume,S,regional and tissue volume,Volume of middletemporal in the right hemisphere generated by parcellation of the white surface using Desikan-Killiany parcellation,21282,21262,21270,10686,-,-,31968,31943,31954,2.03E-01,2.09E-02
391,26904,aparc-Desikan_rh_volume_parahippocampal,,mm3,float,1,Volume,S,regional and tissue volume,Volume of parahippocampal in the right hemisphere generated by parcellation of the white surface using Desikan-Killiany parcellation,21282,21262,21270,10686,-,-,31968,31943,31954,1.92E-01,1.86E-02
392,26905,aparc-Desikan_rh_volume_paracentral,,mm3,float,1,Volume,S,regional and tissue volume,Volume of paracentral in the right hemisphere generated by parcellation of the white surface using Desikan-Killiany parcellation,21282,21262,21270,10686,-,-,31968,31943,31954,1.29E-01,1.72E-02
393,26906,aparc-Desikan_rh_volume_parsopercularis,,mm3,float,1,Volume,S,regional and tissue volume,Volume of parsopercularis in the right hemisphere generated by parcellation of the white surface using Desikan-Killiany parcellation,21282,21262,21270,10686,-,-,31968,31943,31954,1.28E-01,1.79E-02
394,26907,aparc-Desikan_rh_volume_parsorbitalis,,mm3,float,1,Volume,S,regional and tissue volume,Volume of parsorbitalis in the right hemisphere generated by parcellation of the white surface using Desikan-Killiany parcellation,21281,21261,21269,10685,-,-,31966,31941,31952,1.64E-01,1.75E-02
395,26908,aparc-Desikan_rh_volume_parstriangularis,,mm3,float,1,Volume,S,regional and tissue volume,Volume of parstriangularis in the right hemisphere generated by parcellation of the white surface using Desikan-Killiany parcellation,21282,21262,21270,10686,-,-,31968,31943,31954,1.25E-01,2.05E-02
396,26909,aparc-Desikan_rh_volume_pericalcarine,,mm3,float,1,Volume,S,regional and tissue volume,Volume of pericalcarine in the right hemisphere generated by parcellation of the white surface using Desikan-Killiany parcellation,21282,21262,21270,10686,-,-,31968,31943,31954,3.14E-01,2.93E-02
397,26910,aparc-Desikan_rh_volume_postcentral,,mm3,float,1,Volume,S,regional and tissue volume,Volume of postcentral in the right hemisphere generated by parcellation of the white surface using Desikan-Killiany parcellation,21282,21262,21270,10686,-,-,31968,31943,31954,1.81E-01,1.96E-02
398,26911,aparc-Desikan_rh_volume_posteriorcingulate,,mm3,float,1,Volume,S,regional and tissue volume,Volume of posteriorcingulate in the right hemisphere generated by parcellation of the white surface using Desikan-Killiany parcellation,21282,21262,21270,10686,-,-,31968,31943,31954,1.25E-01,1.71E-02
399,26912,aparc-Desikan_rh_volume_precentral,,mm3,float,1,Volume,S,regional and tissue volume,Volume of precentral in the right hemisphere generated by parcellation of the white surface using Desikan-Killiany parcellation,21282,21262,21270,10686,10681,10684,31968,31943,31954,2.23E-01,2.20E-02
400,26913,aparc-Desikan_rh_volume_precuneus,,mm3,float,1,Volume,S,regional and tissue volume,Volume of precuneus in the right hemisphere generated by parcellation of the white surface using Desikan-Killiany parcellation,21282,21262,21270,10686,-,-,31968,31943,31954,2.27E-01,2.13E-02
401,26914,aparc-Desikan_rh_volume_rostralanteriorcingulate,,mm3,float,1,Volume,S,regional and tissue volume,Volume of rostralanteriorcingulate in the right hemisphere generated by parcellation of the white surface using Desikan-Killiany parcellation,21282,21262,21270,10685,-,-,31967,31942,31953,1.04E-01,1.40E-02
402,26915,aparc-Desikan_rh_volume_rostralmiddlefrontal,,mm3,float,1,Volume,S,regional and tissue volume,Volume of rostralmiddlefrontal in the right hemisphere generated by parcellation of the white surface using Desikan-Killiany parcellation,21282,21262,21270,10686,-,-,31968,31943,31954,1.90E-01,1.76E-02
403,26916,aparc-Desikan_rh_volume_superiorfrontal,,mm3,float,1,Volume,S,regional and tissue volume,Volume of superiorfrontal in the right hemisphere generated by parcellation of the white surface using Desikan-Killiany parcellation,21282,21262,21270,10686,-,-,31968,31943,31954,1.88E-01,1.75E-02
404,26917,aparc-Desikan_rh_volume_superiorparietal,,mm3,float,1,Volume,S,regional and tissue volume,Volume of superiorparietal in the right hemisphere generated by parcellation of the white surface using Desikan-Killiany parcellation,21282,21262,21270,10686,-,-,31968,31943,31954,1.71E-01,1.97E-02
405,26918,aparc-Desikan_rh_volume_superiortemporal,,mm3,float,1,Volume,S,regional and tissue volume,Volume of superiortemporal in the right hemisphere generated by parcellation of the white surface using Desikan-Killiany parcellation,21282,21262,21270,10686,-,-,31968,31943,31954,2.25E-01,1.78E-02
406,26919,aparc-Desikan_rh_volume_supramarginal,,mm3,float,1,Volume,S,regional and tissue volume,Volume of supramarginal in the right hemisphere generated by parcellation of the white surface using Desikan-Killiany parcellation,21282,21262,21270,10686,-,-,31968,31943,31954,1.54E-01,1.77E-02
407,26920,aparc-Desikan_rh_volume_frontalpole,,mm3,float,1,Volume,S,regional and tissue volume,Volume of frontalpole in the right hemisphere generated by parcellation of the white surface using Desikan-Killiany parcellation,21281,21261,21269,10686,-,-,31967,31942,31953,7.18E-02,1.62E-02
408,26921,aparc-Desikan_rh_volume_transversetemporal,,mm3,float,1,Volume,S,regional and tissue volume,Volume of transversetemporal in the right hemisphere generated by parcellation of the white surface using Desikan-Killiany parcellation,21281,21261,21269,10686,-,-,31967,31942,31953,1.47E-01,1.78E-02
409,26922,aparc-Desikan_rh_volume_insula,,mm3,float,1,Volume,S,regional and tissue volume,Volume of insula in the right hemisphere generated by parcellation of the white surface using Desikan-Killiany parcellation,21282,21262,21270,10686,-,-,31968,31943,31954,2.39E-01,2.17E-02
716,26923,aparc-pial_lh_area_TotalSurface,,mm2,float,2,Area,S,cortical area,Area of TotalSurface in the left hemisphere generated by parcellation of the pial surface using Desikan-Killiany parcellation,21282,21262,21270,10686,-,-,31968,31943,31954,2.93E-01,2.09E-02
717,26924,aparc-pial_lh_area_bankssts,,mm2,float,2,Area,S,cortical area,Area of bankssts in the left hemisphere generated by parcellation of the pial surface using Desikan-Killiany parcellation,21282,21262,21270,10686,-,-,31968,31943,31954,1.00E-01,1.61E-02
718,26925,aparc-pial_lh_area_caudalanteriorcingulate,,mm2,float,2,Area,S,cortical area,Area of caudalanteriorcingulate in the left hemisphere generated by parcellation of the pial surface using Desikan-Killiany parcellation,21282,21262,21270,10685,-,-,31967,31942,31953,9.60E-02,1.48E-02
719,26926,aparc-pial_lh_area_caudalmiddlefrontal,,mm2,float,2,Area,S,cortical area,Area of caudalmiddlefrontal in the left hemisphere generated by parcellation of the pial surface using Desikan-Killiany parcellation,21282,21262,21270,10686,-,-,31968,31943,31954,1.51E-01,2.33E-02
720,26927,aparc-pial_lh_area_cuneus,,mm2,float,2,Area,S,cortical area,Area of cuneus in the left hemisphere generated by parcellation of the pial surface using Desikan-Killiany parcellation,21282,21262,21270,10686,-,-,31968,31943,31954,2.67E-01,2.43E-02
721,26928,aparc-pial_lh_area_entorhinal,,mm2,float,2,Area,S,cortical area,Area of entorhinal in the left hemisphere generated by parcellation of the pial surface using Desikan-Killiany parcellation,21281,21261,21269,10686,-,-,31967,31942,31953,1.27E-01,1.59E-02
722,26929,aparc-pial_lh_area_fusiform,,mm2,float,2,Area,S,cortical area,Area of fusiform in the left hemisphere generated by parcellation of the pial surface using Desikan-Killiany parcellation,21282,21262,21270,10686,-,-,31968,31943,31954,1.64E-01,1.87E-02
723,26930,aparc-pial_lh_area_inferiorparietal,,mm2,float,2,Area,S,cortical area,Area of inferiorparietal in the left hemisphere generated by parcellation of the pial surface using Desikan-Killiany parcellation,21282,21262,21270,10686,-,-,31968,31943,31954,1.89E-01,1.78E-02
724,26931,aparc-pial_lh_area_inferiortemporal,,mm2,float,2,Area,S,cortical area,Area of inferiortemporal in the left hemisphere generated by parcellation of the pial surface using Desikan-Killiany parcellation,21282,21262,21270,10686,-,-,31968,31943,31954,1.73E-01,1.73E-02
725,26932,aparc-pial_lh_area_isthmuscingulate,,mm2,float,2,Area,S,cortical area,Area of isthmuscingulate in the left hemisphere generated by parcellation of the pial surface using Desikan-Killiany parcellation,21281,21261,21269,10686,-,-,31967,31942,31953,1.88E-01,2.05E-02
726,26933,aparc-pial_lh_area_lateraloccipital,,mm2,float,2,Area,S,cortical area,Area of lateraloccipital in the left hemisphere generated by parcellation of the pial surface using Desikan-Killiany parcellation,21282,21262,21270,10686,10681,10684,31968,31943,31954,1.93E-01,2.00E-02
727,26934,aparc-pial_lh_area_lateralorbitofrontal,,mm2,float,2,Area,S,cortical area,Area of lateralorbitofrontal in the left hemisphere generated by parcellation of the pial surface using Desikan-Killiany parcellation,21282,21262,21270,10685,-,-,31967,31942,31953,2.56E-01,2.33E-02
728,26935,aparc-pial_lh_area_lingual,,mm2,float,2,Area,S,cortical area,Area of lingual in the left hemisphere generated by parcellation of the pial surface using Desikan-Killiany parcellation,21282,21262,21270,10686,-,-,31968,31943,31954,2.47E-01,2.25E-02
729,26936,aparc-pial_lh_area_medialorbitofrontal,,mm2,float,2,Area,S,cortical area,Area of medialorbitofrontal in the left hemisphere generated by parcellation of the pial surface using Desikan-Killiany parcellation,21282,21262,21270,10686,-,-,31968,31943,31954,9.97E-02,1.77E-02
730,26937,aparc-pial_lh_area_middletemporal,,mm2,float,2,Area,S,cortical area,Area of middletemporal in the left hemisphere generated by parcellation of the pial surface using Desikan-Killiany parcellation,21282,21262,21270,10686,-,-,31968,31943,31954,2.19E-01,1.94E-02
731,26938,aparc-pial_lh_area_parahippocampal,,mm2,float,2,Area,S,cortical area,Area of parahippocampal in the left hemisphere generated by parcellation of the pial surface using Desikan-Killiany parcellation,21282,21262,21270,10686,-,-,31968,31943,31954,1.68E-01,1.90E-02
732,26939,aparc-pial_lh_area_paracentral,,mm2,float,2,Area,S,cortical area,Area of paracentral in the left hemisphere generated by parcellation of the pial surface using Desikan-Killiany parcellation,21282,21262,21270,10686,-,-,31968,31943,31954,1.73E-01,2.08E-02
733,26940,aparc-pial_lh_area_parsopercularis,,mm2,float,2,Area,S,cortical area,Area of parsopercularis in the left hemisphere generated by parcellation of the pial surface using Desikan-Killiany parcellation,21282,21262,21270,10686,-,-,31968,31943,31954,1.12E-01,1.53E-02
734,26941,aparc-pial_lh_area_parsorbitalis,,mm2,float,2,Area,S,cortical area,Area of parsorbitalis in the left hemisphere generated by parcellation of the pial surface using Desikan-Killiany parcellation,21282,21262,21270,10685,-,-,31967,31942,31953,1.39E-01,1.77E-02
735,26942,aparc-pial_lh_area_parstriangularis,,mm2,float,2,Area,S,cortical area,Area of parstriangularis in the left hemisphere generated by parcellation of the pial surface using Desikan-Killiany parcellation,21282,21262,21270,10686,-,-,31968,31943,31954,1.31E-01,1.87E-02
736,26943,aparc-pial_lh_area_pericalcarine,,mm2,float,2,Area,S,cortical area,Area of pericalcarine in the left hemisphere generated by parcellation of the pial surface using Desikan-Killiany parcellation,21282,21262,21270,10686,10681,10684,31968,31943,31954,2.97E-01,2.80E-02
737,26944,aparc-pial_lh_area_postcentral,,mm2,float,2,Area,S,cortical area,Area of postcentral in the left hemisphere generated by parcellation of the pial surface using Desikan-Killiany parcellation,21282,21262,21270,10686,-,-,31968,31943,31954,1.62E-01,1.97E-02
738,26945,aparc-pial_lh_area_posteriorcingulate,,mm2,float,2,Area,S,cortical area,Area of posteriorcingulate in the left hemisphere generated by parcellation of the pial surface using Desikan-Killiany parcellation,21281,21261,21269,10686,-,-,31967,31942,31953,1.44E-01,3.02E-02
739,26946,aparc-pial_lh_area_precentral,,mm2,float,2,Area,S,cortical area,Area of precentral in the left hemisphere generated by parcellation of the pial surface using Desikan-Killiany parcellation,21282,21262,21270,10686,-,-,31968,31943,31954,2.30E-01,2.55E-02
740,26947,aparc-pial_lh_area_precuneus,,mm2,float,2,Area,S,cortical area,Area of precuneus in the left hemisphere generated by parcellation of the pial surface using Desikan-Killiany parcellation,21282,21262,21270,10686,-,-,31968,31943,31954,2.52E-01,2.10E-02
741,26948,aparc-pial_lh_area_rostralanteriorcingulate,,mm2,float,2,Area,S,cortical area,Area of rostralanteriorcingulate in the left hemisphere generated by parcellation of the pial surface using Desikan-Killiany parcellation,21282,21262,21270,10685,-,-,31967,31942,31953,1.76E-01,1.77E-02
742,26949,aparc-pial_lh_area_rostralmiddlefrontal,,mm2,float,2,Area,S,cortical area,Area of rostralmiddlefrontal in the left hemisphere generated by parcellation of the pial surface using Desikan-Killiany parcellation,21282,21262,21270,10686,10681,10684,31968,31943,31954,2.42E-01,1.91E-02
743,26950,aparc-pial_lh_area_superiorfrontal,,mm2,float,2,Area,S,cortical area,Area of superiorfrontal in the left hemisphere generated by parcellation of the pial surface using Desikan-Killiany parcellation,21282,21262,21270,10686,10681,10684,31968,31943,31954,2.24E-01,2.50E-02
744,26951,aparc-pial_lh_area_superiorparietal,,mm2,float,2,Area,S,cortical area,Area of superiorparietal in the left hemisphere generated by parcellation of the pial surface using Desikan-Killiany parcellation,21282,21262,21270,10686,-,-,31968,31943,31954,1.99E-01,1.98E-02
745,26952,aparc-pial_lh_area_superiortemporal,,mm2,float,2,Area,S,cortical area,Area of superiortemporal in the left hemisphere generated by parcellation of the pial surface using Desikan-Killiany parcellation,21282,21262,21270,10686,-,-,31968,31943,31954,2.44E-01,3.71E-02
746,26953,aparc-pial_lh_area_supramarginal,,mm2,float,2,Area,S,cortical area,Area of supramarginal in the left hemisphere generated by parcellation of the pial surface using Desikan-Killiany parcellation,21282,21262,21270,10686,-,-,31968,31943,31954,1.71E-01,1.80E-02
747,26954,aparc-pial_lh_area_frontalpole,,mm2,float,2,Area,S,cortical area,Area of frontalpole in the left hemisphere generated by parcellation of the pial surface using Desikan-Killiany parcellation,21282,21262,21270,10685,-,-,31967,31942,31953,6.62E-02,1.59E-02
748,26955,aparc-pial_lh_area_transversetemporal,,mm2,float,2,Area,S,cortical area,Area of transversetemporal in the left hemisphere generated by parcellation of the pial surface using Desikan-Killiany parcellation,21282,21262,21270,10686,-,-,31968,31943,31954,1.80E-01,1.84E-02
749,26956,aparc-pial_rh_area_TotalSurface,,mm2,float,2,Area,S,cortical area,Area of TotalSurface in the right hemisphere generated by parcellation of the pial surface using Desikan-Killiany parcellation,21282,21262,21270,10686,-,-,31968,31943,31954,2.87E-01,2.17E-02
750,26957,aparc-pial_rh_area_bankssts,,mm2,float,2,Area,S,cortical area,Area of bankssts in the right hemisphere generated by parcellation of the pial surface using Desikan-Killiany parcellation,21282,21262,21270,10686,-,-,31968,31943,31954,8.62E-02,1.54E-02
751,26958,aparc-pial_rh_area_caudalanteriorcingulate,,mm2,float,2,Area,S,cortical area,Area of caudalanteriorcingulate in the right hemisphere generated by parcellation of the pial surface using Desikan-Killiany parcellation,21282,21262,21270,10684,-,-,31966,31941,31952,1.00E-01,1.74E-02
752,26959,aparc-pial_rh_area_caudalmiddlefrontal,,mm2,float,2,Area,S,cortical area,Area of caudalmiddlefrontal in the right hemisphere generated by parcellation of the pial surface using Desikan-Killiany parcellation,21282,21262,21270,10686,-,-,31968,31943,31954,1.92E-01,2.25E-02
753,26960,aparc-pial_rh_area_cuneus,,mm2,float,2,Area,S,cortical area,Area of cuneus in the right hemisphere generated by parcellation of the pial surface using Desikan-Killiany parcellation,21282,21262,21270,10686,-,-,31968,31943,31954,2.71E-01,2.33E-02
754,26961,aparc-pial_rh_area_entorhinal,,mm2,float,2,Area,S,cortical area,Area of entorhinal in the right hemisphere generated by parcellation of the pial surface using Desikan-Killiany parcellation,21282,21262,21270,10686,-,-,31968,31943,31954,1.27E-01,1.70E-02
755,26962,aparc-pial_rh_area_fusiform,,mm2,float,2,Area,S,cortical area,Area of fusiform in the right hemisphere generated by parcellation of the pial surface using Desikan-Killiany parcellation,21282,21262,21270,10686,-,-,31968,31943,31954,1.79E-01,1.90E-02
756,26963,aparc-pial_rh_area_inferiorparietal,,mm2,float,2,Area,S,cortical area,Area of inferiorparietal in the right hemisphere generated by parcellation of the pial surface using Desikan-Killiany parcellation,21282,21262,21270,10686,-,-,31968,31943,31954,1.75E-01,1.82E-02
757,26964,aparc-pial_rh_area_inferiortemporal,,mm2,float,2,Area,S,cortical area,Area of inferiortemporal in the right hemisphere generated by parcellation of the pial surface using Desikan-Killiany parcellation,21282,21262,21270,10686,-,-,31968,31943,31954,1.87E-01,1.72E-02
758,26965,aparc-pial_rh_area_isthmuscingulate,,mm2,float,2,Area,S,cortical area,Area of isthmuscingulate in the right hemisphere generated by parcellation of the pial surface using Desikan-Killiany parcellation,21282,21262,21270,10686,-,-,31968,31943,31954,1.56E-01,1.92E-02
759,26966,aparc-pial_rh_area_lateraloccipital,,mm2,float,2,Area,S,cortical area,Area of lateraloccipital in the right hemisphere generated by parcellation of the pial surface using Desikan-Killiany parcellation,21282,21262,21270,10686,10681,10684,31968,31943,31954,2.18E-01,2.15E-02
760,26967,aparc-pial_rh_area_lateralorbitofrontal,,mm2,float,2,Area,S,cortical area,Area of lateralorbitofrontal in the right hemisphere generated by parcellation of the pial surface using Desikan-Killiany parcellation,21282,21262,21270,10686,10681,10684,31968,31943,31954,1.89E-01,2.06E-02
761,26968,aparc-pial_rh_area_lingual,,mm2,float,2,Area,S,cortical area,Area of lingual in the right hemisphere generated by parcellation of the pial surface using Desikan-Killiany parcellation,21282,21262,21270,10686,-,-,31968,31943,31954,2.46E-01,2.32E-02
762,26969,aparc-pial_rh_area_medialorbitofrontal,,mm2,float,2,Area,S,cortical area,Area of medialorbitofrontal in the right hemisphere generated by parcellation of the pial surface using Desikan-Killiany parcellation,21282,21262,21270,10686,-,-,31968,31943,31954,1.63E-01,1.84E-02
763,26970,aparc-pial_rh_area_middletemporal,,mm2,float,2,Area,S,cortical area,Area of middletemporal in the right hemisphere generated by parcellation of the pial surface using Desikan-Killiany parcellation,21282,21262,21270,10686,-,-,31968,31943,31954,2.06E-01,2.07E-02
764,26971,aparc-pial_rh_area_parahippocampal,,mm2,float,2,Area,S,cortical area,Area of parahippocampal in the right hemisphere generated by parcellation of the pial surface using Desikan-Killiany parcellation,21282,21262,21270,10686,-,-,31968,31943,31954,1.79E-01,1.84E-02
765,26972,aparc-pial_rh_area_paracentral,,mm2,float,2,Area,S,cortical area,Area of paracentral in the right hemisphere generated by parcellation of the pial surface using Desikan-Killiany parcellation,21282,21262,21270,10686,-,-,31968,31943,31954,1.48E-01,2.29E-02
766,26973,aparc-pial_rh_area_parsopercularis,,mm2,float,2,Area,S,cortical area,Area of parsopercularis in the right hemisphere generated by parcellation of the pial surface using Desikan-Killiany parcellation,21282,21262,21270,10686,-,-,31968,31943,31954,1.12E-01,1.72E-02
767,26974,aparc-pial_rh_area_parsorbitalis,,mm2,float,2,Area,S,cortical area,Area of parsorbitalis in the right hemisphere generated by parcellation of the pial surface using Desikan-Killiany parcellation,21281,21261,21269,10685,-,-,31966,31941,31952,1.45E-01,1.67E-02
768,26975,aparc-pial_rh_area_parstriangularis,,mm2,float,2,Area,S,cortical area,Area of parstriangularis in the right hemisphere generated by parcellation of the pial surface using Desikan-Killiany parcellation,21282,21262,21270,10686,-,-,31968,31943,31954,1.35E-01,1.94E-02
769,26976,aparc-pial_rh_area_pericalcarine,,mm2,float,2,Area,S,cortical area,Area of pericalcarine in the right hemisphere generated by parcellation of the pial surface using Desikan-Killiany parcellation,21282,21262,21270,10686,-,-,31968,31943,31954,3.15E-01,2.95E-02
770,26977,aparc-pial_rh_area_postcentral,,mm2,float,2,Area,S,cortical area,Area of postcentral in the right hemisphere generated by parcellation of the pial surface using Desikan-Killiany parcellation,21282,21262,21270,10686,-,-,31968,31943,31954,1.73E-01,1.93E-02
771,26978,aparc-pial_rh_area_posteriorcingulate,,mm2,float,2,Area,S,cortical area,Area of posteriorcingulate in the right hemisphere generated by parcellation of the pial surface using Desikan-Killiany parcellation,21282,21262,21270,10686,-,-,31968,31943,31954,1.58E-01,2.41E-02
772,26979,aparc-pial_rh_area_precentral,,mm2,float,2,Area,S,cortical area,Area of precentral in the right hemisphere generated by parcellation of the pial surface using Desikan-Killiany parcellation,21282,21262,21270,10686,-,-,31968,31943,31954,2.59E-01,3.05E-02
773,26980,aparc-pial_rh_area_precuneus,,mm2,float,2,Area,S,cortical area,Area of precuneus in the right hemisphere generated by parcellation of the pial surface using Desikan-Killiany parcellation,21282,21262,21270,10686,-,-,31968,31943,31954,2.06E-01,1.91E-02
774,26981,aparc-pial_rh_area_rostralanteriorcingulate,,mm2,float,2,Area,S,cortical area,Area of rostralanteriorcingulate in the right hemisphere generated by parcellation of the pial surface using Desikan-Killiany parcellation,21282,21262,21270,10685,-,-,31967,31942,31953,9.38E-02,1.44E-02
775,26982,aparc-pial_rh_area_rostralmiddlefrontal,,mm2,float,2,Area,S,cortical area,Area of rostralmiddlefrontal in the right hemisphere generated by parcellation of the pial surface using Desikan-Killiany parcellation,21282,21262,21270,10686,10681,10684,31968,31943,31954,2.30E-01,1.92E-02
776,26983,aparc-pial_rh_area_superiorfrontal,,mm2,float,2,Area,S,cortical area,Area of superiorfrontal in the right hemisphere generated by parcellation of the pial surface using Desikan-Killiany parcellation,21282,21262,21270,10686,-,-,31968,31943,31954,1.94E-01,1.88E-02
777,26984,aparc-pial_rh_area_superiorparietal,,mm2,float,2,Area,S,cortical area,Area of superiorparietal in the right hemisphere generated by parcellation of the pial surface using Desikan-Killiany parcellation,21282,21262,21270,10686,-,-,31968,31943,31954,1.82E-01,1.84E-02
778,26985,aparc-pial_rh_area_superiortemporal,,mm2,float,2,Area,S,cortical area,Area of superiortemporal in the right hemisphere generated by parcellation of the pial surface using Desikan-Killiany parcellation,21282,21262,21270,10686,-,-,31968,31943,31954,2.24E-01,2.75E-02
779,26986,aparc-pial_rh_area_supramarginal,,mm2,float,2,Area,S,cortical area,Area of supramarginal in the right hemisphere generated by parcellation of the pial surface using Desikan-Killiany parcellation,21282,21262,21270,10686,-,-,31968,31943,31954,1.60E-01,1.81E-02
780,26987,aparc-pial_rh_area_frontalpole,,mm2,float,2,Area,S,cortical area,Area of frontalpole in the right hemisphere generated by parcellation of the pial surface using Desikan-Killiany parcellation,21281,21261,21269,10686,-,-,31967,31942,31953,5.95E-02,1.41E-02
781,26988,aparc-pial_rh_area_transversetemporal,,mm2,float,2,Area,S,cortical area,Area of transversetemporal in the right hemisphere generated by parcellation of the pial surface using Desikan-Killiany parcellation,21281,21261,21269,10686,-,-,31967,31942,31953,1.79E-01,1.84E-02
1367,26989,wg_lh_intensity-contrast_unknown,,AU,float,5,Grey-white contrast,S,cortical grey-white contrast,Grey-white contrast in unknown in the left hemisphere calculated as a percentage of the mean gray-white matter intensity from Desikan-Killiany parcellation,21282,21262,21270,10686,-,-,31968,31943,31954,4.84E-02,1.30E-02
1368,26990,wg_lh_intensity-contrast_bankssts,,AU,float,5,Grey-white contrast,S,cortical grey-white contrast,Grey-white contrast in bankssts in the left hemisphere calculated as a percentage of the mean gray-white matter intensity from Desikan-Killiany parcellation,21282,21262,21270,10686,-,-,31968,31943,31954,2.97E-01,2.68E-02
1369,26991,wg_lh_intensity-contrast_caudalanteriorcingulate,,AU,float,5,Grey-white contrast,S,cortical grey-white contrast,Grey-white contrast in caudalanteriorcingulate in the left hemisphere calculated as a percentage of the mean gray-white matter intensity from Desikan-Killiany parcellation,21282,21262,21270,10685,-,-,31967,31942,31953,1.52E-01,1.92E-02
1370,26992,wg_lh_intensity-contrast_caudalmiddlefrontal,,AU,float,5,Grey-white contrast,S,cortical grey-white contrast,Grey-white contrast in caudalmiddlefrontal in the left hemisphere calculated as a percentage of the mean gray-white matter intensity from Desikan-Killiany parcellation,21282,21262,21270,10686,-,-,31968,31943,31954,3.25E-01,2.74E-02
1371,26993,wg_lh_intensity-contrast_cuneus,,AU,float,5,Grey-white contrast,S,cortical grey-white contrast,Grey-white contrast in cuneus in the left hemisphere calculated as a percentage of the mean gray-white matter intensity from Desikan-Killiany parcellation,21282,21262,21270,10686,-,-,31968,31943,31954,3.35E-01,3.72E-02
1372,26994,wg_lh_intensity-contrast_entorhinal,,AU,float,5,Grey-white contrast,S,cortical grey-white contrast,Grey-white contrast in entorhinal in the left hemisphere calculated as a percentage of the mean gray-white matter intensity from Desikan-Killiany parcellation,21281,21261,21269,10686,-,-,31967,31942,31953,2.01E-01,2.25E-02
1373,26995,wg_lh_intensity-contrast_fusiform,,AU,float,5,Grey-white contrast,S,cortical grey-white contrast,Grey-white contrast in fusiform in the left hemisphere calculated as a percentage of the mean gray-white matter intensity from Desikan-Killiany parcellation,21282,21262,21270,10686,10681,10684,31968,31943,31954,3.66E-01,3.13E-02
1374,26996,wg_lh_intensity-contrast_inferiorparietal,,AU,float,5,Grey-white contrast,S,cortical grey-white contrast,Grey-white contrast in inferiorparietal in the left hemisphere calculated as a percentage of the mean gray-white matter intensity from Desikan-Killiany parcellation,21282,21262,21270,10686,10681,10684,31968,31943,31954,3.51E-01,2.99E-02
1375,26997,wg_lh_intensity-contrast_inferiortemporal,,AU,float,5,Grey-white contrast,S,cortical grey-white contrast,Grey-white contrast in inferiortemporal in the left hemisphere calculated as a percentage of the mean gray-white matter intensity from Desikan-Killiany parcellation,21282,21262,21270,10686,10681,10684,31968,31943,31954,3.43E-01,2.95E-02
1376,26998,wg_lh_intensity-contrast_isthmuscingulate,,AU,float,5,Grey-white contrast,S,cortical grey-white contrast,Grey-white contrast in isthmuscingulate in the left hemisphere calculated as a percentage of the mean gray-white matter intensity from Desikan-Killiany parcellation,21281,21261,21269,10686,-,-,31967,31942,31953,3.04E-01,3.35E-02
1377,26999,wg_lh_intensity-contrast_lateraloccipital,,AU,float,5,Grey-white contrast,S,cortical grey-white contrast,Grey-white contrast in lateraloccipital in the left hemisphere calculated as a percentage of the mean gray-white matter intensity from Desikan-Killiany parcellation,21282,21262,21270,10686,-,-,31968,31943,31954,3.62E-01,3.10E-02
1378,27000,wg_lh_intensity-contrast_lateralorbitofrontal,,AU,float,5,Grey-white contrast,S,cortical grey-white contrast,Grey-white contrast in lateralorbitofrontal in the left hemisphere calculated as a percentage of the mean gray-white matter intensity from Desikan-Killiany parcellation,21282,21262,21270,10685,10680,10683,31967,31942,31953,3.30E-01,3.09E-02
1379,27001,wg_lh_intensity-contrast_lingual,,AU,float,5,Grey-white contrast,S,cortical grey-white contrast,Grey-white contrast in lingual in the left hemisphere calculated as a percentage of the mean gray-white matter intensity from Desikan-Killiany parcellation,21282,21262,21270,10686,-,-,31968,31943,31954,3.49E-01,2.78E-02
1380,27002,wg_lh_intensity-contrast_medialorbitofrontal,,AU,float,5,Grey-white contrast,S,cortical grey-white contrast,Grey-white contrast in medialorbitofrontal in the left hemisphere calculated as a percentage of the mean gray-white matter intensity from Desikan-Killiany parcellation,21282,21262,21270,10686,10681,10684,31968,31943,31954,2.70E-01,2.84E-02
1381,27003,wg_lh_intensity-contrast_middletemporal,,AU,float,5,Grey-white contrast,S,cortical grey-white contrast,Grey-white contrast in middletemporal in the left hemisphere calculated as a percentage of the mean gray-white matter intensity from Desikan-Killiany parcellation,21282,21262,21270,10686,-,-,31968,31943,31954,3.41E-01,2.96E-02
1382,27004,wg_lh_intensity-contrast_parahippocampal,,AU,float,5,Grey-white contrast,S,cortical grey-white contrast,Grey-white contrast in parahippocampal in the left hemisphere calculated as a percentage of the mean gray-white matter intensity from Desikan-Killiany parcellation,21282,21262,21270,10686,-,-,31968,31943,31954,2.67E-01,2.47E-02
1383,27005,wg_lh_intensity-contrast_paracentral,,AU,float,5,Grey-white contrast,S,cortical grey-white contrast,Grey-white contrast in paracentral in the left hemisphere calculated as a percentage of the mean gray-white matter intensity from Desikan-Killiany parcellation,21282,21262,21270,10686,-,-,31968,31943,31954,3.16E-01,2.60E-02
1384,27006,wg_lh_intensity-contrast_parsopercularis,,AU,float,5,Grey-white contrast,S,cortical grey-white contrast,Grey-white contrast in parsopercularis in the left hemisphere calculated as a percentage of the mean gray-white matter intensity from Desikan-Killiany parcellation,21282,21262,21270,10686,-,-,31968,31943,31954,3.44E-01,3.04E-02
1385,27007,wg_lh_intensity-contrast_parsorbitalis,,AU,float,5,Grey-white contrast,S,cortical grey-white contrast,Grey-white contrast in parsorbitalis in the left hemisphere calculated as a percentage of the mean gray-white matter intensity from Desikan-Killiany parcellation,21282,21262,21270,10685,-,-,31967,31942,31953,2.95E-01,2.39E-02
1386,27008,wg_lh_intensity-contrast_parstriangularis,,AU,float,5,Grey-white contrast,S,cortical grey-white contrast,Grey-white contrast in parstriangularis in the left hemisphere calculated as a percentage of the mean gray-white matter intensity from Desikan-Killiany parcellation,21282,21262,21270,10686,-,-,31968,31943,31954,3.14E-01,2.88E-02
1387,27009,wg_lh_intensity-contrast_pericalcarine,,AU,float,5,Grey-white contrast,S,cortical grey-white contrast,Grey-white contrast in pericalcarine in the left hemisphere calculated as a percentage of the mean gray-white matter intensity from Desikan-Killiany parcellation,21282,21262,21270,10686,-,-,31968,31943,31954,2.63E-01,2.43E-02
1388,27010,wg_lh_intensity-contrast_postcentral,,AU,float,5,Grey-white contrast,S,cortical grey-white contrast,Grey-white contrast in postcentral in the left hemisphere calculated as a percentage of the mean gray-white matter intensity from Desikan-Killiany parcellation,21282,21262,21270,10686,-,-,31968,31943,31954,3.56E-01,3.26E-02
1389,27011,wg_lh_intensity-contrast_posteriorcingulate,,AU,float,5,Grey-white contrast,S,cortical grey-white contrast,Grey-white contrast in posteriorcingulate in the left hemisphere calculated as a percentage of the mean gray-white matter intensity from Desikan-Killiany parcellation,21281,21261,21269,10686,10681,10684,31967,31942,31953,2.81E-01,2.55E-02
1390,27012,wg_lh_intensity-contrast_precentral,,AU,float,5,Grey-white contrast,S,cortical grey-white contrast,Grey-white contrast in precentral in the left hemisphere calculated as a percentage of the mean gray-white matter intensity from Desikan-Killiany parcellation,21282,21262,21270,10686,-,-,31968,31943,31954,3.46E-01,2.84E-02
1391,27013,wg_lh_intensity-contrast_precuneus,,AU,float,5,Grey-white contrast,S,cortical grey-white contrast,Grey-white contrast in precuneus in the left hemisphere calculated as a percentage of the mean gray-white matter intensity from Desikan-Killiany parcellation,21282,21262,21270,10686,10681,10684,31968,31943,31954,3.94E-01,3.43E-02
1392,27014,wg_lh_intensity-contrast_rostralanteriorcingulate,,AU,float,5,Grey-white contrast,S,cortical grey-white contrast,Grey-white contrast in rostralanteriorcingulate in the left hemisphere calculated as a percentage of the mean gray-white matter intensity from Desikan-Killiany parcellation,21282,21262,21270,10685,10680,10683,31967,31942,31953,2.37E-01,2.56E-02
1393,27015,wg_lh_intensity-contrast_rostralmiddlefrontal,,AU,float,5,Grey-white contrast,S,cortical grey-white contrast,Grey-white contrast in rostralmiddlefrontal in the left hemisphere calculated as a percentage of the mean gray-white matter intensity from Desikan-Killiany parcellation,21282,21262,21270,10686,-,-,31968,31943,31954,3.54E-01,3.17E-02
1394,27016,wg_lh_intensity-contrast_superiorfrontal,,AU,float,5,Grey-white contrast,S,cortical grey-white contrast,Grey-white contrast in superiorfrontal in the left hemisphere calculated as a percentage of the mean gray-white matter intensity from Desikan-Killiany parcellation,21282,21262,21270,10686,-,-,31968,31943,31954,3.68E-01,2.92E-02
1395,27017,wg_lh_intensity-contrast_superiorparietal,,AU,float,5,Grey-white contrast,S,cortical grey-white contrast,Grey-white contrast in superiorparietal in the left hemisphere calculated as a percentage of the mean gray-white matter intensity from Desikan-Killiany parcellation,21282,21262,21270,10686,10681,10684,31968,31943,31954,3.78E-01,3.49E-02
1396,27018,wg_lh_intensity-contrast_superiortemporal,,AU,float,5,Grey-white contrast,S,cortical grey-white contrast,Grey-white contrast in superiortemporal in the left hemisphere calculated as a percentage of the mean gray-white matter intensity from Desikan-Killiany parcellation,21282,21262,21270,10686,-,-,31968,31943,31954,3.61E-01,3.00E-02
1397,27019,wg_lh_intensity-contrast_supramarginal,,AU,float,5,Grey-white contrast,S,cortical grey-white contrast,Grey-white contrast in supramarginal in the left hemisphere calculated as a percentage of the mean gray-white matter intensity from Desikan-Killiany parcellation,21282,21262,21270,10686,-,-,31968,31943,31954,3.58E-01,2.95E-02
1398,27020,wg_lh_intensity-contrast_frontalpole,,AU,float,5,Grey-white contrast,S,cortical grey-white contrast,Grey-white contrast in frontalpole in the left hemisphere calculated as a percentage of the mean gray-white matter intensity from Desikan-Killiany parcellation,21282,21262,21270,10685,-,-,31967,31942,31953,2.30E-01,2.48E-02
1399,27021,wg_lh_intensity-contrast_temporalpole,,AU,float,5,Grey-white contrast,S,cortical grey-white contrast,Grey-white contrast in temporalpole in the left hemisphere calculated as a percentage of the mean gray-white matter intensity from Desikan-Killiany parcellation,21281,21261,21269,10686,10681,10684,31967,31942,31953,1.84E-01,2.03E-02
1400,27022,wg_lh_intensity-contrast_transversetemporal,,AU,float,5,Grey-white contrast,S,cortical grey-white contrast,Grey-white contrast in transversetemporal in the left hemisphere calculated as a percentage of the mean gray-white matter intensity from Desikan-Killiany parcellation,21282,21262,21270,10686,-,-,31968,31943,31954,2.94E-01,3.84E-02
1401,27023,wg_lh_intensity-contrast_insula,,AU,float,5,Grey-white contrast,S,cortical grey-white contrast,Grey-white contrast in insula in the left hemisphere calculated as a percentage of the mean gray-white matter intensity from Desikan-Killiany parcellation,21282,21262,21270,10686,-,-,31968,31943,31954,3.15E-01,3.00E-02
1402,27024,wg_rh_intensity-contrast_unknown,,AU,float,5,Grey-white contrast,S,cortical grey-white contrast,Grey-white contrast in unknown in the right hemisphere calculated as a percentage of the mean gray-white matter intensity from Desikan-Killiany parcellation,21282,21262,21270,10686,-,-,31968,31943,31954,2.90E-02,1.33E-02
1403,27025,wg_rh_intensity-contrast_bankssts,,AU,float,5,Grey-white contrast,S,cortical grey-white contrast,Grey-white contrast in bankssts in the right hemisphere calculated as a percentage of the mean gray-white matter intensity from Desikan-Killiany parcellation,21282,21262,21270,10686,-,-,31968,31943,31954,3.22E-01,2.66E-02
1404,27026,wg_rh_intensity-contrast_caudalanteriorcingulate,,AU,float,5,Grey-white contrast,S,cortical grey-white contrast,Grey-white contrast in caudalanteriorcingulate in the right hemisphere calculated as a percentage of the mean gray-white matter intensity from Desikan-Killiany parcellation,21282,21262,21270,10684,-,-,31966,31941,31952,1.56E-01,1.85E-02
1405,27027,wg_rh_intensity-contrast_caudalmiddlefrontal,,AU,float,5,Grey-white contrast,S,cortical grey-white contrast,Grey-white contrast in caudalmiddlefrontal in the right hemisphere calculated as a percentage of the mean gray-white matter intensity from Desikan-Killiany parcellation,21282,21262,21270,10686,-,-,31968,31943,31954,3.15E-01,2.60E-02
1406,27028,wg_rh_intensity-contrast_cuneus,,AU,float,5,Grey-white contrast,S,cortical grey-white contrast,Grey-white contrast in cuneus in the right hemisphere calculated as a percentage of the mean gray-white matter intensity from Desikan-Killiany parcellation,21282,21262,21270,10686,-,-,31968,31943,31954,3.21E-01,3.46E-02
1407,27029,wg_rh_intensity-contrast_entorhinal,,AU,float,5,Grey-white contrast,S,cortical grey-white contrast,Grey-white contrast in entorhinal in the right hemisphere calculated as a percentage of the mean gray-white matter intensity from Desikan-Killiany parcellation,21282,21262,21270,10686,10681,10684,31968,31943,31954,1.98E-01,2.09E-02
1408,27030,wg_rh_intensity-contrast_fusiform,,AU,float,5,Grey-white contrast,S,cortical grey-white contrast,Grey-white contrast in fusiform in the right hemisphere calculated as a percentage of the mean gray-white matter intensity from Desikan-Killiany parcellation,21282,21262,21270,10686,10681,10684,31968,31943,31954,3.51E-01,3.23E-02
1409,27031,wg_rh_intensity-contrast_inferiorparietal,,AU,float,5,Grey-white contrast,S,cortical grey-white contrast,Grey-white contrast in inferiorparietal in the right hemisphere calculated as a percentage of the mean gray-white matter intensity from Desikan-Killiany parcellation,21282,21262,21270,10686,-,-,31968,31943,31954,3.57E-01,3.13E-02
1410,27032,wg_rh_intensity-contrast_inferiortemporal,,AU,float,5,Grey-white contrast,S,cortical grey-white contrast,Grey-white contrast in inferiortemporal in the right hemisphere calculated as a percentage of the mean gray-white matter intensity from Desikan-Killiany parcellation,21282,21262,21270,10686,10681,10684,31968,31943,31954,3.39E-01,3.01E-02
1411,27033,wg_rh_intensity-contrast_isthmuscingulate,,AU,float,5,Grey-white contrast,S,cortical grey-white contrast,Grey-white contrast in isthmuscingulate in the right hemisphere calculated as a percentage of the mean gray-white matter intensity from Desikan-Killiany parcellation,21282,21262,21270,10686,-,-,31968,31943,31954,2.84E-01,2.98E-02
1412,27034,wg_rh_intensity-contrast_lateraloccipital,,AU,float,5,Grey-white contrast,S,cortical grey-white contrast,Grey-white contrast in lateraloccipital in the right hemisphere calculated as a percentage of the mean gray-white matter intensity from Desikan-Killiany parcellation,21282,21262,21270,10686,10681,10684,31968,31943,31954,3.58E-01,2.99E-02
1413,27035,wg_rh_intensity-contrast_lateralorbitofrontal,,AU,float,5,Grey-white contrast,S,cortical grey-white contrast,Grey-white contrast in lateralorbitofrontal in the right hemisphere calculated as a percentage of the mean gray-white matter intensity from Desikan-Killiany parcellation,21282,21262,21270,10686,10681,10684,31968,31943,31954,2.65E-01,2.57E-02
1414,27036,wg_rh_intensity-contrast_lingual,,AU,float,5,Grey-white contrast,S,cortical grey-white contrast,Grey-white contrast in lingual in the right hemisphere calculated as a percentage of the mean gray-white matter intensity from Desikan-Killiany parcellation,21282,21262,21270,10686,-,-,31968,31943,31954,3.19E-01,2.74E-02
1415,27037,wg_rh_intensity-contrast_medialorbitofrontal,,AU,float,5,Grey-white contrast,S,cortical grey-white contrast,Grey-white contrast in medialorbitofrontal in the right hemisphere calculated as a percentage of the mean gray-white matter intensity from Desikan-Killiany parcellation,21282,21262,21270,10686,10681,10684,31968,31943,31954,2.68E-01,2.95E-02
1416,27038,wg_rh_intensity-contrast_middletemporal,,AU,float,5,Grey-white contrast,S,cortical grey-white contrast,Grey-white contrast in middletemporal in the right hemisphere calculated as a percentage of the mean gray-white matter intensity from Desikan-Killiany parcellation,21282,21262,21270,10686,10681,10684,31968,31943,31954,3.30E-01,2.93E-02
1417,27039,wg_rh_intensity-contrast_parahippocampal,,AU,float,5,Grey-white contrast,S,cortical grey-white contrast,Grey-white contrast in parahippocampal in the right hemisphere calculated as a percentage of the mean gray-white matter intensity from Desikan-Killiany parcellation,21282,21262,21270,10686,10681,10684,31968,31943,31954,2.60E-01,2.45E-02
1418,27040,wg_rh_intensity-contrast_paracentral,,AU,float,5,Grey-white contrast,S,cortical grey-white contrast,Grey-white contrast in paracentral in the right hemisphere calculated as a percentage of the mean gray-white matter intensity from Desikan-Killiany parcellation,21282,21262,21270,10686,-,-,31968,31943,31954,3.05E-01,2.59E-02
1419,27041,wg_rh_intensity-contrast_parsopercularis,,AU,float,5,Grey-white contrast,S,cortical grey-white contrast,Grey-white contrast in parsopercularis in the right hemisphere calculated as a percentage of the mean gray-white matter intensity from Desikan-Killiany parcellation,21282,21262,21270,10686,-,-,31968,31943,31954,3.25E-01,2.76E-02
1420,27042,wg_rh_intensity-contrast_parsorbitalis,,AU,float,5,Grey-white contrast,S,cortical grey-white contrast,Grey-white contrast in parsorbitalis in the right hemisphere calculated as a percentage of the mean gray-white matter intensity from Desikan-Killiany parcellation,21281,21261,21269,10685,-,-,31966,31941,31952,2.86E-01,2.66E-02
1421,27043,wg_rh_intensity-contrast_parstriangularis,,AU,float,5,Grey-white contrast,S,cortical grey-white contrast,Grey-white contrast in parstriangularis in the right hemisphere calculated as a percentage of the mean gray-white matter intensity from Desikan-Killiany parcellation,21282,21262,21270,10686,-,-,31968,31943,31954,3.29E-01,2.95E-02
1422,27044,wg_rh_intensity-contrast_pericalcarine,,AU,float,5,Grey-white contrast,S,cortical grey-white contrast,Grey-white contrast in pericalcarine in the right hemisphere calculated as a percentage of the mean gray-white matter intensity from Desikan-Killiany parcellation,21282,21262,21270,10686,-,-,31968,31943,31954,2.75E-01,2.41E-02
1423,27045,wg_rh_intensity-contrast_postcentral,,AU,float,5,Grey-white contrast,S,cortical grey-white contrast,Grey-white contrast in postcentral in the right hemisphere calculated as a percentage of the mean gray-white matter intensity from Desikan-Killiany parcellation,21282,21262,21270,10686,-,-,31968,31943,31954,3.32E-01,3.05E-02
1424,27046,wg_rh_intensity-contrast_posteriorcingulate,,AU,float,5,Grey-white contrast,S,cortical grey-white contrast,Grey-white contrast in posteriorcingulate in the right hemisphere calculated as a percentage of the mean gray-white matter intensity from Desikan-Killiany parcellation,21282,21262,21270,10686,10681,10684,31968,31943,31954,2.94E-01,2.63E-02
1425,27047,wg_rh_intensity-contrast_precentral,,AU,float,5,Grey-white contrast,S,cortical grey-white contrast,Grey-white contrast in precentral in the right hemisphere calculated as a percentage of the mean gray-white matter intensity from Desikan-Killiany parcellation,21282,21262,21270,10686,-,-,31968,31943,31954,3.42E-01,2.62E-02
1426,27048,wg_rh_intensity-contrast_precuneus,,AU,float,5,Grey-white contrast,S,cortical grey-white contrast,Grey-white contrast in precuneus in the right hemisphere calculated as a percentage of the mean gray-white matter intensity from Desikan-Killiany parcellation,21282,21262,21270,10686,10681,10684,31968,31943,31954,3.75E-01,3.46E-02
1427,27049,wg_rh_intensity-contrast_rostralanteriorcingulate,,AU,float,5,Grey-white contrast,S,cortical grey-white contrast,Grey-white contrast in rostralanteriorcingulate in the right hemisphere calculated as a percentage of the mean gray-white matter intensity from Desikan-Killiany parcellation,21282,21262,21270,10685,-,-,31967,31942,31953,2.45E-01,2.68E-02
1428,27050,wg_rh_intensity-contrast_rostralmiddlefrontal,,AU,float,5,Grey-white contrast,S,cortical grey-white contrast,Grey-white contrast in rostralmiddlefrontal in the right hemisphere calculated as a percentage of the mean gray-white matter intensity from Desikan-Killiany parcellation,21282,21262,21270,10686,-,-,31968,31943,31954,3.40E-01,3.17E-02
1429,27051,wg_rh_intensity-contrast_superiorfrontal,,AU,float,5,Grey-white contrast,S,cortical grey-white contrast,Grey-white contrast in superiorfrontal in the right hemisphere calculated as a percentage of the mean gray-white matter intensity from Desikan-Killiany parcellation,21282,21262,21270,10686,-,-,31968,31943,31954,3.54E-01,2.88E-02
1430,27052,wg_rh_intensity-contrast_superiorparietal,,AU,float,5,Grey-white contrast,S,cortical grey-white contrast,Grey-white contrast in superiorparietal in the right hemisphere calculated as a percentage of the mean gray-white matter intensity from Desikan-Killiany parcellation,21282,21262,21270,10686,-,-,31968,31943,31954,3.76E-01,3.40E-02
1431,27053,wg_rh_intensity-contrast_superiortemporal,,AU,float,5,Grey-white contrast,S,cortical grey-white contrast,Grey-white contrast in superiortemporal in the right hemisphere calculated as a percentage of the mean gray-white matter intensity from Desikan-Killiany parcellation,21282,21262,21270,10686,-,-,31968,31943,31954,3.48E-01,2.93E-02
1432,27054,wg_rh_intensity-contrast_supramarginal,,AU,float,5,Grey-white contrast,S,cortical grey-white contrast,Grey-white contrast in supramarginal in the right hemisphere calculated as a percentage of the mean gray-white matter intensity from Desikan-Killiany parcellation,21282,21262,21270,10686,-,-,31968,31943,31954,3.64E-01,3.15E-02
1433,27055,wg_rh_intensity-contrast_frontalpole,,AU,float,5,Grey-white contrast,S,cortical grey-white contrast,Grey-white contrast in frontalpole in the right hemisphere calculated as a percentage of the mean gray-white matter intensity from Desikan-Killiany parcellation,21281,21261,21269,10686,-,-,31967,31942,31953,2.31E-01,2.51E-02
1434,27056,wg_rh_intensity-contrast_temporalpole,,AU,float,5,Grey-white contrast,S,cortical grey-white contrast,Grey-white contrast in temporalpole in the right hemisphere calculated as a percentage of the mean gray-white matter intensity from Desikan-Killiany parcellation,21282,21262,21270,10686,10681,10684,31968,31943,31954,2.02E-01,2.20E-02
1435,27057,wg_rh_intensity-contrast_transversetemporal,,AU,float,5,Grey-white contrast,S,cortical grey-white contrast,Grey-white contrast in transversetemporal in the right hemisphere calculated as a percentage of the mean gray-white matter intensity from Desikan-Killiany parcellation,21281,21261,21269,10686,-,-,31967,31942,31953,2.43E-01,2.72E-02
1436,27058,wg_rh_intensity-contrast_insula,,AU,float,5,Grey-white contrast,S,cortical grey-white contrast,Grey-white contrast in insula in the right hemisphere calculated as a percentage of the mean gray-white matter intensity from Desikan-Killiany parcellation,21282,21262,21270,10686,-,-,31968,31943,31954,2.77E-01,2.92E-02
782,27059,BA-exvivo_lh_area_BA1,,mm2,float,2,Area,S,cortical area,Area of BA1 in the left hemisphere generated by parcellation of the white surface using BA_exvivo parcellation,21281,21261,21269,10686,-,-,31967,31942,31953,1.54E-01,1.84E-02
783,27060,BA-exvivo_lh_area_BA2,,mm2,float,2,Area,S,cortical area,Area of BA2 in the left hemisphere generated by parcellation of the white surface using BA_exvivo parcellation,21281,21261,21269,10686,-,-,31967,31942,31953,1.53E-01,1.79E-02
784,27061,BA-exvivo_lh_area_BA3a,,mm2,float,2,Area,S,cortical area,Area of BA3a in the left hemisphere generated by parcellation of the white surface using BA_exvivo parcellation,21281,21261,21269,10686,-,-,31967,31942,31953,2.07E-01,2.34E-02
785,27062,BA-exvivo_lh_area_BA3b,,mm2,float,2,Area,S,cortical area,Area of BA3b in the left hemisphere generated by parcellation of the white surface using BA_exvivo parcellation,21281,21261,21269,10686,-,-,31967,31942,31953,2.07E-01,2.24E-02
786,27063,BA-exvivo_lh_area_BA4a,,mm2,float,2,Area,S,cortical area,Area of BA4a in the left hemisphere generated by parcellation of the white surface using BA_exvivo parcellation,21281,21261,21269,10686,-,-,31967,31942,31953,2.20E-01,2.15E-02
787,27064,BA-exvivo_lh_area_BA4p,,mm2,float,2,Area,S,cortical area,Area of BA4p in the left hemisphere generated by parcellation of the white surface using BA_exvivo parcellation,21281,21261,21269,10686,-,-,31967,31942,31953,2.20E-01,2.44E-02
788,27065,BA-exvivo_lh_area_BA6,,mm2,float,2,Area,S,cortical area,Area of BA6 in the left hemisphere generated by parcellation of the white surface using BA_exvivo parcellation,21281,21261,21269,10686,-,-,31967,31942,31953,2.45E-01,2.96E-02
789,27066,BA-exvivo_lh_area_BA44,,mm2,float,2,Area,S,cortical area,Area of BA44 in the left hemisphere generated by parcellation of the white surface using BA_exvivo parcellation,21281,21261,21269,10686,-,-,31967,31942,31953,1.33E-01,1.79E-02
790,27067,BA-exvivo_lh_area_BA45,,mm2,float,2,Area,S,cortical area,Area of BA45 in the left hemisphere generated by parcellation of the white surface using BA_exvivo parcellation,21281,21261,21269,10686,-,-,31967,31942,31953,1.74E-01,1.84E-02
791,27068,BA-exvivo_lh_area_V1,,mm2,float,2,Area,S,cortical area,Area of V1 in the left hemisphere generated by parcellation of the white surface using BA_exvivo parcellation,21281,21261,21269,10686,10681,10684,31967,31942,31953,3.27E-01,2.83E-02
792,27069,BA-exvivo_lh_area_V2,,mm2,float,2,Area,S,cortical area,Area of V2 in the left hemisphere generated by parcellation of the white surface using BA_exvivo parcellation,21281,21261,21269,10686,10681,10684,31967,31942,31953,2.98E-01,2.40E-02
793,27070,BA-exvivo_lh_area_MT,,mm2,float,2,Area,S,cortical area,Area of MT in the left hemisphere generated by parcellation of the white surface using BA_exvivo parcellation,21281,21261,21269,10686,10681,10684,31967,31942,31953,1.44E-01,1.73E-02
794,27071,BA-exvivo_lh_area_perirhinal,,mm2,float,2,Area,S,cortical area,Area of perirhinal in the left hemisphere generated by parcellation of the white surface using BA_exvivo parcellation,21281,21261,21269,10686,-,-,31967,31942,31953,1.77E-01,1.92E-02
795,27072,BA-exvivo_lh_area_entorhinal,,mm2,float,2,Area,S,cortical area,Area of entorhinal in the left hemisphere generated by parcellation of the white surface using BA_exvivo parcellation,21281,21261,21269,10686,-,-,31967,31942,31953,2.18E-01,2.19E-02
1088,27073,BA-exvivo_lh_thickness_BA1,,mm,float,3,Mean thickness,S,cortical thickness,Mean thickness of BA1 in the left hemisphere generated by parcellation of the white surface using BA_exvivo parcellation,21281,21261,21269,10686,-,-,31967,31942,31953,1.75E-01,1.88E-02
1089,27074,BA-exvivo_lh_thickness_BA2,,mm,float,3,Mean thickness,S,cortical thickness,Mean thickness of BA2 in the left hemisphere generated by parcellation of the white surface using BA_exvivo parcellation,21281,21261,21269,10686,-,-,31967,31942,31953,1.73E-01,1.88E-02
1090,27075,BA-exvivo_lh_thickness_BA3a,,mm,float,3,Mean thickness,S,cortical thickness,Mean thickness of BA3a in the left hemisphere generated by parcellation of the white surface using BA_exvivo parcellation,21281,21261,21269,10686,-,-,31967,31942,31953,1.57E-01,1.95E-02
1091,27076,BA-exvivo_lh_thickness_BA3b,,mm,float,3,Mean thickness,S,cortical thickness,Mean thickness of BA3b in the left hemisphere generated by parcellation of the white surface using BA_exvivo parcellation,21281,21261,21269,10686,-,-,31967,31942,31953,1.39E-01,1.68E-02
1092,27077,BA-exvivo_lh_thickness_BA4a,,mm,float,3,Mean thickness,S,cortical thickness,Mean thickness of BA4a in the left hemisphere generated by parcellation of the white surface using BA_exvivo parcellation,21281,21261,21269,10686,-,-,31967,31942,31953,1.98E-01,1.87E-02
1093,27078,BA-exvivo_lh_thickness_BA4p,,mm,float,3,Mean thickness,S,cortical thickness,Mean thickness of BA4p in the left hemisphere generated by parcellation of the white surface using BA_exvivo parcellation,21281,21261,21269,10686,-,-,31967,31942,31953,1.53E-01,1.93E-02
1094,27079,BA-exvivo_lh_thickness_BA6,,mm,float,3,Mean thickness,S,cortical thickness,Mean thickness of BA6 in the left hemisphere generated by parcellation of the white surface using BA_exvivo parcellation,21281,21261,21269,10686,-,-,31967,31942,31953,2.29E-01,2.32E-02
1095,27080,BA-exvivo_lh_thickness_BA44,,mm,float,3,Mean thickness,S,cortical thickness,Mean thickness of BA44 in the left hemisphere generated by parcellation of the white surface using BA_exvivo parcellation,21281,21261,21269,10686,-,-,31967,31942,31953,1.67E-01,1.91E-02
1096,27081,BA-exvivo_lh_thickness_BA45,,mm,float,3,Mean thickness,S,cortical thickness,Mean thickness of BA45 in the left hemisphere generated by parcellation of the white surface using BA_exvivo parcellation,21281,21261,21269,10686,-,-,31967,31942,31953,1.74E-01,1.75E-02
1097,27082,BA-exvivo_lh_thickness_V1,,mm,float,3,Mean thickness,S,cortical thickness,Mean thickness of V1 in the left hemisphere generated by parcellation of the white surface using BA_exvivo parcellation,21281,21261,21269,10686,-,-,31967,31942,31953,1.33E-01,1.57E-02
1098,27083,BA-exvivo_lh_thickness_V2,,mm,float,3,Mean thickness,S,cortical thickness,Mean thickness of V2 in the left hemisphere generated by parcellation of the white surface using BA_exvivo parcellation,21281,21261,21269,10686,-,-,31967,31942,31953,1.99E-01,1.87E-02
1099,27084,BA-exvivo_lh_thickness_MT,,mm,float,3,Mean thickness,S,cortical thickness,Mean thickness of MT in the left hemisphere generated by parcellation of the white surface using BA_exvivo parcellation,21281,21261,21269,10686,-,-,31967,31942,31953,1.48E-01,1.84E-02
1100,27085,BA-exvivo_lh_thickness_perirhinal,,mm,float,3,Mean thickness,S,cortical thickness,Mean thickness of perirhinal in the left hemisphere generated by parcellation of the white surface using BA_exvivo parcellation,21281,21261,21269,10686,-,-,31967,31942,31953,7.81E-02,1.52E-02
1101,27086,BA-exvivo_lh_thickness_entorhinal,,mm,float,3,Mean thickness,S,cortical thickness,Mean thickness of entorhinal in the left hemisphere generated by parcellation of the white surface using BA_exvivo parcellation,21281,21261,21269,10686,-,-,31967,31942,31953,1.25E-01,1.71E-02
410,27087,BA-exvivo_lh_volume_BA1,,mm3,float,1,Volume,S,regional and tissue volume,Volume of BA1 in the left hemisphere generated by parcellation of the white surface using BA_exvivo parcellation,21281,21261,21269,10686,-,-,31967,31942,31953,1.57E-01,1.87E-02
411,27088,BA-exvivo_lh_volume_BA2,,mm3,float,1,Volume,S,regional and tissue volume,Volume of BA2 in the left hemisphere generated by parcellation of the white surface using BA_exvivo parcellation,21281,21261,21269,10686,-,-,31967,31942,31953,1.25E-01,1.84E-02
412,27089,BA-exvivo_lh_volume_BA3a,,mm3,float,1,Volume,S,regional and tissue volume,Volume of BA3a in the left hemisphere generated by parcellation of the white surface using BA_exvivo parcellation,21281,21261,21269,10686,-,-,31967,31942,31953,1.33E-01,1.77E-02
413,27090,BA-exvivo_lh_volume_BA3b,,mm3,float,1,Volume,S,regional and tissue volume,Volume of BA3b in the left hemisphere generated by parcellation of the white surface using BA_exvivo parcellation,21281,21261,21269,10686,-,-,31967,31942,31953,1.73E-01,2.23E-02
414,27091,BA-exvivo_lh_volume_BA4a,,mm3,float,1,Volume,S,regional and tissue volume,Volume of BA4a in the left hemisphere generated by parcellation of the white surface using BA_exvivo parcellation,21281,21261,21269,10686,-,-,31967,31942,31953,1.71E-01,1.72E-02
415,27092,BA-exvivo_lh_volume_BA4p,,mm3,float,1,Volume,S,regional and tissue volume,Volume of BA4p in the left hemisphere generated by parcellation of the white surface using BA_exvivo parcellation,21281,21261,21269,10686,-,-,31967,31942,31953,1.27E-01,1.78E-02
416,27093,BA-exvivo_lh_volume_BA6,,mm3,float,1,Volume,S,regional and tissue volume,Volume of BA6 in the left hemisphere generated by parcellation of the white surface using BA_exvivo parcellation,21281,21261,21269,10686,-,-,31967,31942,31953,2.06E-01,2.02E-02
417,27094,BA-exvivo_lh_volume_BA44,,mm3,float,1,Volume,S,regional and tissue volume,Volume of BA44 in the left hemisphere generated by parcellation of the white surface using BA_exvivo parcellation,21281,21261,21269,10686,-,-,31967,31942,31953,1.32E-01,1.61E-02
418,27095,BA-exvivo_lh_volume_BA45,,mm3,float,1,Volume,S,regional and tissue volume,Volume of BA45 in the left hemisphere generated by parcellation of the white surface using BA_exvivo parcellation,21281,21261,21269,10686,-,-,31967,31942,31953,1.47E-01,1.82E-02
419,27096,BA-exvivo_lh_volume_V1,,mm3,float,1,Volume,S,regional and tissue volume,Volume of V1 in the left hemisphere generated by parcellation of the white surface using BA_exvivo parcellation,21281,21261,21269,10686,-,-,31967,31942,31953,2.75E-01,2.62E-02
420,27097,BA-exvivo_lh_volume_V2,,mm3,float,1,Volume,S,regional and tissue volume,Volume of V2 in the left hemisphere generated by parcellation of the white surface using BA_exvivo parcellation,21281,21261,21269,10686,10681,10684,31967,31942,31953,2.43E-01,2.25E-02
421,27098,BA-exvivo_lh_volume_MT,,mm3,float,1,Volume,S,regional and tissue volume,Volume of MT in the left hemisphere generated by parcellation of the white surface using BA_exvivo parcellation,21281,21261,21269,10686,10681,10684,31967,31942,31953,1.26E-01,1.81E-02
422,27099,BA-exvivo_lh_volume_perirhinal,,mm3,float,1,Volume,S,regional and tissue volume,Volume of perirhinal in the left hemisphere generated by parcellation of the white surface using BA_exvivo parcellation,21281,21261,21269,10686,-,-,31967,31942,31953,1.29E-01,1.87E-02
423,27100,BA-exvivo_lh_volume_entorhinal,,mm3,float,1,Volume,S,regional and tissue volume,Volume of entorhinal in the left hemisphere generated by parcellation of the white surface using BA_exvivo parcellation,21281,21261,21269,10686,-,-,31967,31942,31953,1.95E-01,2.10E-02
796,27101,BA-exvivo_rh_area_BA1,,mm2,float,2,Area,S,cortical area,Area of BA1 in the right hemisphere generated by parcellation of the white surface using BA_exvivo parcellation,21281,21261,21269,10686,-,-,31967,31942,31953,1.70E-01,1.97E-02
797,27102,BA-exvivo_rh_area_BA2,,mm2,float,2,Area,S,cortical area,Area of BA2 in the right hemisphere generated by parcellation of the white surface using BA_exvivo parcellation,21281,21261,21269,10686,-,-,31967,31942,31953,1.40E-01,1.78E-02
798,27103,BA-exvivo_rh_area_BA3a,,mm2,float,2,Area,S,cortical area,Area of BA3a in the right hemisphere generated by parcellation of the white surface using BA_exvivo parcellation,21281,21261,21269,10686,-,-,31967,31942,31953,2.33E-01,2.81E-02
799,27104,BA-exvivo_rh_area_BA3b,,mm2,float,2,Area,S,cortical area,Area of BA3b in the right hemisphere generated by parcellation of the white surface using BA_exvivo parcellation,21281,21261,21269,10686,-,-,31967,31942,31953,2.30E-01,3.24E-02
800,27105,BA-exvivo_rh_area_BA4a,,mm2,float,2,Area,S,cortical area,Area of BA4a in the right hemisphere generated by parcellation of the white surface using BA_exvivo parcellation,21281,21261,21269,10686,-,-,31967,31942,31953,2.20E-01,2.48E-02
801,27106,BA-exvivo_rh_area_BA4p,,mm2,float,2,Area,S,cortical area,Area of BA4p in the right hemisphere generated by parcellation of the white surface using BA_exvivo parcellation,21281,21261,21269,10686,-,-,31967,31942,31953,2.37E-01,2.63E-02
802,27107,BA-exvivo_rh_area_BA6,,mm2,float,2,Area,S,cortical area,Area of BA6 in the right hemisphere generated by parcellation of the white surface using BA_exvivo parcellation,21281,21261,21269,10686,-,-,31967,31942,31953,2.27E-01,2.57E-02
803,27108,BA-exvivo_rh_area_BA44,,mm2,float,2,Area,S,cortical area,Area of BA44 in the right hemisphere generated by parcellation of the white surface using BA_exvivo parcellation,21281,21261,21269,10686,-,-,31967,31942,31953,1.68E-01,1.83E-02
804,27109,BA-exvivo_rh_area_BA45,,mm2,float,2,Area,S,cortical area,Area of BA45 in the right hemisphere generated by parcellation of the white surface using BA_exvivo parcellation,21281,21261,21269,10686,-,-,31967,31942,31953,1.45E-01,1.91E-02
805,27110,BA-exvivo_rh_area_V1,,mm2,float,2,Area,S,cortical area,Area of V1 in the right hemisphere generated by parcellation of the white surface using BA_exvivo parcellation,21281,21261,21269,10686,10681,10684,31967,31942,31953,3.45E-01,3.07E-02
806,27111,BA-exvivo_rh_area_V2,,mm2,float,2,Area,S,cortical area,Area of V2 in the right hemisphere generated by parcellation of the white surface using BA_exvivo parcellation,21281,21261,21269,10686,10681,10684,31967,31942,31953,3.10E-01,2.62E-02
807,27112,BA-exvivo_rh_area_MT,,mm2,float,2,Area,S,cortical area,Area of MT in the right hemisphere generated by parcellation of the white surface using BA_exvivo parcellation,21281,21261,21269,10686,-,-,31967,31942,31953,1.61E-01,1.95E-02
808,27113,BA-exvivo_rh_area_perirhinal,,mm2,float,2,Area,S,cortical area,Area of perirhinal in the right hemisphere generated by parcellation of the white surface using BA_exvivo parcellation,21281,21261,21269,10686,-,-,31967,31942,31953,1.86E-01,2.11E-02
809,27114,BA-exvivo_rh_area_entorhinal,,mm2,float,2,Area,S,cortical area,Area of entorhinal in the right hemisphere generated by parcellation of the white surface using BA_exvivo parcellation,21281,21261,21269,10686,-,-,31967,31942,31953,1.88E-01,2.04E-02
1102,27115,BA-exvivo_rh_thickness_BA1,,mm,float,3,Mean thickness,S,cortical thickness,Mean thickness of BA1 in the right hemisphere generated by parcellation of the white surface using BA_exvivo parcellation,21281,21261,21269,10686,-,-,31967,31942,31953,1.54E-01,1.87E-02
1103,27116,BA-exvivo_rh_thickness_BA2,,mm,float,3,Mean thickness,S,cortical thickness,Mean thickness of BA2 in the right hemisphere generated by parcellation of the white surface using BA_exvivo parcellation,21281,21261,21269,10686,-,-,31967,31942,31953,1.61E-01,2.07E-02
1104,27117,BA-exvivo_rh_thickness_BA3a,,mm,float,3,Mean thickness,S,cortical thickness,Mean thickness of BA3a in the right hemisphere generated by parcellation of the white surface using BA_exvivo parcellation,21281,21261,21269,10686,-,-,31967,31942,31953,1.28E-01,2.05E-02
1105,27118,BA-exvivo_rh_thickness_BA3b,,mm,float,3,Mean thickness,S,cortical thickness,Mean thickness of BA3b in the right hemisphere generated by parcellation of the white surface using BA_exvivo parcellation,21281,21261,21269,10686,-,-,31967,31942,31953,1.13E-01,1.76E-02
1106,27119,BA-exvivo_rh_thickness_BA4a,,mm,float,3,Mean thickness,S,cortical thickness,Mean thickness of BA4a in the right hemisphere generated by parcellation of the white surface using BA_exvivo parcellation,21281,21261,21269,10686,-,-,31967,31942,31953,1.79E-01,2.04E-02
1107,27120,BA-exvivo_rh_thickness_BA4p,,mm,float,3,Mean thickness,S,cortical thickness,Mean thickness of BA4p in the right hemisphere generated by parcellation of the white surface using BA_exvivo parcellation,21281,21261,21269,10686,-,-,31967,31942,31953,1.59E-01,1.87E-02
1108,27121,BA-exvivo_rh_thickness_BA6,,mm,float,3,Mean thickness,S,cortical thickness,Mean thickness of BA6 in the right hemisphere generated by parcellation of the white surface using BA_exvivo parcellation,21281,21261,21269,10686,-,-,31967,31942,31953,2.30E-01,2.26E-02
1109,27122,BA-exvivo_rh_thickness_BA44,,mm,float,3,Mean thickness,S,cortical thickness,Mean thickness of BA44 in the right hemisphere generated by parcellation of the white surface using BA_exvivo parcellation,21281,21261,21269,10686,-,-,31967,31942,31953,1.79E-01,2.01E-02
1110,27123,BA-exvivo_rh_thickness_BA45,,mm,float,3,Mean thickness,S,cortical thickness,Mean thickness of BA45 in the right hemisphere generated by parcellation of the white surface using BA_exvivo parcellation,21281,21261,21269,10686,-,-,31967,31942,31953,1.96E-01,1.92E-02
1111,27124,BA-exvivo_rh_thickness_V1,,mm,float,3,Mean thickness,S,cortical thickness,Mean thickness of V1 in the right hemisphere generated by parcellation of the white surface using BA_exvivo parcellation,21281,21261,21269,10686,-,-,31967,31942,31953,1.21E-01,1.70E-02
1112,27125,BA-exvivo_rh_thickness_V2,,mm,float,3,Mean thickness,S,cortical thickness,Mean thickness of V2 in the right hemisphere generated by parcellation of the white surface using BA_exvivo parcellation,21281,21261,21269,10686,-,-,31967,31942,31953,2.26E-01,1.99E-02
1113,27126,BA-exvivo_rh_thickness_MT,,mm,float,3,Mean thickness,S,cortical thickness,Mean thickness of MT in the right hemisphere generated by parcellation of the white surface using BA_exvivo parcellation,21281,21261,21269,10686,-,-,31967,31942,31953,1.68E-01,1.98E-02
1114,27127,BA-exvivo_rh_thickness_perirhinal,,mm,float,3,Mean thickness,S,cortical thickness,Mean thickness of perirhinal in the right hemisphere generated by parcellation of the white surface using BA_exvivo parcellation,21281,21261,21269,10686,-,-,31967,31942,31953,6.68E-02,1.58E-02
1115,27128,BA-exvivo_rh_thickness_entorhinal,,mm,float,3,Mean thickness,S,cortical thickness,Mean thickness of entorhinal in the right hemisphere generated by parcellation of the white surface using BA_exvivo parcellation,21281,21261,21269,10686,-,-,31967,31942,31953,1.10E-01,1.87E-02
424,27129,BA-exvivo_rh_volume_BA1,,mm3,float,1,Volume,S,regional and tissue volume,Volume of BA1 in the right hemisphere generated by parcellation of the white surface using BA_exvivo parcellation,21281,21261,21269,10686,-,-,31967,31942,31953,1.63E-01,1.88E-02
425,27130,BA-exvivo_rh_volume_BA2,,mm3,float,1,Volume,S,regional and tissue volume,Volume of BA2 in the right hemisphere generated by parcellation of the white surface using BA_exvivo parcellation,21281,21261,21269,10686,-,-,31967,31942,31953,1.20E-01,1.48E-02
426,27131,BA-exvivo_rh_volume_BA3a,,mm3,float,1,Volume,S,regional and tissue volume,Volume of BA3a in the right hemisphere generated by parcellation of the white surface using BA_exvivo parcellation,21281,21261,21269,10686,-,-,31967,31942,31953,1.68E-01,2.03E-02
427,27132,BA-exvivo_rh_volume_BA3b,,mm3,float,1,Volume,S,regional and tissue volume,Volume of BA3b in the right hemisphere generated by parcellation of the white surface using BA_exvivo parcellation,21281,21261,21269,10686,-,-,31967,31942,31953,1.85E-01,2.98E-02
428,27133,BA-exvivo_rh_volume_BA4a,,mm3,float,1,Volume,S,regional and tissue volume,Volume of BA4a in the right hemisphere generated by parcellation of the white surface using BA_exvivo parcellation,21281,21261,21269,10686,-,-,31967,31942,31953,1.50E-01,1.89E-02
429,27134,BA-exvivo_rh_volume_BA4p,,mm3,float,1,Volume,S,regional and tissue volume,Volume of BA4p in the right hemisphere generated by parcellation of the white surface using BA_exvivo parcellation,21281,21261,21269,10686,-,-,31967,31942,31953,1.66E-01,1.99E-02
430,27135,BA-exvivo_rh_volume_BA6,,mm3,float,1,Volume,S,regional and tissue volume,Volume of BA6 in the right hemisphere generated by parcellation of the white surface using BA_exvivo parcellation,21281,21261,21269,10686,-,-,31967,31942,31953,2.17E-01,1.96E-02
431,27136,BA-exvivo_rh_volume_BA44,,mm3,float,1,Volume,S,regional and tissue volume,Volume of BA44 in the right hemisphere generated by parcellation of the white surface using BA_exvivo parcellation,21281,21261,21269,10686,-,-,31967,31942,31953,1.81E-01,1.69E-02
432,27137,BA-exvivo_rh_volume_BA45,,mm3,float,1,Volume,S,regional and tissue volume,Volume of BA45 in the right hemisphere generated by parcellation of the white surface using BA_exvivo parcellation,21281,21261,21269,10686,-,-,31967,31942,31953,1.33E-01,1.83E-02
433,27138,BA-exvivo_rh_volume_V1,,mm3,float,1,Volume,S,regional and tissue volume,Volume of V1 in the right hemisphere generated by parcellation of the white surface using BA_exvivo parcellation,21281,21261,21269,10686,-,-,31967,31942,31953,2.85E-01,2.85E-02
434,27139,BA-exvivo_rh_volume_V2,,mm3,float,1,Volume,S,regional and tissue volume,Volume of V2 in the right hemisphere generated by parcellation of the white surface using BA_exvivo parcellation,21281,21261,21269,10686,-,-,31967,31942,31953,2.63E-01,2.54E-02
435,27140,BA-exvivo_rh_volume_MT,,mm3,float,1,Volume,S,regional and tissue volume,Volume of MT in the right hemisphere generated by parcellation of the white surface using BA_exvivo parcellation,21281,21261,21269,10686,-,-,31967,31942,31953,1.36E-01,1.72E-02
436,27141,BA-exvivo_rh_volume_perirhinal,,mm3,float,1,Volume,S,regional and tissue volume,Volume of perirhinal in the right hemisphere generated by parcellation of the white surface using BA_exvivo parcellation,21281,21261,21269,10686,-,-,31967,31942,31953,9.57E-02,1.57E-02
437,27142,BA-exvivo_rh_volume_entorhinal,,mm3,float,1,Volume,S,regional and tissue volume,Volume of entorhinal in the right hemisphere generated by parcellation of the white surface using BA_exvivo parcellation,21281,21261,21269,10686,-,-,31967,31942,31953,2.02E-01,2.04E-02
810,27143,aparc-DKTatlas_lh_area_caudalanteriorcingulate,,mm2,float,2,Area,S,cortical area,Area of caudalanteriorcingulate in the left hemisphere generated by parcellation of the white surface using DKT parcellation,21282,21262,21270,10685,-,-,31967,31942,31953,2.19E-01,2.82E-02
811,27144,aparc-DKTatlas_lh_area_caudalmiddlefrontal,,mm2,float,2,Area,S,cortical area,Area of caudalmiddlefrontal in the left hemisphere generated by parcellation of the white surface using DKT parcellation,21282,21262,21270,10686,-,-,31968,31943,31954,1.85E-01,2.31E-02
812,27145,aparc-DKTatlas_lh_area_cuneus,,mm2,float,2,Area,S,cortical area,Area of cuneus in the left hemisphere generated by parcellation of the white surface using DKT parcellation,21282,21262,21270,10686,-,-,31968,31943,31954,2.60E-01,2.22E-02
813,27146,aparc-DKTatlas_lh_area_entorhinal,,mm2,float,2,Area,S,cortical area,Area of entorhinal in the left hemisphere generated by parcellation of the white surface using DKT parcellation,21281,21261,21269,10686,-,-,31967,31942,31953,1.81E-01,2.01E-02
814,27147,aparc-DKTatlas_lh_area_fusiform,,mm2,float,2,Area,S,cortical area,Area of fusiform in the left hemisphere generated by parcellation of the white surface using DKT parcellation,21282,21262,21270,10686,-,-,31968,31943,31954,1.83E-01,1.96E-02
815,27148,aparc-DKTatlas_lh_area_inferiorparietal,,mm2,float,2,Area,S,cortical area,Area of inferiorparietal in the left hemisphere generated by parcellation of the white surface using DKT parcellation,21282,21262,21270,10686,-,-,31968,31943,31954,2.12E-01,1.81E-02
816,27149,aparc-DKTatlas_lh_area_inferiortemporal,,mm2,float,2,Area,S,cortical area,Area of inferiortemporal in the left hemisphere generated by parcellation of the white surface using DKT parcellation,21282,21262,21270,10686,-,-,31968,31943,31954,2.02E-01,1.76E-02
817,27150,aparc-DKTatlas_lh_area_isthmuscingulate,,mm2,float,2,Area,S,cortical area,Area of isthmuscingulate in the left hemisphere generated by parcellation of the white surface using DKT parcellation,21282,21262,21270,10686,-,-,31968,31943,31954,2.10E-01,2.13E-02
818,27151,aparc-DKTatlas_lh_area_lateraloccipital,,mm2,float,2,Area,S,cortical area,Area of lateraloccipital in the left hemisphere generated by parcellation of the white surface using DKT parcellation,21282,21262,21270,10686,10681,10684,31968,31943,31954,2.23E-01,2.15E-02
819,27152,aparc-DKTatlas_lh_area_lateralorbitofrontal,,mm2,float,2,Area,S,cortical area,Area of lateralorbitofrontal in the left hemisphere generated by parcellation of the white surface using DKT parcellation,21282,21262,21270,10686,-,-,31968,31943,31954,2.50E-01,2.17E-02
820,27153,aparc-DKTatlas_lh_area_lingual,,mm2,float,2,Area,S,cortical area,Area of lingual in the left hemisphere generated by parcellation of the white surface using DKT parcellation,21282,21262,21270,10686,-,-,31968,31943,31954,2.56E-01,2.30E-02
821,27154,aparc-DKTatlas_lh_area_medialorbitofrontal,,mm2,float,2,Area,S,cortical area,Area of medialorbitofrontal in the left hemisphere generated by parcellation of the white surface using DKT parcellation,21282,21262,21270,10686,-,-,31968,31943,31954,1.56E-01,1.73E-02
822,27155,aparc-DKTatlas_lh_area_middletemporal,,mm2,float,2,Area,S,cortical area,Area of middletemporal in the left hemisphere generated by parcellation of the white surface using DKT parcellation,21282,21262,21270,10686,-,-,31968,31943,31954,2.53E-01,2.02E-02
823,27156,aparc-DKTatlas_lh_area_parahippocampal,,mm2,float,2,Area,S,cortical area,Area of parahippocampal in the left hemisphere generated by parcellation of the white surface using DKT parcellation,21282,21262,21270,10686,-,-,31968,31943,31954,1.80E-01,1.99E-02
824,27157,aparc-DKTatlas_lh_area_paracentral,,mm2,float,2,Area,S,cortical area,Area of paracentral in the left hemisphere generated by parcellation of the white surface using DKT parcellation,21282,21262,21270,10686,-,-,31968,31943,31954,2.21E-01,2.14E-02
825,27158,aparc-DKTatlas_lh_area_parsopercularis,,mm2,float,2,Area,S,cortical area,Area of parsopercularis in the left hemisphere generated by parcellation of the white surface using DKT parcellation,21282,21262,21270,10686,-,-,31968,31943,31954,1.38E-01,1.66E-02
826,27159,aparc-DKTatlas_lh_area_parsorbitalis,,mm2,float,2,Area,S,cortical area,Area of parsorbitalis in the left hemisphere generated by parcellation of the white surface using DKT parcellation,21282,21262,21270,10685,-,-,31967,31942,31953,1.94E-01,1.91E-02
827,27160,aparc-DKTatlas_lh_area_parstriangularis,,mm2,float,2,Area,S,cortical area,Area of parstriangularis in the left hemisphere generated by parcellation of the white surface using DKT parcellation,21282,21262,21270,10686,-,-,31968,31943,31954,1.72E-01,1.90E-02
828,27161,aparc-DKTatlas_lh_area_pericalcarine,,mm2,float,2,Area,S,cortical area,Area of pericalcarine in the left hemisphere generated by parcellation of the white surface using DKT parcellation,21282,21262,21270,10686,10681,10684,31968,31943,31954,3.26E-01,2.91E-02
829,27162,aparc-DKTatlas_lh_area_postcentral,,mm2,float,2,Area,S,cortical area,Area of postcentral in the left hemisphere generated by parcellation of the white surface using DKT parcellation,21282,21262,21270,10686,-,-,31968,31943,31954,1.78E-01,1.93E-02
830,27163,aparc-DKTatlas_lh_area_posteriorcingulate,,mm2,float,2,Area,S,cortical area,Area of posteriorcingulate in the left hemisphere generated by parcellation of the white surface using DKT parcellation,21281,21261,21269,10686,-,-,31967,31942,31953,1.72E-01,3.63E-02
831,27164,aparc-DKTatlas_lh_area_precentral,,mm2,float,2,Area,S,cortical area,Area of precentral in the left hemisphere generated by parcellation of the white surface using DKT parcellation,21282,21262,21270,10686,-,-,31968,31943,31954,2.36E-01,2.67E-02
832,27165,aparc-DKTatlas_lh_area_precuneus,,mm2,float,2,Area,S,cortical area,Area of precuneus in the left hemisphere generated by parcellation of the white surface using DKT parcellation,21282,21262,21270,10686,-,-,31968,31943,31954,2.61E-01,2.32E-02
833,27166,aparc-DKTatlas_lh_area_rostralanteriorcingulate,,mm2,float,2,Area,S,cortical area,Area of rostralanteriorcingulate in the left hemisphere generated by parcellation of the white surface using DKT parcellation,21282,21262,21270,10686,-,-,31968,31943,31954,1.97E-01,2.19E-02
834,27167,aparc-DKTatlas_lh_area_rostralmiddlefrontal,,mm2,float,2,Area,S,cortical area,Area of rostralmiddlefrontal in the left hemisphere generated by parcellation of the white surface using DKT parcellation,21282,21262,21270,10686,10681,10684,31968,31943,31954,2.30E-01,1.91E-02
835,27168,aparc-DKTatlas_lh_area_superiorfrontal,,mm2,float,2,Area,S,cortical area,Area of superiorfrontal in the left hemisphere generated by parcellation of the white surface using DKT parcellation,21282,21262,21270,10686,10681,10684,31968,31943,31954,2.45E-01,2.22E-02
836,27169,aparc-DKTatlas_lh_area_superiorparietal,,mm2,float,2,Area,S,cortical area,Area of superiorparietal in the left hemisphere generated by parcellation of the white surface using DKT parcellation,21282,21262,21270,10686,-,-,31968,31943,31954,2.02E-01,2.00E-02
837,27170,aparc-DKTatlas_lh_area_superiortemporal,,mm2,float,2,Area,S,cortical area,Area of superiortemporal in the left hemisphere generated by parcellation of the white surface using DKT parcellation,21282,21262,21270,10686,-,-,31968,31943,31954,2.63E-01,3.69E-02
838,27171,aparc-DKTatlas_lh_area_supramarginal,,mm2,float,2,Area,S,cortical area,Area of supramarginal in the left hemisphere generated by parcellation of the white surface using DKT parcellation,21282,21262,21270,10686,-,-,31968,31943,31954,1.84E-01,1.80E-02
839,27172,aparc-DKTatlas_lh_area_transversetemporal,,mm2,float,2,Area,S,cortical area,Area of transversetemporal in the left hemisphere generated by parcellation of the white surface using DKT parcellation,21282,21262,21270,10686,-,-,31968,31943,31954,2.02E-01,1.93E-02
840,27173,aparc-DKTatlas_lh_area_insula,,mm2,float,2,Area,S,cortical area,Area of insula in the left hemisphere generated by parcellation of the white surface using DKT parcellation,21282,21262,21270,10686,-,-,31968,31943,31954,2.88E-01,2.21E-02
1116,27174,aparc-DKTatlas_lh_thickness_caudalanteriorcingulate,,mm,float,3,Mean thickness,S,cortical thickness,Mean thickness of caudalanteriorcingulate in the left hemisphere generated by parcellation of the white surface using DKT parcellation,21282,21262,21270,10685,-,-,31967,31942,31953,9.95E-02,1.56E-02
1117,27175,aparc-DKTatlas_lh_thickness_caudalmiddlefrontal,,mm,float,3,Mean thickness,S,cortical thickness,Mean thickness of caudalmiddlefrontal in the left hemisphere generated by parcellation of the white surface using DKT parcellation,21282,21262,21270,10686,-,-,31968,31943,31954,2.04E-01,1.97E-02
1118,27176,aparc-DKTatlas_lh_thickness_cuneus,,mm,float,3,Mean thickness,S,cortical thickness,Mean thickness of cuneus in the left hemisphere generated by parcellation of the white surface using DKT parcellation,21282,21262,21270,10686,-,-,31968,31943,31954,1.90E-01,1.73E-02
1119,27177,aparc-DKTatlas_lh_thickness_entorhinal,,mm,float,3,Mean thickness,S,cortical thickness,Mean thickness of entorhinal in the left hemisphere generated by parcellation of the white surface using DKT parcellation,21281,21261,21269,10686,-,-,31967,31942,31953,1.02E-01,1.58E-02
1120,27178,aparc-DKTatlas_lh_thickness_fusiform,,mm,float,3,Mean thickness,S,cortical thickness,Mean thickness of fusiform in the left hemisphere generated by parcellation of the white surface using DKT parcellation,21282,21262,21270,10686,-,-,31968,31943,31954,1.56E-01,2.03E-02
1121,27179,aparc-DKTatlas_lh_thickness_inferiorparietal,,mm,float,3,Mean thickness,S,cortical thickness,Mean thickness of inferiorparietal in the left hemisphere generated by parcellation of the white surface using DKT parcellation,21282,21262,21270,10686,-,-,31968,31943,31954,2.01E-01,2.04E-02
1122,27180,aparc-DKTatlas_lh_thickness_inferiortemporal,,mm,float,3,Mean thickness,S,cortical thickness,Mean thickness of inferiortemporal in the left hemisphere generated by parcellation of the white surface using DKT parcellation,21282,21262,21270,10686,-,-,31968,31943,31954,1.14E-01,1.68E-02
1123,27181,aparc-DKTatlas_lh_thickness_isthmuscingulate,,mm,float,3,Mean thickness,S,cortical thickness,Mean thickness of isthmuscingulate in the left hemisphere generated by parcellation of the white surface using DKT parcellation,21282,21262,21270,10686,-,-,31968,31943,31954,1.85E-01,1.99E-02
1124,27182,aparc-DKTatlas_lh_thickness_lateraloccipital,,mm,float,3,Mean thickness,S,cortical thickness,Mean thickness of lateraloccipital in the left hemisphere generated by parcellation of the white surface using DKT parcellation,21282,21262,21270,10686,-,-,31968,31943,31954,1.79E-01,1.88E-02
1125,27183,aparc-DKTatlas_lh_thickness_lateralorbitofrontal,,mm,float,3,Mean thickness,S,cortical thickness,Mean thickness of lateralorbitofrontal in the left hemisphere generated by parcellation of the white surface using DKT parcellation,21282,21262,21270,10686,-,-,31968,31943,31954,1.10E-01,1.53E-02
1126,27184,aparc-DKTatlas_lh_thickness_lingual,,mm,float,3,Mean thickness,S,cortical thickness,Mean thickness of lingual in the left hemisphere generated by parcellation of the white surface using DKT parcellation,21282,21262,21270,10686,-,-,31968,31943,31954,1.86E-01,1.95E-02
1127,27185,aparc-DKTatlas_lh_thickness_medialorbitofrontal,,mm,float,3,Mean thickness,S,cortical thickness,Mean thickness of medialorbitofrontal in the left hemisphere generated by parcellation of the white surface using DKT parcellation,21282,21262,21270,10686,-,-,31968,31943,31954,1.10E-01,2.27E-02
1128,27186,aparc-DKTatlas_lh_thickness_middletemporal,,mm,float,3,Mean thickness,S,cortical thickness,Mean thickness of middletemporal in the left hemisphere generated by parcellation of the white surface using DKT parcellation,21282,21262,21270,10686,-,-,31968,31943,31954,1.36E-01,1.67E-02
1129,27187,aparc-DKTatlas_lh_thickness_parahippocampal,,mm,float,3,Mean thickness,S,cortical thickness,Mean thickness of parahippocampal in the left hemisphere generated by parcellation of the white surface using DKT parcellation,21282,21262,21270,10686,-,-,31968,31943,31954,1.83E-01,1.91E-02
1130,27188,aparc-DKTatlas_lh_thickness_paracentral,,mm,float,3,Mean thickness,S,cortical thickness,Mean thickness of paracentral in the left hemisphere generated by parcellation of the white surface using DKT parcellation,21282,21262,21270,10686,-,-,31968,31943,31954,2.22E-01,2.41E-02
1131,27189,aparc-DKTatlas_lh_thickness_parsopercularis,,mm,float,3,Mean thickness,S,cortical thickness,Mean thickness of parsopercularis in the left hemisphere generated by parcellation of the white surface using DKT parcellation,21282,21262,21270,10686,-,-,31968,31943,31954,1.64E-01,1.86E-02
1132,27190,aparc-DKTatlas_lh_thickness_parsorbitalis,,mm,float,3,Mean thickness,S,cortical thickness,Mean thickness of parsorbitalis in the left hemisphere generated by parcellation of the white surface using DKT parcellation,21282,21262,21270,10685,-,-,31967,31942,31953,1.13E-01,1.71E-02
1133,27191,aparc-DKTatlas_lh_thickness_parstriangularis,,mm,float,3,Mean thickness,S,cortical thickness,Mean thickness of parstriangularis in the left hemisphere generated by parcellation of the white surface using DKT parcellation,21282,21262,21270,10686,-,-,31968,31943,31954,1.58E-01,1.79E-02
1134,27192,aparc-DKTatlas_lh_thickness_pericalcarine,,mm,float,3,Mean thickness,S,cortical thickness,Mean thickness of pericalcarine in the left hemisphere generated by parcellation of the white surface using DKT parcellation,21282,21262,21270,10686,-,-,31968,31943,31954,1.26E-01,1.64E-02
1135,27193,aparc-DKTatlas_lh_thickness_postcentral,,mm,float,3,Mean thickness,S,cortical thickness,Mean thickness of postcentral in the left hemisphere generated by parcellation of the white surface using DKT parcellation,21282,21262,21270,10686,-,-,31968,31943,31954,1.84E-01,1.92E-02
1136,27194,aparc-DKTatlas_lh_thickness_posteriorcingulate,,mm,float,3,Mean thickness,S,cortical thickness,Mean thickness of posteriorcingulate in the left hemisphere generated by parcellation of the white surface using DKT parcellation,21281,21261,21269,10686,-,-,31967,31942,31953,1.46E-01,1.79E-02
1137,27195,aparc-DKTatlas_lh_thickness_precentral,,mm,float,3,Mean thickness,S,cortical thickness,Mean thickness of precentral in the left hemisphere generated by parcellation of the white surface using DKT parcellation,21282,21262,21270,10686,-,-,31968,31943,31954,1.99E-01,2.23E-02
1138,27196,aparc-DKTatlas_lh_thickness_precuneus,,mm,float,3,Mean thickness,S,cortical thickness,Mean thickness of precuneus in the left hemisphere generated by parcellation of the white surface using DKT parcellation,21282,21262,21270,10686,-,-,31968,31943,31954,2.08E-01,2.02E-02
1139,27197,aparc-DKTatlas_lh_thickness_rostralanteriorcingulate,,mm,float,3,Mean thickness,S,cortical thickness,Mean thickness of rostralanteriorcingulate in the left hemisphere generated by parcellation of the white surface using DKT parcellation,21282,21262,21270,10686,-,-,31968,31943,31954,1.43E-01,1.68E-02
1140,27198,aparc-DKTatlas_lh_thickness_rostralmiddlefrontal,,mm,float,3,Mean thickness,S,cortical thickness,Mean thickness of rostralmiddlefrontal in the left hemisphere generated by parcellation of the white surface using DKT parcellation,21282,21262,21270,10686,-,-,31968,31943,31954,2.01E-01,1.90E-02
1141,27199,aparc-DKTatlas_lh_thickness_superiorfrontal,,mm,float,3,Mean thickness,S,cortical thickness,Mean thickness of superiorfrontal in the left hemisphere generated by parcellation of the white surface using DKT parcellation,21282,21262,21270,10686,-,-,31968,31943,31954,2.15E-01,2.22E-02
1142,27200,aparc-DKTatlas_lh_thickness_superiorparietal,,mm,float,3,Mean thickness,S,cortical thickness,Mean thickness of superiorparietal in the left hemisphere generated by parcellation of the white surface using DKT parcellation,21282,21262,21270,10686,-,-,31968,31943,31954,2.07E-01,1.96E-02
1143,27201,aparc-DKTatlas_lh_thickness_superiortemporal,,mm,float,3,Mean thickness,S,cortical thickness,Mean thickness of superiortemporal in the left hemisphere generated by parcellation of the white surface using DKT parcellation,21282,21262,21270,10686,-,-,31968,31943,31954,1.71E-01,1.89E-02
1144,27202,aparc-DKTatlas_lh_thickness_supramarginal,,mm,float,3,Mean thickness,S,cortical thickness,Mean thickness of supramarginal in the left hemisphere generated by parcellation of the white surface using DKT parcellation,21282,21262,21270,10686,-,-,31968,31943,31954,2.09E-01,2.44E-02
1145,27203,aparc-DKTatlas_lh_thickness_transversetemporal,,mm,float,3,Mean thickness,S,cortical thickness,Mean thickness of transversetemporal in the left hemisphere generated by parcellation of the white surface using DKT parcellation,21282,21262,21270,10686,-,-,31968,31943,31954,1.76E-01,1.96E-02
1146,27204,aparc-DKTatlas_lh_thickness_insula,,mm,float,3,Mean thickness,S,cortical thickness,Mean thickness of insula in the left hemisphere generated by parcellation of the white surface using DKT parcellation,21282,21262,21270,10686,-,-,31968,31943,31954,1.50E-01,1.85E-02
438,27205,aparc-DKTatlas_lh_volume_caudalanteriorcingulate,,mm3,float,1,Volume,S,regional and tissue volume,Volume of caudalanteriorcingulate in the left hemisphere generated by parcellation of the white surface using DKT parcellation,21282,21262,21270,10685,-,-,31967,31942,31953,1.77E-01,1.95E-02
439,27206,aparc-DKTatlas_lh_volume_caudalmiddlefrontal,,mm3,float,1,Volume,S,regional and tissue volume,Volume of caudalmiddlefrontal in the left hemisphere generated by parcellation of the white surface using DKT parcellation,21282,21262,21270,10686,-,-,31968,31943,31954,1.48E-01,2.06E-02
440,27207,aparc-DKTatlas_lh_volume_cuneus,,mm3,float,1,Volume,S,regional and tissue volume,Volume of cuneus in the left hemisphere generated by parcellation of the white surface using DKT parcellation,21282,21262,21270,10686,-,-,31968,31943,31954,2.50E-01,2.29E-02
441,27208,aparc-DKTatlas_lh_volume_entorhinal,,mm3,float,1,Volume,S,regional and tissue volume,Volume of entorhinal in the left hemisphere generated by parcellation of the white surface using DKT parcellation,21281,21261,21269,10686,-,-,31967,31942,31953,1.28E-01,1.73E-02
442,27209,aparc-DKTatlas_lh_volume_fusiform,,mm3,float,1,Volume,S,regional and tissue volume,Volume of fusiform in the left hemisphere generated by parcellation of the white surface using DKT parcellation,21282,21262,21270,10686,-,-,31968,31943,31954,1.69E-01,1.80E-02
443,27210,aparc-DKTatlas_lh_volume_inferiorparietal,,mm3,float,1,Volume,S,regional and tissue volume,Volume of inferiorparietal in the left hemisphere generated by parcellation of the white surface using DKT parcellation,21282,21262,21270,10686,-,-,31968,31943,31954,1.97E-01,1.98E-02
444,27211,aparc-DKTatlas_lh_volume_inferiortemporal,,mm3,float,1,Volume,S,regional and tissue volume,Volume of inferiortemporal in the left hemisphere generated by parcellation of the white surface using DKT parcellation,21282,21262,21270,10686,-,-,31968,31943,31954,1.66E-01,1.80E-02
445,27212,aparc-DKTatlas_lh_volume_isthmuscingulate,,mm3,float,1,Volume,S,regional and tissue volume,Volume of isthmuscingulate in the left hemisphere generated by parcellation of the white surface using DKT parcellation,21282,21262,21270,10686,-,-,31968,31943,31954,1.77E-01,1.95E-02
446,27213,aparc-DKTatlas_lh_volume_lateraloccipital,,mm3,float,1,Volume,S,regional and tissue volume,Volume of lateraloccipital in the left hemisphere generated by parcellation of the white surface using DKT parcellation,21282,21262,21270,10686,10681,10684,31968,31943,31954,1.92E-01,1.90E-02
447,27214,aparc-DKTatlas_lh_volume_lateralorbitofrontal,,mm3,float,1,Volume,S,regional and tissue volume,Volume of lateralorbitofrontal in the left hemisphere generated by parcellation of the white surface using DKT parcellation,21282,21262,21270,10686,-,-,31968,31943,31954,2.42E-01,2.27E-02
448,27215,aparc-DKTatlas_lh_volume_lingual,,mm3,float,1,Volume,S,regional and tissue volume,Volume of lingual in the left hemisphere generated by parcellation of the white surface using DKT parcellation,21282,21262,21270,10686,-,-,31968,31943,31954,2.22E-01,2.26E-02
449,27216,aparc-DKTatlas_lh_volume_medialorbitofrontal,,mm3,float,1,Volume,S,regional and tissue volume,Volume of medialorbitofrontal in the left hemisphere generated by parcellation of the white surface using DKT parcellation,21282,21262,21270,10686,-,-,31968,31943,31954,1.60E-01,1.83E-02
450,27217,aparc-DKTatlas_lh_volume_middletemporal,,mm3,float,1,Volume,S,regional and tissue volume,Volume of middletemporal in the left hemisphere generated by parcellation of the white surface using DKT parcellation,21282,21262,21270,10686,-,-,31968,31943,31954,2.20E-01,2.06E-02
451,27218,aparc-DKTatlas_lh_volume_parahippocampal,,mm3,float,1,Volume,S,regional and tissue volume,Volume of parahippocampal in the left hemisphere generated by parcellation of the white surface using DKT parcellation,21282,21262,21270,10686,-,-,31968,31943,31954,2.10E-01,1.97E-02
452,27219,aparc-DKTatlas_lh_volume_paracentral,,mm3,float,1,Volume,S,regional and tissue volume,Volume of paracentral in the left hemisphere generated by parcellation of the white surface using DKT parcellation,21282,21262,21270,10686,-,-,31968,31943,31954,1.68E-01,1.91E-02
453,27220,aparc-DKTatlas_lh_volume_parsopercularis,,mm3,float,1,Volume,S,regional and tissue volume,Volume of parsopercularis in the left hemisphere generated by parcellation of the white surface using DKT parcellation,21282,21262,21270,10686,-,-,31968,31943,31954,1.13E-01,1.64E-02
454,27221,aparc-DKTatlas_lh_volume_parsorbitalis,,mm3,float,1,Volume,S,regional and tissue volume,Volume of parsorbitalis in the left hemisphere generated by parcellation of the white surface using DKT parcellation,21282,21262,21270,10685,-,-,31967,31942,31953,1.60E-01,1.73E-02
455,27222,aparc-DKTatlas_lh_volume_parstriangularis,,mm3,float,1,Volume,S,regional and tissue volume,Volume of parstriangularis in the left hemisphere generated by parcellation of the white surface using DKT parcellation,21282,21262,21270,10686,-,-,31968,31943,31954,1.36E-01,1.85E-02
456,27223,aparc-DKTatlas_lh_volume_pericalcarine,,mm3,float,1,Volume,S,regional and tissue volume,Volume of pericalcarine in the left hemisphere generated by parcellation of the white surface using DKT parcellation,21282,21262,21270,10686,-,-,31968,31943,31954,2.88E-01,2.77E-02
457,27224,aparc-DKTatlas_lh_volume_postcentral,,mm3,float,1,Volume,S,regional and tissue volume,Volume of postcentral in the left hemisphere generated by parcellation of the white surface using DKT parcellation,21282,21262,21270,10686,-,-,31968,31943,31954,1.54E-01,1.89E-02
458,27225,aparc-DKTatlas_lh_volume_posteriorcingulate,,mm3,float,1,Volume,S,regional and tissue volume,Volume of posteriorcingulate in the left hemisphere generated by parcellation of the white surface using DKT parcellation,21281,21261,21269,10686,-,-,31967,31942,31953,1.33E-01,2.30E-02
459,27226,aparc-DKTatlas_lh_volume_precentral,,mm3,float,1,Volume,S,regional and tissue volume,Volume of precentral in the left hemisphere generated by parcellation of the white surface using DKT parcellation,21282,21262,21270,10686,-,-,31968,31943,31954,1.87E-01,2.04E-02
460,27227,aparc-DKTatlas_lh_volume_precuneus,,mm3,float,1,Volume,S,regional and tissue volume,Volume of precuneus in the left hemisphere generated by parcellation of the white surface using DKT parcellation,21282,21262,21270,10686,-,-,31968,31943,31954,2.35E-01,2.23E-02
461,27228,aparc-DKTatlas_lh_volume_rostralanteriorcingulate,,mm3,float,1,Volume,S,regional and tissue volume,Volume of rostralanteriorcingulate in the left hemisphere generated by parcellation of the white surface using DKT parcellation,21282,21262,21270,10686,10681,10684,31968,31943,31954,1.70E-01,2.02E-02
462,27229,aparc-DKTatlas_lh_volume_rostralmiddlefrontal,,mm3,float,1,Volume,S,regional and tissue volume,Volume of rostralmiddlefrontal in the left hemisphere generated by parcellation of the white surface using DKT parcellation,21282,21262,21270,10686,10681,10684,31968,31943,31954,1.86E-01,1.67E-02
463,27230,aparc-DKTatlas_lh_volume_superiorfrontal,,mm3,float,1,Volume,S,regional and tissue volume,Volume of superiorfrontal in the left hemisphere generated by parcellation of the white surface using DKT parcellation,21282,21262,21270,10686,-,-,31968,31943,31954,1.92E-01,2.13E-02
464,27231,aparc-DKTatlas_lh_volume_superiorparietal,,mm3,float,1,Volume,S,regional and tissue volume,Volume of superiorparietal in the left hemisphere generated by parcellation of the white surface using DKT parcellation,21282,21262,21270,10686,-,-,31968,31943,31954,1.84E-01,1.94E-02
465,27232,aparc-DKTatlas_lh_volume_superiortemporal,,mm3,float,1,Volume,S,regional and tissue volume,Volume of superiortemporal in the left hemisphere generated by parcellation of the white surface using DKT parcellation,21282,21262,21270,10686,-,-,31968,31943,31954,2.08E-01,2.14E-02
466,27233,aparc-DKTatlas_lh_volume_supramarginal,,mm3,float,1,Volume,S,regional and tissue volume,Volume of supramarginal in the left hemisphere generated by parcellation of the white surface using DKT parcellation,21282,21262,21270,10686,10681,10684,31968,31943,31954,1.74E-01,1.76E-02
467,27234,aparc-DKTatlas_lh_volume_transversetemporal,,mm3,float,1,Volume,S,regional and tissue volume,Volume of transversetemporal in the left hemisphere generated by parcellation of the white surface using DKT parcellation,21282,21262,21270,10686,-,-,31968,31943,31954,1.67E-01,1.86E-02
468,27235,aparc-DKTatlas_lh_volume_insula,,mm3,float,1,Volume,S,regional and tissue volume,Volume of insula in the left hemisphere generated by parcellation of the white surface using DKT parcellation,21282,21262,21270,10686,-,-,31968,31943,31954,2.82E-01,2.36E-02
841,27236,aparc-DKTatlas_rh_area_caudalanteriorcingulate,,mm2,float,2,Area,S,cortical area,Area of caudalanteriorcingulate in the right hemisphere generated by parcellation of the white surface using DKT parcellation,21282,21262,21270,10684,-,-,31966,31941,31952,1.15E-01,1.65E-02
842,27237,aparc-DKTatlas_rh_area_caudalmiddlefrontal,,mm2,float,2,Area,S,cortical area,Area of caudalmiddlefrontal in the right hemisphere generated by parcellation of the white surface using DKT parcellation,21282,21262,21270,10686,-,-,31968,31943,31954,2.14E-01,2.49E-02
843,27238,aparc-DKTatlas_rh_area_cuneus,,mm2,float,2,Area,S,cortical area,Area of cuneus in the right hemisphere generated by parcellation of the white surface using DKT parcellation,21282,21262,21270,10686,-,-,31968,31943,31954,2.63E-01,2.19E-02
844,27239,aparc-DKTatlas_rh_area_entorhinal,,mm2,float,2,Area,S,cortical area,Area of entorhinal in the right hemisphere generated by parcellation of the white surface using DKT parcellation,21282,21262,21270,10686,-,-,31968,31943,31954,1.65E-01,2.13E-02
845,27240,aparc-DKTatlas_rh_area_fusiform,,mm2,float,2,Area,S,cortical area,Area of fusiform in the right hemisphere generated by parcellation of the white surface using DKT parcellation,21282,21262,21270,10686,-,-,31968,31943,31954,1.87E-01,2.08E-02
846,27241,aparc-DKTatlas_rh_area_inferiorparietal,,mm2,float,2,Area,S,cortical area,Area of inferiorparietal in the right hemisphere generated by parcellation of the white surface using DKT parcellation,21282,21262,21270,10686,-,-,31968,31943,31954,1.94E-01,1.91E-02
847,27242,aparc-DKTatlas_rh_area_inferiortemporal,,mm2,float,2,Area,S,cortical area,Area of inferiortemporal in the right hemisphere generated by parcellation of the white surface using DKT parcellation,21282,21262,21270,10686,-,-,31968,31943,31954,2.34E-01,1.81E-02
848,27243,aparc-DKTatlas_rh_area_isthmuscingulate,,mm2,float,2,Area,S,cortical area,Area of isthmuscingulate in the right hemisphere generated by parcellation of the white surface using DKT parcellation,21282,21262,21270,10686,-,-,31968,31943,31954,1.82E-01,2.01E-02
849,27244,aparc-DKTatlas_rh_area_lateraloccipital,,mm2,float,2,Area,S,cortical area,Area of lateraloccipital in the right hemisphere generated by parcellation of the white surface using DKT parcellation,21282,21262,21270,10686,10681,10684,31968,31943,31954,2.44E-01,2.28E-02
850,27245,aparc-DKTatlas_rh_area_lateralorbitofrontal,,mm2,float,2,Area,S,cortical area,Area of lateralorbitofrontal in the right hemisphere generated by parcellation of the white surface using DKT parcellation,21282,21262,21270,10686,-,-,31968,31943,31954,2.34E-01,2.14E-02
851,27246,aparc-DKTatlas_rh_area_lingual,,mm2,float,2,Area,S,cortical area,Area of lingual in the right hemisphere generated by parcellation of the white surface using DKT parcellation,21282,21262,21270,10686,-,-,31968,31943,31954,2.55E-01,2.43E-02
852,27247,aparc-DKTatlas_rh_area_medialorbitofrontal,,mm2,float,2,Area,S,cortical area,Area of medialorbitofrontal in the right hemisphere generated by parcellation of the white surface using DKT parcellation,21282,21262,21270,10686,-,-,31968,31943,31954,1.70E-01,1.96E-02
853,27248,aparc-DKTatlas_rh_area_middletemporal,,mm2,float,2,Area,S,cortical area,Area of middletemporal in the right hemisphere generated by parcellation of the white surface using DKT parcellation,21282,21262,21270,10686,-,-,31968,31943,31954,2.54E-01,2.25E-02
854,27249,aparc-DKTatlas_rh_area_parahippocampal,,mm2,float,2,Area,S,cortical area,Area of parahippocampal in the right hemisphere generated by parcellation of the white surface using DKT parcellation,21282,21262,21270,10686,-,-,31968,31943,31954,1.60E-01,1.79E-02
855,27250,aparc-DKTatlas_rh_area_paracentral,,mm2,float,2,Area,S,cortical area,Area of paracentral in the right hemisphere generated by parcellation of the white surface using DKT parcellation,21282,21262,21270,10686,-,-,31968,31943,31954,2.10E-01,2.56E-02
856,27251,aparc-DKTatlas_rh_area_parsopercularis,,mm2,float,2,Area,S,cortical area,Area of parsopercularis in the right hemisphere generated by parcellation of the white surface using DKT parcellation,21282,21262,21270,10686,-,-,31968,31943,31954,1.47E-01,1.83E-02
857,27252,aparc-DKTatlas_rh_area_parsorbitalis,,mm2,float,2,Area,S,cortical area,Area of parsorbitalis in the right hemisphere generated by parcellation of the white surface using DKT parcellation,21281,21261,21269,10685,-,-,31966,31941,31952,1.33E-01,1.78E-02
858,27253,aparc-DKTatlas_rh_area_parstriangularis,,mm2,float,2,Area,S,cortical area,Area of parstriangularis in the right hemisphere generated by parcellation of the white surface using DKT parcellation,21281,21261,21269,10686,-,-,31967,31942,31953,1.34E-01,1.91E-02
859,27254,aparc-DKTatlas_rh_area_pericalcarine,,mm2,float,2,Area,S,cortical area,Area of pericalcarine in the right hemisphere generated by parcellation of the white surface using DKT parcellation,21282,21262,21270,10686,10681,10684,31968,31943,31954,3.41E-01,3.06E-02
860,27255,aparc-DKTatlas_rh_area_postcentral,,mm2,float,2,Area,S,cortical area,Area of postcentral in the right hemisphere generated by parcellation of the white surface using DKT parcellation,21282,21262,21270,10686,-,-,31968,31943,31954,1.76E-01,1.99E-02
861,27256,aparc-DKTatlas_rh_area_posteriorcingulate,,mm2,float,2,Area,S,cortical area,Area of posteriorcingulate in the right hemisphere generated by parcellation of the white surface using DKT parcellation,21282,21262,21270,10686,-,-,31968,31943,31954,1.86E-01,2.38E-02
862,27257,aparc-DKTatlas_rh_area_precentral,,mm2,float,2,Area,S,cortical area,Area of precentral in the right hemisphere generated by parcellation of the white surface using DKT parcellation,21282,21262,21270,10686,-,-,31968,31943,31954,2.34E-01,2.83E-02
863,27258,aparc-DKTatlas_rh_area_precuneus,,mm2,float,2,Area,S,cortical area,Area of precuneus in the right hemisphere generated by parcellation of the white surface using DKT parcellation,21282,21262,21270,10686,-,-,31968,31943,31954,2.33E-01,2.07E-02
864,27259,aparc-DKTatlas_rh_area_rostralanteriorcingulate,,mm2,float,2,Area,S,cortical area,Area of rostralanteriorcingulate in the right hemisphere generated by parcellation of the white surface using DKT parcellation,21282,21262,21270,10685,-,-,31967,31942,31953,1.34E-01,1.69E-02
865,27260,aparc-DKTatlas_rh_area_rostralmiddlefrontal,,mm2,float,2,Area,S,cortical area,Area of rostralmiddlefrontal in the right hemisphere generated by parcellation of the white surface using DKT parcellation,21282,21262,21270,10686,10681,10684,31968,31943,31954,2.20E-01,1.84E-02
866,27261,aparc-DKTatlas_rh_area_superiorfrontal,,mm2,float,2,Area,S,cortical area,Area of superiorfrontal in the right hemisphere generated by parcellation of the white surface using DKT parcellation,21282,21262,21270,10686,-,-,31968,31943,31954,2.17E-01,2.02E-02
867,27262,aparc-DKTatlas_rh_area_superiorparietal,,mm2,float,2,Area,S,cortical area,Area of superiorparietal in the right hemisphere generated by parcellation of the white surface using DKT parcellation,21282,21262,21270,10686,-,-,31968,31943,31954,1.83E-01,1.79E-02
868,27263,aparc-DKTatlas_rh_area_superiortemporal,,mm2,float,2,Area,S,cortical area,Area of superiortemporal in the right hemisphere generated by parcellation of the white surface using DKT parcellation,21282,21262,21270,10686,-,-,31968,31943,31954,2.63E-01,3.04E-02
869,27264,aparc-DKTatlas_rh_area_supramarginal,,mm2,float,2,Area,S,cortical area,Area of supramarginal in the right hemisphere generated by parcellation of the white surface using DKT parcellation,21282,21262,21270,10686,-,-,31968,31943,31954,1.67E-01,1.90E-02
870,27265,aparc-DKTatlas_rh_area_transversetemporal,,mm2,float,2,Area,S,cortical area,Area of transversetemporal in the right hemisphere generated by parcellation of the white surface using DKT parcellation,21281,21261,21269,10686,-,-,31967,31942,31953,2.20E-01,2.02E-02
871,27266,aparc-DKTatlas_rh_area_insula,,mm2,float,2,Area,S,cortical area,Area of insula in the right hemisphere generated by parcellation of the white surface using DKT parcellation,21282,21262,21270,10686,-,-,31968,31943,31954,2.97E-01,2.40E-02
1147,27267,aparc-DKTatlas_rh_thickness_caudalanteriorcingulate,,mm,float,3,Mean thickness,S,cortical thickness,Mean thickness of caudalanteriorcingulate in the right hemisphere generated by parcellation of the white surface using DKT parcellation,21282,21262,21270,10684,-,-,31966,31941,31952,1.09E-01,1.62E-02
1148,27268,aparc-DKTatlas_rh_thickness_caudalmiddlefrontal,,mm,float,3,Mean thickness,S,cortical thickness,Mean thickness of caudalmiddlefrontal in the right hemisphere generated by parcellation of the white surface using DKT parcellation,21282,21262,21270,10686,-,-,31968,31943,31954,1.87E-01,1.94E-02
1149,27269,aparc-DKTatlas_rh_thickness_cuneus,,mm,float,3,Mean thickness,S,cortical thickness,Mean thickness of cuneus in the right hemisphere generated by parcellation of the white surface using DKT parcellation,21282,21262,21270,10686,-,-,31968,31943,31954,1.81E-01,1.92E-02
1150,27270,aparc-DKTatlas_rh_thickness_entorhinal,,mm,float,3,Mean thickness,S,cortical thickness,Mean thickness of entorhinal in the right hemisphere generated by parcellation of the white surface using DKT parcellation,21282,21262,21270,10686,-,-,31968,31943,31954,7.22E-02,1.60E-02
1151,27271,aparc-DKTatlas_rh_thickness_fusiform,,mm,float,3,Mean thickness,S,cortical thickness,Mean thickness of fusiform in the right hemisphere generated by parcellation of the white surface using DKT parcellation,21282,21262,21270,10686,-,-,31968,31943,31954,1.59E-01,2.17E-02
1152,27272,aparc-DKTatlas_rh_thickness_inferiorparietal,,mm,float,3,Mean thickness,S,cortical thickness,Mean thickness of inferiorparietal in the right hemisphere generated by parcellation of the white surface using DKT parcellation,21282,21262,21270,10686,-,-,31968,31943,31954,2.13E-01,2.21E-02
1153,27273,aparc-DKTatlas_rh_thickness_inferiortemporal,,mm,float,3,Mean thickness,S,cortical thickness,Mean thickness of inferiortemporal in the right hemisphere generated by parcellation of the white surface using DKT parcellation,21282,21262,21270,10686,-,-,31968,31943,31954,1.60E-01,1.67E-02
1154,27274,aparc-DKTatlas_rh_thickness_isthmuscingulate,,mm,float,3,Mean thickness,S,cortical thickness,Mean thickness of isthmuscingulate in the right hemisphere generated by parcellation of the white surface using DKT parcellation,21282,21262,21270,10686,-,-,31968,31943,31954,1.82E-01,1.82E-02
1155,27275,aparc-DKTatlas_rh_thickness_lateraloccipital,,mm,float,3,Mean thickness,S,cortical thickness,Mean thickness of lateraloccipital in the right hemisphere generated by parcellation of the white surface using DKT parcellation,21282,21262,21270,10686,-,-,31968,31943,31954,2.16E-01,2.05E-02
1156,27276,aparc-DKTatlas_rh_thickness_lateralorbitofrontal,,mm,float,3,Mean thickness,S,cortical thickness,Mean thickness of lateralorbitofrontal in the right hemisphere generated by parcellation of the white surface using DKT parcellation,21282,21262,21270,10686,-,-,31968,31943,31954,1.15E-01,1.69E-02
1157,27277,aparc-DKTatlas_rh_thickness_lingual,,mm,float,3,Mean thickness,S,cortical thickness,Mean thickness of lingual in the right hemisphere generated by parcellation of the white surface using DKT parcellation,21282,21262,21270,10686,-,-,31968,31943,31954,1.91E-01,1.98E-02
1158,27278,aparc-DKTatlas_rh_thickness_medialorbitofrontal,,mm,float,3,Mean thickness,S,cortical thickness,Mean thickness of medialorbitofrontal in the right hemisphere generated by parcellation of the white surface using DKT parcellation,21282,21262,21270,10686,-,-,31968,31943,31954,8.37E-02,1.48E-02
1159,27279,aparc-DKTatlas_rh_thickness_middletemporal,,mm,float,3,Mean thickness,S,cortical thickness,Mean thickness of middletemporal in the right hemisphere generated by parcellation of the white surface using DKT parcellation,21282,21262,21270,10686,-,-,31968,31943,31954,1.69E-01,1.74E-02
1160,27280,aparc-DKTatlas_rh_thickness_parahippocampal,,mm,float,3,Mean thickness,S,cortical thickness,Mean thickness of parahippocampal in the right hemisphere generated by parcellation of the white surface using DKT parcellation,21282,21262,21270,10686,-,-,31968,31943,31954,1.62E-01,1.75E-02
1161,27281,aparc-DKTatlas_rh_thickness_paracentral,,mm,float,3,Mean thickness,S,cortical thickness,Mean thickness of paracentral in the right hemisphere generated by parcellation of the white surface using DKT parcellation,21282,21262,21270,10686,-,-,31968,31943,31954,2.04E-01,2.49E-02
1162,27282,aparc-DKTatlas_rh_thickness_parsopercularis,,mm,float,3,Mean thickness,S,cortical thickness,Mean thickness of parsopercularis in the right hemisphere generated by parcellation of the white surface using DKT parcellation,21282,21262,21270,10686,-,-,31968,31943,31954,1.52E-01,1.78E-02
1163,27283,aparc-DKTatlas_rh_thickness_parsorbitalis,,mm,float,3,Mean thickness,S,cortical thickness,Mean thickness of parsorbitalis in the right hemisphere generated by parcellation of the white surface using DKT parcellation,21281,21261,21269,10685,-,-,31966,31941,31952,1.30E-01,1.73E-02
1164,27284,aparc-DKTatlas_rh_thickness_parstriangularis,,mm,float,3,Mean thickness,S,cortical thickness,Mean thickness of parstriangularis in the right hemisphere generated by parcellation of the white surface using DKT parcellation,21281,21261,21269,10686,-,-,31967,31942,31953,1.64E-01,1.84E-02
1165,27285,aparc-DKTatlas_rh_thickness_pericalcarine,,mm,float,3,Mean thickness,S,cortical thickness,Mean thickness of pericalcarine in the right hemisphere generated by parcellation of the white surface using DKT parcellation,21282,21262,21270,10686,-,-,31968,31943,31954,1.22E-01,1.80E-02
1166,27286,aparc-DKTatlas_rh_thickness_postcentral,,mm,float,3,Mean thickness,S,cortical thickness,Mean thickness of postcentral in the right hemisphere generated by parcellation of the white surface using DKT parcellation,21282,21262,21270,10686,-,-,31968,31943,31954,1.66E-01,2.05E-02
1167,27287,aparc-DKTatlas_rh_thickness_posteriorcingulate,,mm,float,3,Mean thickness,S,cortical thickness,Mean thickness of posteriorcingulate in the right hemisphere generated by parcellation of the white surface using DKT parcellation,21282,21262,21270,10686,-,-,31968,31943,31954,1.60E-01,1.99E-02
1168,27288,aparc-DKTatlas_rh_thickness_precentral,,mm,float,3,Mean thickness,S,cortical thickness,Mean thickness of precentral in the right hemisphere generated by parcellation of the white surface using DKT parcellation,21282,21262,21270,10686,-,-,31968,31943,31954,2.02E-01,2.14E-02
1169,27289,aparc-DKTatlas_rh_thickness_precuneus,,mm,float,3,Mean thickness,S,cortical thickness,Mean thickness of precuneus in the right hemisphere generated by parcellation of the white surface using DKT parcellation,21282,21262,21270,10686,-,-,31968,31943,31954,2.12E-01,2.34E-02
1170,27290,aparc-DKTatlas_rh_thickness_rostralanteriorcingulate,,mm,float,3,Mean thickness,S,cortical thickness,Mean thickness of rostralanteriorcingulate in the right hemisphere generated by parcellation of the white surface using DKT parcellation,21282,21262,21270,10685,-,-,31967,31942,31953,9.05E-02,1.59E-02
1171,27291,aparc-DKTatlas_rh_thickness_rostralmiddlefrontal,,mm,float,3,Mean thickness,S,cortical thickness,Mean thickness of rostralmiddlefrontal in the right hemisphere generated by parcellation of the white surface using DKT parcellation,21282,21262,21270,10686,-,-,31968,31943,31954,1.75E-01,1.86E-02
1172,27292,aparc-DKTatlas_rh_thickness_superiorfrontal,,mm,float,3,Mean thickness,S,cortical thickness,Mean thickness of superiorfrontal in the right hemisphere generated by parcellation of the white surface using DKT parcellation,21282,21262,21270,10686,-,-,31968,31943,31954,2.24E-01,2.01E-02
1173,27293,aparc-DKTatlas_rh_thickness_superiorparietal,,mm,float,3,Mean thickness,S,cortical thickness,Mean thickness of superiorparietal in the right hemisphere generated by parcellation of the white surface using DKT parcellation,21282,21262,21270,10686,-,-,31968,31943,31954,1.62E-01,2.05E-02
1174,27294,aparc-DKTatlas_rh_thickness_superiortemporal,,mm,float,3,Mean thickness,S,cortical thickness,Mean thickness of superiortemporal in the right hemisphere generated by parcellation of the white surface using DKT parcellation,21282,21262,21270,10686,-,-,31968,31943,31954,1.95E-01,1.98E-02
1175,27295,aparc-DKTatlas_rh_thickness_supramarginal,,mm,float,3,Mean thickness,S,cortical thickness,Mean thickness of supramarginal in the right hemisphere generated by parcellation of the white surface using DKT parcellation,21282,21262,21270,10686,-,-,31968,31943,31954,2.05E-01,2.27E-02
1176,27296,aparc-DKTatlas_rh_thickness_transversetemporal,,mm,float,3,Mean thickness,S,cortical thickness,Mean thickness of transversetemporal in the right hemisphere generated by parcellation of the white surface using DKT parcellation,21281,21261,21269,10686,-,-,31967,31942,31953,1.52E-01,2.11E-02
1177,27297,aparc-DKTatlas_rh_thickness_insula,,mm,float,3,Mean thickness,S,cortical thickness,Mean thickness of insula in the right hemisphere generated by parcellation of the white surface using DKT parcellation,21282,21262,21270,10686,-,-,31968,31943,31954,1.89E-01,2.23E-02
469,27298,aparc-DKTatlas_rh_volume_caudalanteriorcingulate,,mm3,float,1,Volume,S,regional and tissue volume,Volume of caudalanteriorcingulate in the right hemisphere generated by parcellation of the white surface using DKT parcellation,21282,21262,21270,10684,-,-,31966,31941,31952,8.05E-02,1.55E-02
470,27299,aparc-DKTatlas_rh_volume_caudalmiddlefrontal,,mm3,float,1,Volume,S,regional and tissue volume,Volume of caudalmiddlefrontal in the right hemisphere generated by parcellation of the white surface using DKT parcellation,21282,21262,21270,10686,-,-,31968,31943,31954,1.94E-01,1.98E-02
471,27300,aparc-DKTatlas_rh_volume_cuneus,,mm3,float,1,Volume,S,regional and tissue volume,Volume of cuneus in the right hemisphere generated by parcellation of the white surface using DKT parcellation,21282,21262,21270,10686,-,-,31968,31943,31954,2.54E-01,2.36E-02
472,27301,aparc-DKTatlas_rh_volume_entorhinal,,mm3,float,1,Volume,S,regional and tissue volume,Volume of entorhinal in the right hemisphere generated by parcellation of the white surface using DKT parcellation,21282,21262,21270,10686,-,-,31968,31943,31954,1.16E-01,1.77E-02
473,27302,aparc-DKTatlas_rh_volume_fusiform,,mm3,float,1,Volume,S,regional and tissue volume,Volume of fusiform in the right hemisphere generated by parcellation of the white surface using DKT parcellation,21282,21262,21270,10686,-,-,31968,31943,31954,1.87E-01,1.80E-02
474,27303,aparc-DKTatlas_rh_volume_inferiorparietal,,mm3,float,1,Volume,S,regional and tissue volume,Volume of inferiorparietal in the right hemisphere generated by parcellation of the white surface using DKT parcellation,21282,21262,21270,10686,-,-,31968,31943,31954,1.61E-01,1.86E-02
475,27304,aparc-DKTatlas_rh_volume_inferiortemporal,,mm3,float,1,Volume,S,regional and tissue volume,Volume of inferiortemporal in the right hemisphere generated by parcellation of the white surface using DKT parcellation,21282,21262,21270,10686,-,-,31968,31943,31954,1.86E-01,1.80E-02
476,27305,aparc-DKTatlas_rh_volume_isthmuscingulate,,mm3,float,1,Volume,S,regional and tissue volume,Volume of isthmuscingulate in the right hemisphere generated by parcellation of the white surface using DKT parcellation,21282,21262,21270,10686,-,-,31968,31943,31954,1.26E-01,1.86E-02
477,27306,aparc-DKTatlas_rh_volume_lateraloccipital,,mm3,float,1,Volume,S,regional and tissue volume,Volume of lateraloccipital in the right hemisphere generated by parcellation of the white surface using DKT parcellation,21282,21262,21270,10686,-,-,31968,31943,31954,2.11E-01,2.18E-02
478,27307,aparc-DKTatlas_rh_volume_lateralorbitofrontal,,mm3,float,1,Volume,S,regional and tissue volume,Volume of lateralorbitofrontal in the right hemisphere generated by parcellation of the white surface using DKT parcellation,21282,21262,21270,10686,-,-,31968,31943,31954,2.28E-01,2.10E-02
479,27308,aparc-DKTatlas_rh_volume_lingual,,mm3,float,1,Volume,S,regional and tissue volume,Volume of lingual in the right hemisphere generated by parcellation of the white surface using DKT parcellation,21282,21262,21270,10686,-,-,31968,31943,31954,2.24E-01,2.40E-02
480,27309,aparc-DKTatlas_rh_volume_medialorbitofrontal,,mm3,float,1,Volume,S,regional and tissue volume,Volume of medialorbitofrontal in the right hemisphere generated by parcellation of the white surface using DKT parcellation,21282,21262,21270,10686,-,-,31968,31943,31954,1.46E-01,1.79E-02
481,27310,aparc-DKTatlas_rh_volume_middletemporal,,mm3,float,1,Volume,S,regional and tissue volume,Volume of middletemporal in the right hemisphere generated by parcellation of the white surface using DKT parcellation,21282,21262,21270,10686,-,-,31968,31943,31954,2.16E-01,2.10E-02
482,27311,aparc-DKTatlas_rh_volume_parahippocampal,,mm3,float,1,Volume,S,regional and tissue volume,Volume of parahippocampal in the right hemisphere generated by parcellation of the white surface using DKT parcellation,21282,21262,21270,10686,-,-,31968,31943,31954,1.98E-01,1.88E-02
483,27312,aparc-DKTatlas_rh_volume_paracentral,,mm3,float,1,Volume,S,regional and tissue volume,Volume of paracentral in the right hemisphere generated by parcellation of the white surface using DKT parcellation,21282,21262,21270,10686,-,-,31968,31943,31954,1.33E-01,1.79E-02
484,27313,aparc-DKTatlas_rh_volume_parsopercularis,,mm3,float,1,Volume,S,regional and tissue volume,Volume of parsopercularis in the right hemisphere generated by parcellation of the white surface using DKT parcellation,21282,21262,21270,10686,-,-,31968,31943,31954,1.38E-01,1.74E-02
485,27314,aparc-DKTatlas_rh_volume_parsorbitalis,,mm3,float,1,Volume,S,regional and tissue volume,Volume of parsorbitalis in the right hemisphere generated by parcellation of the white surface using DKT parcellation,21281,21261,21269,10685,-,-,31966,31941,31952,1.45E-01,1.83E-02
486,27315,aparc-DKTatlas_rh_volume_parstriangularis,,mm3,float,1,Volume,S,regional and tissue volume,Volume of parstriangularis in the right hemisphere generated by parcellation of the white surface using DKT parcellation,21281,21261,21269,10686,-,-,31967,31942,31953,1.05E-01,1.91E-02
487,27316,aparc-DKTatlas_rh_volume_pericalcarine,,mm3,float,1,Volume,S,regional and tissue volume,Volume of pericalcarine in the right hemisphere generated by parcellation of the white surface using DKT parcellation,21282,21262,21270,10686,-,-,31968,31943,31954,3.11E-01,2.95E-02
488,27317,aparc-DKTatlas_rh_volume_postcentral,,mm3,float,1,Volume,S,regional and tissue volume,Volume of postcentral in the right hemisphere generated by parcellation of the white surface using DKT parcellation,21282,21262,21270,10686,-,-,31968,31943,31954,1.76E-01,1.89E-02
489,27318,aparc-DKTatlas_rh_volume_posteriorcingulate,,mm3,float,1,Volume,S,regional and tissue volume,Volume of posteriorcingulate in the right hemisphere generated by parcellation of the white surface using DKT parcellation,21282,21262,21270,10686,-,-,31968,31943,31954,1.27E-01,1.67E-02
490,27319,aparc-DKTatlas_rh_volume_precentral,,mm3,float,1,Volume,S,regional and tissue volume,Volume of precentral in the right hemisphere generated by parcellation of the white surface using DKT parcellation,21282,21262,21270,10686,10681,10684,31968,31943,31954,2.20E-01,2.23E-02
491,27320,aparc-DKTatlas_rh_volume_precuneus,,mm3,float,1,Volume,S,regional and tissue volume,Volume of precuneus in the right hemisphere generated by parcellation of the white surface using DKT parcellation,21282,21262,21270,10686,-,-,31968,31943,31954,2.27E-01,2.16E-02
492,27321,aparc-DKTatlas_rh_volume_rostralanteriorcingulate,,mm3,float,1,Volume,S,regional and tissue volume,Volume of rostralanteriorcingulate in the right hemisphere generated by parcellation of the white surface using DKT parcellation,21282,21262,21270,10685,-,-,31967,31942,31953,1.17E-01,1.48E-02
493,27322,aparc-DKTatlas_rh_volume_rostralmiddlefrontal,,mm3,float,1,Volume,S,regional and tissue volume,Volume of rostralmiddlefrontal in the right hemisphere generated by parcellation of the white surface using DKT parcellation,21282,21262,21270,10686,-,-,31968,31943,31954,1.83E-01,1.74E-02
494,27323,aparc-DKTatlas_rh_volume_superiorfrontal,,mm3,float,1,Volume,S,regional and tissue volume,Volume of superiorfrontal in the right hemisphere generated by parcellation of the white surface using DKT parcellation,21282,21262,21270,10686,-,-,31968,31943,31954,1.83E-01,1.72E-02
495,27324,aparc-DKTatlas_rh_volume_superiorparietal,,mm3,float,1,Volume,S,regional and tissue volume,Volume of superiorparietal in the right hemisphere generated by parcellation of the white surface using DKT parcellation,21282,21262,21270,10686,-,-,31968,31943,31954,1.70E-01,1.95E-02
496,27325,aparc-DKTatlas_rh_volume_superiortemporal,,mm3,float,1,Volume,S,regional and tissue volume,Volume of superiortemporal in the right hemisphere generated by parcellation of the white surface using DKT parcellation,21282,21262,21270,10686,-,-,31968,31943,31954,2.13E-01,1.78E-02
497,27326,aparc-DKTatlas_rh_volume_supramarginal,,mm3,float,1,Volume,S,regional and tissue volume,Volume of supramarginal in the right hemisphere generated by parcellation of the white surface using DKT parcellation,21282,21262,21270,10686,-,-,31968,31943,31954,1.55E-01,1.81E-02
498,27327,aparc-DKTatlas_rh_volume_transversetemporal,,mm3,float,1,Volume,S,regional and tissue volume,Volume of transversetemporal in the right hemisphere generated by parcellation of the white surface using DKT parcellation,21281,21261,21269,10686,-,-,31967,31942,31953,1.53E-01,1.76E-02
499,27328,aparc-DKTatlas_rh_volume_insula,,mm3,float,1,Volume,S,regional and tissue volume,Volume of insula in the right hemisphere generated by parcellation of the white surface using DKT parcellation,21282,21262,21270,10686,-,-,31968,31943,31954,2.80E-01,2.30E-02
872,27329,aparc-a2009s_lh_area_G+S-frontomargin,,mm2,float,2,Area,S,cortical area,Area of G+S-frontomargin in the left hemisphere generated by parcellation of the white surface using Destrieux (a2009s) parcellation,21282,21262,21270,10686,-,-,31968,31943,31954,1.35E-01,1.59E-02
873,27330,aparc-a2009s_lh_area_G+S-occipital-inf,,mm2,float,2,Area,S,cortical area,Area of G+S-occipital-inf in the left hemisphere generated by parcellation of the white surface using Destrieux (a2009s) parcellation,21282,21262,21270,10686,-,-,31968,31943,31954,9.43E-02,1.71E-02
874,27331,aparc-a2009s_lh_area_G+S-paracentral,,mm2,float,2,Area,S,cortical area,Area of G+S-paracentral in the left hemisphere generated by parcellation of the white surface using Destrieux (a2009s) parcellation,21282,21262,21270,10686,-,-,31968,31943,31954,1.68E-01,1.81E-02
875,27332,aparc-a2009s_lh_area_G+S-subcentral,,mm2,float,2,Area,S,cortical area,Area of G+S-subcentral in the left hemisphere generated by parcellation of the white surface using Destrieux (a2009s) parcellation,21282,21262,21270,10686,-,-,31968,31943,31954,1.60E-01,1.85E-02
876,27333,aparc-a2009s_lh_area_G+S-transv-frontopol,,mm2,float,2,Area,S,cortical area,Area of G+S-transv-frontopol in the left hemisphere generated by parcellation of the white surface using Destrieux (a2009s) parcellation,21282,21262,21270,10686,-,-,31968,31943,31954,1.11E-01,1.83E-02
877,27334,aparc-a2009s_lh_area_G+S-cingul-Ant,,mm2,float,2,Area,S,cortical area,Area of G+S-cingul-Ant in the left hemisphere generated by parcellation of the white surface using Destrieux (a2009s) parcellation,21282,21262,21270,10686,-,-,31968,31943,31954,1.72E-01,1.99E-02
878,27335,aparc-a2009s_lh_area_G+S-cingul-Mid-Ant,,mm2,float,2,Area,S,cortical area,Area of G+S-cingul-Mid-Ant in the left hemisphere generated by parcellation of the white surface using Destrieux (a2009s) parcellation,21282,21262,21270,10685,-,-,31967,31942,31953,1.52E-01,2.33E-02
879,27336,aparc-a2009s_lh_area_G+S-cingul-Mid-Post,,mm2,float,2,Area,S,cortical area,Area of G+S-cingul-Mid-Post in the left hemisphere generated by parcellation of the white surface using Destrieux (a2009s) parcellation,21281,21261,21269,10685,-,-,31966,31941,31952,1.37E-01,2.82E-02
880,27337,aparc-a2009s_lh_area_G-cingul-Post-dorsal,,mm2,float,2,Area,S,cortical area,Area of G-cingul-Post-dorsal in the left hemisphere generated by parcellation of the white surface using Destrieux (a2009s) parcellation,21280,21260,21268,10686,-,-,31966,31941,31952,1.62E-01,1.85E-02
881,27338,aparc-a2009s_lh_area_G-cingul-Post-ventral,,mm2,float,2,Area,S,cortical area,Area of G-cingul-Post-ventral in the left hemisphere generated by parcellation of the white surface using Destrieux (a2009s) parcellation,21279,21259,21267,10686,-,-,31965,31940,31951,1.91E-01,1.85E-02
882,27339,aparc-a2009s_lh_area_G-cuneus,,mm2,float,2,Area,S,cortical area,Area of G-cuneus in the left hemisphere generated by parcellation of the white surface using Destrieux (a2009s) parcellation,21282,21262,21270,10686,10681,10684,31968,31943,31954,2.88E-01,2.38E-02
883,27340,aparc-a2009s_lh_area_G-front-inf-Opercular,,mm2,float,2,Area,S,cortical area,Area of G-front-inf-Opercular in the left hemisphere generated by parcellation of the white surface using Destrieux (a2009s) parcellation,21282,21262,21270,10686,-,-,31968,31943,31954,8.94E-02,1.48E-02
884,27341,aparc-a2009s_lh_area_G-front-inf-Orbital,,mm2,float,2,Area,S,cortical area,Area of G-front-inf-Orbital in the left hemisphere generated by parcellation of the white surface using Destrieux (a2009s) parcellation,21282,21262,21270,10685,-,-,31967,31942,31953,7.59E-02,1.61E-02
885,27342,aparc-a2009s_lh_area_G-front-inf-Triangul,,mm2,float,2,Area,S,cortical area,Area of G-front-inf-Triangul in the left hemisphere generated by parcellation of the white surface using Destrieux (a2009s) parcellation,21282,21262,21270,10686,-,-,31968,31943,31954,1.37E-01,1.77E-02
886,27343,aparc-a2009s_lh_area_G-front-middle,,mm2,float,2,Area,S,cortical area,Area of G-front-middle in the left hemisphere generated by parcellation of the white surface using Destrieux (a2009s) parcellation,21282,21262,21270,10686,10681,10684,31968,31943,31954,2.21E-01,2.17E-02
887,27344,aparc-a2009s_lh_area_G-front-sup,,mm2,float,2,Area,S,cortical area,Area of G-front-sup in the left hemisphere generated by parcellation of the white surface using Destrieux (a2009s) parcellation,21282,21262,21270,10686,-,-,31968,31943,31954,2.28E-01,2.56E-02
888,27345,aparc-a2009s_lh_area_G-Ins-lg+S-cent-ins,,mm2,float,2,Area,S,cortical area,Area of G-Ins-lg+S-cent-ins in the left hemisphere generated by parcellation of the white surface using Destrieux (a2009s) parcellation,21282,21262,21270,10685,-,-,31967,31942,31953,1.43E-01,1.85E-02
889,27346,aparc-a2009s_lh_area_G-insular-short,,mm2,float,2,Area,S,cortical area,Area of G-insular-short in the left hemisphere generated by parcellation of the white surface using Destrieux (a2009s) parcellation,21282,21262,21270,10686,-,-,31968,31943,31954,1.55E-01,1.70E-02
890,27347,aparc-a2009s_lh_area_G-occipital-middle,,mm2,float,2,Area,S,cortical area,Area of G-occipital-middle in the left hemisphere generated by parcellation of the white surface using Destrieux (a2009s) parcellation,21282,21262,21270,10686,10681,10684,31968,31943,31954,1.56E-01,1.95E-02
891,27348,aparc-a2009s_lh_area_G-occipital-sup,,mm2,float,2,Area,S,cortical area,Area of G-occipital-sup in the left hemisphere generated by parcellation of the white surface using Destrieux (a2009s) parcellation,21282,21262,21270,10686,-,-,31968,31943,31954,1.91E-01,2.06E-02
892,27349,aparc-a2009s_lh_area_G-oc-temp-lat-fusifor,,mm2,float,2,Area,S,cortical area,Area of G-oc-temp-lat-fusifor in the left hemisphere generated by parcellation of the white surface using Destrieux (a2009s) parcellation,21282,21262,21270,10686,-,-,31968,31943,31954,1.49E-01,1.73E-02
893,27350,aparc-a2009s_lh_area_G-oc-temp-med-Lingual,,mm2,float,2,Area,S,cortical area,Area of G-oc-temp-med-Lingual in the left hemisphere generated by parcellation of the white surface using Destrieux (a2009s) parcellation,21282,21262,21270,10686,-,-,31968,31943,31954,2.42E-01,2.40E-02
894,27351,aparc-a2009s_lh_area_G-oc-temp-med-Parahip,,mm2,float,2,Area,S,cortical area,Area of G-oc-temp-med-Parahip in the left hemisphere generated by parcellation of the white surface using Destrieux (a2009s) parcellation,21282,21262,21270,10686,-,-,31968,31943,31954,1.96E-01,2.00E-02
895,27352,aparc-a2009s_lh_area_G-orbital,,mm2,float,2,Area,S,cortical area,Area of G-orbital in the left hemisphere generated by parcellation of the white surface using Destrieux (a2009s) parcellation,21282,21262,21270,10685,-,-,31967,31942,31953,2.26E-01,2.04E-02
896,27353,aparc-a2009s_lh_area_G-pariet-inf-Angular,,mm2,float,2,Area,S,cortical area,Area of G-pariet-inf-Angular in the left hemisphere generated by parcellation of the white surface using Destrieux (a2009s) parcellation,21282,21262,21270,10686,-,-,31968,31943,31954,1.67E-01,1.90E-02
897,27354,aparc-a2009s_lh_area_G-pariet-inf-Supramar,,mm2,float,2,Area,S,cortical area,Area of G-pariet-inf-Supramar in the left hemisphere generated by parcellation of the white surface using Destrieux (a2009s) parcellation,21282,21262,21270,10686,-,-,31968,31943,31954,1.89E-01,1.78E-02
898,27355,aparc-a2009s_lh_area_G-parietal-sup,,mm2,float,2,Area,S,cortical area,Area of G-parietal-sup in the left hemisphere generated by parcellation of the white surface using Destrieux (a2009s) parcellation,21282,21262,21270,10686,-,-,31968,31943,31954,1.81E-01,1.83E-02
899,27356,aparc-a2009s_lh_area_G-postcentral,,mm2,float,2,Area,S,cortical area,Area of G-postcentral in the left hemisphere generated by parcellation of the white surface using Destrieux (a2009s) parcellation,21282,21262,21270,10686,-,-,31968,31943,31954,1.38E-01,1.80E-02
900,27357,aparc-a2009s_lh_area_G-precentral,,mm2,float,2,Area,S,cortical area,Area of G-precentral in the left hemisphere generated by parcellation of the white surface using Destrieux (a2009s) parcellation,21282,21262,21270,10686,-,-,31968,31943,31954,2.05E-01,2.52E-02
901,27358,aparc-a2009s_lh_area_G-precuneus,,mm2,float,2,Area,S,cortical area,Area of G-precuneus in the left hemisphere generated by parcellation of the white surface using Destrieux (a2009s) parcellation,21282,21262,21270,10686,-,-,31968,31943,31954,2.14E-01,2.14E-02
902,27359,aparc-a2009s_lh_area_G-rectus,,mm2,float,2,Area,S,cortical area,Area of G-rectus in the left hemisphere generated by parcellation of the white surface using Destrieux (a2009s) parcellation,21282,21262,21270,10685,-,-,31967,31942,31953,1.00E-01,1.79E-02
903,27360,aparc-a2009s_lh_area_G-subcallosal,,mm2,float,2,Area,S,cortical area,Area of G-subcallosal in the left hemisphere generated by parcellation of the white surface using Destrieux (a2009s) parcellation,21280,21260,21268,10685,-,-,31965,31940,31951,6.21E-02,1.50E-02
904,27361,aparc-a2009s_lh_area_G-temp-sup-G-T-transv,,mm2,float,2,Area,S,cortical area,Area of G-temp-sup-G-T-transv in the left hemisphere generated by parcellation of the white surface using Destrieux (a2009s) parcellation,21282,21262,21270,10686,-,-,31968,31943,31954,1.61E-01,1.72E-02
905,27362,aparc-a2009s_lh_area_G-temp-sup-Lateral,,mm2,float,2,Area,S,cortical area,Area of G-temp-sup-Lateral in the left hemisphere generated by parcellation of the white surface using Destrieux (a2009s) parcellation,21282,21262,21270,10686,-,-,31968,31943,31954,2.11E-01,3.54E-02
906,27363,aparc-a2009s_lh_area_G-temp-sup-Plan-polar,,mm2,float,2,Area,S,cortical area,Area of G-temp-sup-Plan-polar in the left hemisphere generated by parcellation of the white surface using Destrieux (a2009s) parcellation,21282,21262,21270,10686,-,-,31968,31943,31954,1.26E-01,2.23E-02
907,27364,aparc-a2009s_lh_area_G-temp-sup-Plan-tempo,,mm2,float,2,Area,S,cortical area,Area of G-temp-sup-Plan-tempo in the left hemisphere generated by parcellation of the white surface using Destrieux (a2009s) parcellation,21282,21262,21270,10686,-,-,31968,31943,31954,1.07E-01,1.48E-02
908,27365,aparc-a2009s_lh_area_G-temporal-inf,,mm2,float,2,Area,S,cortical area,Area of G-temporal-inf in the left hemisphere generated by parcellation of the white surface using Destrieux (a2009s) parcellation,21282,21262,21270,10686,-,-,31968,31943,31954,1.66E-01,1.67E-02
909,27366,aparc-a2009s_lh_area_G-temporal-middle,,mm2,float,2,Area,S,cortical area,Area of G-temporal-middle in the left hemisphere generated by parcellation of the white surface using Destrieux (a2009s) parcellation,21282,21262,21270,10686,-,-,31968,31943,31954,1.98E-01,1.87E-02
910,27367,aparc-a2009s_lh_area_Lat-Fis-ant-Horizont,,mm2,float,2,Area,S,cortical area,Area of Lat-Fis-ant-Horizont in the left hemisphere generated by parcellation of the white surface using Destrieux (a2009s) parcellation,21277,21257,21265,10684,-,-,31961,31936,31947,8.52E-02,1.69E-02
911,27368,aparc-a2009s_lh_area_Lat-Fis-ant-Vertical,,mm2,float,2,Area,S,cortical area,Area of Lat-Fis-ant-Vertical in the left hemisphere generated by parcellation of the white surface using Destrieux (a2009s) parcellation,21282,21262,21270,10685,-,-,31967,31942,31953,6.32E-02,1.48E-02
912,27369,aparc-a2009s_lh_area_Lat-Fis-post,,mm2,float,2,Area,S,cortical area,Area of Lat-Fis-post in the left hemisphere generated by parcellation of the white surface using Destrieux (a2009s) parcellation,21282,21262,21270,10686,-,-,31968,31943,31954,2.27E-01,1.92E-02
913,27370,aparc-a2009s_lh_area_Pole-occipital,,mm2,float,2,Area,S,cortical area,Area of Pole-occipital in the left hemisphere generated by parcellation of the white surface using Destrieux (a2009s) parcellation,21282,21262,21270,10686,-,-,31968,31943,31954,1.63E-01,1.95E-02
914,27371,aparc-a2009s_lh_area_Pole-temporal,,mm2,float,2,Area,S,cortical area,Area of Pole-temporal in the left hemisphere generated by parcellation of the white surface using Destrieux (a2009s) parcellation,21281,21261,21269,10686,-,-,31967,31942,31953,1.62E-01,2.07E-02
915,27372,aparc-a2009s_lh_area_S-calcarine,,mm2,float,2,Area,S,cortical area,Area of S-calcarine in the left hemisphere generated by parcellation of the white surface using Destrieux (a2009s) parcellation,21282,21262,21270,10686,10681,10684,31968,31943,31954,3.23E-01,2.78E-02
916,27373,aparc-a2009s_lh_area_S-central,,mm2,float,2,Area,S,cortical area,Area of S-central in the left hemisphere generated by parcellation of the white surface using Destrieux (a2009s) parcellation,21282,21262,21270,10686,-,-,31968,31943,31954,2.34E-01,2.76E-02
917,27374,aparc-a2009s_lh_area_S-cingul-Marginalis,,mm2,float,2,Area,S,cortical area,Area of S-cingul-Marginalis in the left hemisphere generated by parcellation of the white surface using Destrieux (a2009s) parcellation,21282,21262,21270,10686,-,-,31968,31943,31954,1.65E-01,1.83E-02
918,27375,aparc-a2009s_lh_area_S-circular-insula-ant,,mm2,float,2,Area,S,cortical area,Area of S-circular-insula-ant in the left hemisphere generated by parcellation of the white surface using Destrieux (a2009s) parcellation,21282,21262,21270,10685,-,-,31967,31942,31953,1.39E-01,1.68E-02
919,27376,aparc-a2009s_lh_area_S-circular-insula-inf,,mm2,float,2,Area,S,cortical area,Area of S-circular-insula-inf in the left hemisphere generated by parcellation of the white surface using Destrieux (a2009s) parcellation,21282,21262,21270,10686,-,-,31968,31943,31954,1.95E-01,1.81E-02
920,27377,aparc-a2009s_lh_area_S-circular-insula-sup,,mm2,float,2,Area,S,cortical area,Area of S-circular-insula-sup in the left hemisphere generated by parcellation of the white surface using Destrieux (a2009s) parcellation,21282,21262,21270,10686,-,-,31968,31943,31954,2.17E-01,2.12E-02
921,27378,aparc-a2009s_lh_area_S-collat-transv-ant,,mm2,float,2,Area,S,cortical area,Area of S-collat-transv-ant in the left hemisphere generated by parcellation of the white surface using Destrieux (a2009s) parcellation,21282,21262,21270,10686,-,-,31968,31943,31954,2.05E-01,1.84E-02
922,27379,aparc-a2009s_lh_area_S-collat-transv-post,,mm2,float,2,Area,S,cortical area,Area of S-collat-transv-post in the left hemisphere generated by parcellation of the white surface using Destrieux (a2009s) parcellation,21282,21262,21270,10686,-,-,31968,31943,31954,1.00E-01,1.62E-02
923,27380,aparc-a2009s_lh_area_S-front-inf,,mm2,float,2,Area,S,cortical area,Area of S-front-inf in the left hemisphere generated by parcellation of the white surface using Destrieux (a2009s) parcellation,21282,21262,21270,10686,-,-,31968,31943,31954,1.40E-01,1.70E-02
924,27381,aparc-a2009s_lh_area_S-front-middle,,mm2,float,2,Area,S,cortical area,Area of S-front-middle in the left hemisphere generated by parcellation of the white surface using Destrieux (a2009s) parcellation,21282,21262,21270,10686,-,-,31968,31943,31954,1.28E-01,1.47E-02
925,27382,aparc-a2009s_lh_area_S-front-sup,,mm2,float,2,Area,S,cortical area,Area of S-front-sup in the left hemisphere generated by parcellation of the white surface using Destrieux (a2009s) parcellation,21282,21262,21270,10686,10681,10684,31968,31943,31954,1.57E-01,1.84E-02
926,27383,aparc-a2009s_lh_area_S-interm-prim-Jensen,,mm2,float,2,Area,S,cortical area,Area of S-interm-prim-Jensen in the left hemisphere generated by parcellation of the white surface using Destrieux (a2009s) parcellation,21259,21239,21247,10678,-,-,31937,31912,31923,4.71E-02,1.26E-02
927,27384,aparc-a2009s_lh_area_S-intrapariet+P-trans,,mm2,float,2,Area,S,cortical area,Area of S-intrapariet+P-trans in the left hemisphere generated by parcellation of the white surface using Destrieux (a2009s) parcellation,21282,21262,21270,10686,-,-,31968,31943,31954,1.28E-01,1.86E-02
928,27385,aparc-a2009s_lh_area_S-oc-middle+Lunatus,,mm2,float,2,Area,S,cortical area,Area of S-oc-middle+Lunatus in the left hemisphere generated by parcellation of the white surface using Destrieux (a2009s) parcellation,21282,21262,21270,10686,-,-,31968,31943,31954,1.56E-01,1.83E-02
929,27386,aparc-a2009s_lh_area_S-oc-sup+transversal,,mm2,float,2,Area,S,cortical area,Area of S-oc-sup+transversal in the left hemisphere generated by parcellation of the white surface using Destrieux (a2009s) parcellation,21282,21262,21270,10686,-,-,31968,31943,31954,1.27E-01,1.63E-02
930,27387,aparc-a2009s_lh_area_S-occipital-ant,,mm2,float,2,Area,S,cortical area,Area of S-occipital-ant in the left hemisphere generated by parcellation of the white surface using Destrieux (a2009s) parcellation,21282,21262,21270,10686,-,-,31968,31943,31954,6.09E-02,1.33E-02
931,27388,aparc-a2009s_lh_area_S-oc-temp-lat,,mm2,float,2,Area,S,cortical area,Area of S-oc-temp-lat in the left hemisphere generated by parcellation of the white surface using Destrieux (a2009s) parcellation,21282,21262,21270,10686,-,-,31968,31943,31954,1.09E-01,1.56E-02
932,27389,aparc-a2009s_lh_area_S-oc-temp-med+Lingual,,mm2,float,2,Area,S,cortical area,Area of S-oc-temp-med+Lingual in the left hemisphere generated by parcellation of the white surface using Destrieux (a2009s) parcellation,21282,21262,21270,10686,-,-,31968,31943,31954,1.33E-01,1.60E-02
933,27390,aparc-a2009s_lh_area_S-orbital-lateral,,mm2,float,2,Area,S,cortical area,Area of S-orbital-lateral in the left hemisphere generated by parcellation of the white surface using Destrieux (a2009s) parcellation,21281,21261,21269,10686,-,-,31967,31942,31953,7.29E-02,1.63E-02
934,27391,aparc-a2009s_lh_area_S-orbital-med-olfact,,mm2,float,2,Area,S,cortical area,Area of S-orbital-med-olfact in the left hemisphere generated by parcellation of the white surface using Destrieux (a2009s) parcellation,21282,21262,21270,10685,10680,10683,31967,31942,31953,2.12E-01,2.36E-02
935,27392,aparc-a2009s_lh_area_S-orbital-H-Shaped,,mm2,float,2,Area,S,cortical area,Area of S-orbital-H-Shaped in the left hemisphere generated by parcellation of the white surface using Destrieux (a2009s) parcellation,21282,21262,21270,10685,-,-,31967,31942,31953,2.44E-01,2.05E-02
936,27393,aparc-a2009s_lh_area_S-parieto-occipital,,mm2,float,2,Area,S,cortical area,Area of S-parieto-occipital in the left hemisphere generated by parcellation of the white surface using Destrieux (a2009s) parcellation,21282,21262,21270,10686,-,-,31968,31943,31954,2.19E-01,1.93E-02
937,27394,aparc-a2009s_lh_area_S-pericallosal,,mm2,float,2,Area,S,cortical area,Area of S-pericallosal in the left hemisphere generated by parcellation of the white surface using Destrieux (a2009s) parcellation,21282,21262,21270,10686,-,-,31968,31943,31954,1.72E-01,1.84E-02
938,27395,aparc-a2009s_lh_area_S-postcentral,,mm2,float,2,Area,S,cortical area,Area of S-postcentral in the left hemisphere generated by parcellation of the white surface using Destrieux (a2009s) parcellation,21282,21262,21270,10686,-,-,31968,31943,31954,1.39E-01,1.84E-02
939,27396,aparc-a2009s_lh_area_S-precentral-inf-part,,mm2,float,2,Area,S,cortical area,Area of S-precentral-inf-part in the left hemisphere generated by parcellation of the white surface using Destrieux (a2009s) parcellation,21282,21262,21270,10686,-,-,31968,31943,31954,1.09E-01,1.61E-02
940,27397,aparc-a2009s_lh_area_S-precentral-sup-part,,mm2,float,2,Area,S,cortical area,Area of S-precentral-sup-part in the left hemisphere generated by parcellation of the white surface using Destrieux (a2009s) parcellation,21282,21262,21270,10686,-,-,31968,31943,31954,1.21E-01,1.70E-02
941,27398,aparc-a2009s_lh_area_S-suborbital,,mm2,float,2,Area,S,cortical area,Area of S-suborbital in the left hemisphere generated by parcellation of the white surface using Destrieux (a2009s) parcellation,21282,21262,21270,10686,-,-,31968,31943,31954,5.36E-02,1.45E-02
942,27399,aparc-a2009s_lh_area_S-subparietal,,mm2,float,2,Area,S,cortical area,Area of S-subparietal in the left hemisphere generated by parcellation of the white surface using Destrieux (a2009s) parcellation,21282,21262,21270,10686,-,-,31968,31943,31954,1.51E-01,1.93E-02
943,27400,aparc-a2009s_lh_area_S-temporal-inf,,mm2,float,2,Area,S,cortical area,Area of S-temporal-inf in the left hemisphere generated by parcellation of the white surface using Destrieux (a2009s) parcellation,21282,21262,21270,10686,-,-,31968,31943,31954,1.34E-01,1.74E-02
944,27401,aparc-a2009s_lh_area_S-temporal-sup,,mm2,float,2,Area,S,cortical area,Area of S-temporal-sup in the left hemisphere generated by parcellation of the white surface using Destrieux (a2009s) parcellation,21282,21262,21270,10686,-,-,31968,31943,31954,2.19E-01,1.88E-02
945,27402,aparc-a2009s_lh_area_S-temporal-transverse,,mm2,float,2,Area,S,cortical area,Area of S-temporal-transverse in the left hemisphere generated by parcellation of the white surface using Destrieux (a2009s) parcellation,21280,21260,21268,10682,-,-,31962,31937,31948,1.09E-01,1.45E-02
1178,27403,aparc-a2009s_lh_thickness_G+S-frontomargin,,mm,float,3,Mean thickness,S,cortical thickness,Mean thickness of G+S-frontomargin in the left hemisphere generated by parcellation of the white surface using Destrieux (a2009s) parcellation,21282,21262,21270,10686,-,-,31968,31943,31954,1.08E-01,1.56E-02
1179,27404,aparc-a2009s_lh_thickness_G+S-occipital-inf,,mm,float,3,Mean thickness,S,cortical thickness,Mean thickness of G+S-occipital-inf in the left hemisphere generated by parcellation of the white surface using Destrieux (a2009s) parcellation,21282,21262,21270,10686,-,-,31968,31943,31954,1.46E-01,1.86E-02
1180,27405,aparc-a2009s_lh_thickness_G+S-paracentral,,mm,float,3,Mean thickness,S,cortical thickness,Mean thickness of G+S-paracentral in the left hemisphere generated by parcellation of the white surface using Destrieux (a2009s) parcellation,21282,21262,21270,10686,-,-,31968,31943,31954,1.80E-01,1.75E-02
1181,27406,aparc-a2009s_lh_thickness_G+S-subcentral,,mm,float,3,Mean thickness,S,cortical thickness,Mean thickness of G+S-subcentral in the left hemisphere generated by parcellation of the white surface using Destrieux (a2009s) parcellation,21282,21262,21270,10686,-,-,31968,31943,31954,2.10E-01,2.05E-02
1182,27407,aparc-a2009s_lh_thickness_G+S-transv-frontopol,,mm,float,3,Mean thickness,S,cortical thickness,Mean thickness of G+S-transv-frontopol in the left hemisphere generated by parcellation of the white surface using Destrieux (a2009s) parcellation,21282,21262,21270,10686,-,-,31968,31943,31954,1.12E-01,1.65E-02
1183,27408,aparc-a2009s_lh_thickness_G+S-cingul-Ant,,mm,float,3,Mean thickness,S,cortical thickness,Mean thickness of G+S-cingul-Ant in the left hemisphere generated by parcellation of the white surface using Destrieux (a2009s) parcellation,21282,21262,21270,10686,-,-,31968,31943,31954,1.32E-01,1.83E-02
1184,27409,aparc-a2009s_lh_thickness_G+S-cingul-Mid-Ant,,mm,float,3,Mean thickness,S,cortical thickness,Mean thickness of G+S-cingul-Mid-Ant in the left hemisphere generated by parcellation of the white surface using Destrieux (a2009s) parcellation,21282,21262,21270,10685,-,-,31967,31942,31953,7.28E-02,1.69E-02
1185,27410,aparc-a2009s_lh_thickness_G+S-cingul-Mid-Post,,mm,float,3,Mean thickness,S,cortical thickness,Mean thickness of G+S-cingul-Mid-Post in the left hemisphere generated by parcellation of the white surface using Destrieux (a2009s) parcellation,21281,21261,21269,10685,-,-,31966,31941,31952,1.41E-01,1.77E-02
1186,27411,aparc-a2009s_lh_thickness_G-cingul-Post-dorsal,,mm,float,3,Mean thickness,S,cortical thickness,Mean thickness of G-cingul-Post-dorsal in the left hemisphere generated by parcellation of the white surface using Destrieux (a2009s) parcellation,21280,21260,21268,10686,-,-,31966,31941,31952,1.39E-01,1.71E-02
1187,27412,aparc-a2009s_lh_thickness_G-cingul-Post-ventral,,mm,float,3,Mean thickness,S,cortical thickness,Mean thickness of G-cingul-Post-ventral in the left hemisphere generated by parcellation of the white surface using Destrieux (a2009s) parcellation,21279,21259,21267,10686,-,-,31965,31940,31951,1.19E-01,1.70E-02
1188,27413,aparc-a2009s_lh_thickness_G-cuneus,,mm,float,3,Mean thickness,S,cortical thickness,Mean thickness of G-cuneus in the left hemisphere generated by parcellation of the white surface using Destrieux (a2009s) parcellation,21282,21262,21270,10686,-,-,31968,31943,31954,1.90E-01,1.76E-02
1189,27414,aparc-a2009s_lh_thickness_G-front-inf-Opercular,,mm,float,3,Mean thickness,S,cortical thickness,Mean thickness of G-front-inf-Opercular in the left hemisphere generated by parcellation of the white surface using Destrieux (a2009s) parcellation,21282,21262,21270,10686,-,-,31968,31943,31954,1.51E-01,1.82E-02
1190,27415,aparc-a2009s_lh_thickness_G-front-inf-Orbital,,mm,float,3,Mean thickness,S,cortical thickness,Mean thickness of G-front-inf-Orbital in the left hemisphere generated by parcellation of the white surface using Destrieux (a2009s) parcellation,21282,21262,21270,10685,-,-,31967,31942,31953,1.04E-01,1.64E-02
1191,27416,aparc-a2009s_lh_thickness_G-front-inf-Triangul,,mm,float,3,Mean thickness,S,cortical thickness,Mean thickness of G-front-inf-Triangul in the left hemisphere generated by parcellation of the white surface using Destrieux (a2009s) parcellation,21282,21262,21270,10686,-,-,31968,31943,31954,1.62E-01,1.78E-02
1192,27417,aparc-a2009s_lh_thickness_G-front-middle,,mm,float,3,Mean thickness,S,cortical thickness,Mean thickness of G-front-middle in the left hemisphere generated by parcellation of the white surface using Destrieux (a2009s) parcellation,21282,21262,21270,10686,-,-,31968,31943,31954,2.11E-01,2.05E-02
1193,27418,aparc-a2009s_lh_thickness_G-front-sup,,mm,float,3,Mean thickness,S,cortical thickness,Mean thickness of G-front-sup in the left hemisphere generated by parcellation of the white surface using Destrieux (a2009s) parcellation,21282,21262,21270,10686,-,-,31968,31943,31954,2.20E-01,2.28E-02
1194,27419,aparc-a2009s_lh_thickness_G-Ins-lg+S-cent-ins,,mm,float,3,Mean thickness,S,cortical thickness,Mean thickness of G-Ins-lg+S-cent-ins in the left hemisphere generated by parcellation of the white surface using Destrieux (a2009s) parcellation,21282,21262,21270,10685,-,-,31967,31942,31953,9.23E-02,1.54E-02
1195,27420,aparc-a2009s_lh_thickness_G-insular-short,,mm,float,3,Mean thickness,S,cortical thickness,Mean thickness of G-insular-short in the left hemisphere generated by parcellation of the white surface using Destrieux (a2009s) parcellation,21282,21262,21270,10686,-,-,31968,31943,31954,8.37E-02,1.44E-02
1196,27421,aparc-a2009s_lh_thickness_G-occipital-middle,,mm,float,3,Mean thickness,S,cortical thickness,Mean thickness of G-occipital-middle in the left hemisphere generated by parcellation of the white surface using Destrieux (a2009s) parcellation,21282,21262,21270,10686,-,-,31968,31943,31954,1.44E-01,1.75E-02
1197,27422,aparc-a2009s_lh_thickness_G-occipital-sup,,mm,float,3,Mean thickness,S,cortical thickness,Mean thickness of G-occipital-sup in the left hemisphere generated by parcellation of the white surface using Destrieux (a2009s) parcellation,21282,21262,21270,10686,-,-,31968,31943,31954,1.40E-01,1.75E-02
1198,27423,aparc-a2009s_lh_thickness_G-oc-temp-lat-fusifor,,mm,float,3,Mean thickness,S,cortical thickness,Mean thickness of G-oc-temp-lat-fusifor in the left hemisphere generated by parcellation of the white surface using Destrieux (a2009s) parcellation,21282,21262,21270,10686,-,-,31968,31943,31954,1.39E-01,2.01E-02
1199,27424,aparc-a2009s_lh_thickness_G-oc-temp-med-Lingual,,mm,float,3,Mean thickness,S,cortical thickness,Mean thickness of G-oc-temp-med-Lingual in the left hemisphere generated by parcellation of the white surface using Destrieux (a2009s) parcellation,21282,21262,21270,10686,-,-,31968,31943,31954,1.69E-01,1.84E-02
1200,27425,aparc-a2009s_lh_thickness_G-oc-temp-med-Parahip,,mm,float,3,Mean thickness,S,cortical thickness,Mean thickness of G-oc-temp-med-Parahip in the left hemisphere generated by parcellation of the white surface using Destrieux (a2009s) parcellation,21282,21262,21270,10686,-,-,31968,31943,31954,1.38E-01,1.82E-02
1201,27426,aparc-a2009s_lh_thickness_G-orbital,,mm,float,3,Mean thickness,S,cortical thickness,Mean thickness of G-orbital in the left hemisphere generated by parcellation of the white surface using Destrieux (a2009s) parcellation,21282,21262,21270,10685,-,-,31967,31942,31953,1.21E-01,1.58E-02
1202,27427,aparc-a2009s_lh_thickness_G-pariet-inf-Angular,,mm,float,3,Mean thickness,S,cortical thickness,Mean thickness of G-pariet-inf-Angular in the left hemisphere generated by parcellation of the white surface using Destrieux (a2009s) parcellation,21282,21262,21270,10686,10681,10684,31968,31943,31954,1.63E-01,1.91E-02
1203,27428,aparc-a2009s_lh_thickness_G-pariet-inf-Supramar,,mm,float,3,Mean thickness,S,cortical thickness,Mean thickness of G-pariet-inf-Supramar in the left hemisphere generated by parcellation of the white surface using Destrieux (a2009s) parcellation,21282,21262,21270,10686,-,-,31968,31943,31954,1.92E-01,2.24E-02
1204,27429,aparc-a2009s_lh_thickness_G-parietal-sup,,mm,float,3,Mean thickness,S,cortical thickness,Mean thickness of G-parietal-sup in the left hemisphere generated by parcellation of the white surface using Destrieux (a2009s) parcellation,21282,21262,21270,10686,-,-,31968,31943,31954,1.75E-01,1.84E-02
1205,27430,aparc-a2009s_lh_thickness_G-postcentral,,mm,float,3,Mean thickness,S,cortical thickness,Mean thickness of G-postcentral in the left hemisphere generated by parcellation of the white surface using Destrieux (a2009s) parcellation,21282,21262,21270,10686,-,-,31968,31943,31954,1.79E-01,1.93E-02
1206,27431,aparc-a2009s_lh_thickness_G-precentral,,mm,float,3,Mean thickness,S,cortical thickness,Mean thickness of G-precentral in the left hemisphere generated by parcellation of the white surface using Destrieux (a2009s) parcellation,21282,21262,21270,10686,-,-,31968,31943,31954,1.83E-01,2.19E-02
1207,27432,aparc-a2009s_lh_thickness_G-precuneus,,mm,float,3,Mean thickness,S,cortical thickness,Mean thickness of G-precuneus in the left hemisphere generated by parcellation of the white surface using Destrieux (a2009s) parcellation,21282,21262,21270,10686,-,-,31968,31943,31954,1.92E-01,2.00E-02
1208,27433,aparc-a2009s_lh_thickness_G-rectus,,mm,float,3,Mean thickness,S,cortical thickness,Mean thickness of G-rectus in the left hemisphere generated by parcellation of the white surface using Destrieux (a2009s) parcellation,21282,21262,21270,10685,-,-,31967,31942,31953,9.39E-02,1.73E-02
1209,27434,aparc-a2009s_lh_thickness_G-subcallosal,,mm,float,3,Mean thickness,S,cortical thickness,Mean thickness of G-subcallosal in the left hemisphere generated by parcellation of the white surface using Destrieux (a2009s) parcellation,21280,21260,21268,10685,-,-,31965,31940,31951,1.06E-01,1.75E-02
1210,27435,aparc-a2009s_lh_thickness_G-temp-sup-G-T-transv,,mm,float,3,Mean thickness,S,cortical thickness,Mean thickness of G-temp-sup-G-T-transv in the left hemisphere generated by parcellation of the white surface using Destrieux (a2009s) parcellation,21282,21262,21270,10686,-,-,31968,31943,31954,1.67E-01,1.78E-02
1211,27436,aparc-a2009s_lh_thickness_G-temp-sup-Lateral,,mm,float,3,Mean thickness,S,cortical thickness,Mean thickness of G-temp-sup-Lateral in the left hemisphere generated by parcellation of the white surface using Destrieux (a2009s) parcellation,21282,21262,21270,10686,-,-,31968,31943,31954,2.03E-01,1.99E-02
1212,27437,aparc-a2009s_lh_thickness_G-temp-sup-Plan-polar,,mm,float,3,Mean thickness,S,cortical thickness,Mean thickness of G-temp-sup-Plan-polar in the left hemisphere generated by parcellation of the white surface using Destrieux (a2009s) parcellation,21282,21262,21270,10686,-,-,31968,31943,31954,8.87E-02,1.58E-02
1213,27438,aparc-a2009s_lh_thickness_G-temp-sup-Plan-tempo,,mm,float,3,Mean thickness,S,cortical thickness,Mean thickness of G-temp-sup-Plan-tempo in the left hemisphere generated by parcellation of the white surface using Destrieux (a2009s) parcellation,21282,21262,21270,10686,-,-,31968,31943,31954,1.47E-01,2.10E-02
1214,27439,aparc-a2009s_lh_thickness_G-temporal-inf,,mm,float,3,Mean thickness,S,cortical thickness,Mean thickness of G-temporal-inf in the left hemisphere generated by parcellation of the white surface using Destrieux (a2009s) parcellation,21282,21262,21270,10686,-,-,31968,31943,31954,1.14E-01,1.57E-02
1215,27440,aparc-a2009s_lh_thickness_G-temporal-middle,,mm,float,3,Mean thickness,S,cortical thickness,Mean thickness of G-temporal-middle in the left hemisphere generated by parcellation of the white surface using Destrieux (a2009s) parcellation,21282,21262,21270,10686,-,-,31968,31943,31954,1.50E-01,1.72E-02
1216,27441,aparc-a2009s_lh_thickness_Lat-Fis-ant-Horizont,,mm,float,3,Mean thickness,S,cortical thickness,Mean thickness of Lat-Fis-ant-Horizont in the left hemisphere generated by parcellation of the white surface using Destrieux (a2009s) parcellation,21277,21257,21265,10684,-,-,31961,31936,31947,1.00E-01,1.50E-02
1217,27442,aparc-a2009s_lh_thickness_Lat-Fis-ant-Vertical,,mm,float,3,Mean thickness,S,cortical thickness,Mean thickness of Lat-Fis-ant-Vertical in the left hemisphere generated by parcellation of the white surface using Destrieux (a2009s) parcellation,21282,21262,21270,10685,-,-,31967,31942,31953,7.36E-02,1.43E-02
1218,27443,aparc-a2009s_lh_thickness_Lat-Fis-post,,mm,float,3,Mean thickness,S,cortical thickness,Mean thickness of Lat-Fis-post in the left hemisphere generated by parcellation of the white surface using Destrieux (a2009s) parcellation,21282,21262,21270,10686,-,-,31968,31943,31954,2.10E-01,2.35E-02
1219,27444,aparc-a2009s_lh_thickness_Pole-occipital,,mm,float,3,Mean thickness,S,cortical thickness,Mean thickness of Pole-occipital in the left hemisphere generated by parcellation of the white surface using Destrieux (a2009s) parcellation,21282,21262,21270,10686,-,-,31968,31943,31954,1.19E-01,1.61E-02
1220,27445,aparc-a2009s_lh_thickness_Pole-temporal,,mm,float,3,Mean thickness,S,cortical thickness,Mean thickness of Pole-temporal in the left hemisphere generated by parcellation of the white surface using Destrieux (a2009s) parcellation,21281,21261,21269,10686,-,-,31967,31942,31953,9.72E-02,1.58E-02
1221,27446,aparc-a2009s_lh_thickness_S-calcarine,,mm,float,3,Mean thickness,S,cortical thickness,Mean thickness of S-calcarine in the left hemisphere generated by parcellation of the white surface using Destrieux (a2009s) parcellation,21282,21262,21270,10686,-,-,31968,31943,31954,1.40E-01,1.69E-02
1222,27447,aparc-a2009s_lh_thickness_S-central,,mm,float,3,Mean thickness,S,cortical thickness,Mean thickness of S-central in the left hemisphere generated by parcellation of the white surface using Destrieux (a2009s) parcellation,21282,21262,21270,10686,-,-,31968,31943,31954,1.55E-01,1.84E-02
1223,27448,aparc-a2009s_lh_thickness_S-cingul-Marginalis,,mm,float,3,Mean thickness,S,cortical thickness,Mean thickness of S-cingul-Marginalis in the left hemisphere generated by parcellation of the white surface using Destrieux (a2009s) parcellation,21282,21262,21270,10686,-,-,31968,31943,31954,1.23E-01,1.90E-02
1224,27449,aparc-a2009s_lh_thickness_S-circular-insula-ant,,mm,float,3,Mean thickness,S,cortical thickness,Mean thickness of S-circular-insula-ant in the left hemisphere generated by parcellation of the white surface using Destrieux (a2009s) parcellation,21282,21262,21270,10685,-,-,31967,31942,31953,6.46E-02,1.45E-02
1225,27450,aparc-a2009s_lh_thickness_S-circular-insula-inf,,mm,float,3,Mean thickness,S,cortical thickness,Mean thickness of S-circular-insula-inf in the left hemisphere generated by parcellation of the white surface using Destrieux (a2009s) parcellation,21282,21262,21270,10686,-,-,31968,31943,31954,1.37E-01,1.97E-02
1226,27451,aparc-a2009s_lh_thickness_S-circular-insula-sup,,mm,float,3,Mean thickness,S,cortical thickness,Mean thickness of S-circular-insula-sup in the left hemisphere generated by parcellation of the white surface using Destrieux (a2009s) parcellation,21282,21262,21270,10686,-,-,31968,31943,31954,1.59E-01,2.01E-02
1227,27452,aparc-a2009s_lh_thickness_S-collat-transv-ant,,mm,float,3,Mean thickness,S,cortical thickness,Mean thickness of S-collat-transv-ant in the left hemisphere generated by parcellation of the white surface using Destrieux (a2009s) parcellation,21282,21262,21270,10686,-,-,31968,31943,31954,7.20E-02,1.61E-02
1228,27453,aparc-a2009s_lh_thickness_S-collat-transv-post,,mm,float,3,Mean thickness,S,cortical thickness,Mean thickness of S-collat-transv-post in the left hemisphere generated by parcellation of the white surface using Destrieux (a2009s) parcellation,21282,21262,21270,10686,-,-,31968,31943,31954,1.14E-01,1.80E-02
1229,27454,aparc-a2009s_lh_thickness_S-front-inf,,mm,float,3,Mean thickness,S,cortical thickness,Mean thickness of S-front-inf in the left hemisphere generated by parcellation of the white surface using Destrieux (a2009s) parcellation,21282,21262,21270,10686,-,-,31968,31943,31954,1.74E-01,1.81E-02
1230,27455,aparc-a2009s_lh_thickness_S-front-middle,,mm,float,3,Mean thickness,S,cortical thickness,Mean thickness of S-front-middle in the left hemisphere generated by parcellation of the white surface using Destrieux (a2009s) parcellation,21282,21262,21270,10686,-,-,31968,31943,31954,1.18E-01,1.58E-02
1231,27456,aparc-a2009s_lh_thickness_S-front-sup,,mm,float,3,Mean thickness,S,cortical thickness,Mean thickness of S-front-sup in the left hemisphere generated by parcellation of the white surface using Destrieux (a2009s) parcellation,21282,21262,21270,10686,-,-,31968,31943,31954,1.88E-01,2.21E-02
1232,27457,aparc-a2009s_lh_thickness_S-interm-prim-Jensen,,mm,float,3,Mean thickness,S,cortical thickness,Mean thickness of S-interm-prim-Jensen in the left hemisphere generated by parcellation of the white surface using Destrieux (a2009s) parcellation,21259,21239,21247,10678,-,-,31937,31912,31923,5.43E-02,1.47E-02
1233,27458,aparc-a2009s_lh_thickness_S-intrapariet+P-trans,,mm,float,3,Mean thickness,S,cortical thickness,Mean thickness of S-intrapariet+P-trans in the left hemisphere generated by parcellation of the white surface using Destrieux (a2009s) parcellation,21282,21262,21270,10686,-,-,31968,31943,31954,1.78E-01,1.84E-02
1234,27459,aparc-a2009s_lh_thickness_S-oc-middle+Lunatus,,mm,float,3,Mean thickness,S,cortical thickness,Mean thickness of S-oc-middle+Lunatus in the left hemisphere generated by parcellation of the white surface using Destrieux (a2009s) parcellation,21282,21262,21270,10686,-,-,31968,31943,31954,1.05E-01,1.62E-02
1235,27460,aparc-a2009s_lh_thickness_S-oc-sup+transversal,,mm,float,3,Mean thickness,S,cortical thickness,Mean thickness of S-oc-sup+transversal in the left hemisphere generated by parcellation of the white surface using Destrieux (a2009s) parcellation,21282,21262,21270,10686,-,-,31968,31943,31954,1.62E-01,1.84E-02
1236,27461,aparc-a2009s_lh_thickness_S-occipital-ant,,mm,float,3,Mean thickness,S,cortical thickness,Mean thickness of S-occipital-ant in the left hemisphere generated by parcellation of the white surface using Destrieux (a2009s) parcellation,21282,21262,21270,10686,-,-,31968,31943,31954,8.26E-02,1.60E-02
1237,27462,aparc-a2009s_lh_thickness_S-oc-temp-lat,,mm,float,3,Mean thickness,S,cortical thickness,Mean thickness of S-oc-temp-lat in the left hemisphere generated by parcellation of the white surface using Destrieux (a2009s) parcellation,21282,21262,21270,10686,-,-,31968,31943,31954,1.12E-01,1.57E-02
1238,27463,aparc-a2009s_lh_thickness_S-oc-temp-med+Lingual,,mm,float,3,Mean thickness,S,cortical thickness,Mean thickness of S-oc-temp-med+Lingual in the left hemisphere generated by parcellation of the white surface using Destrieux (a2009s) parcellation,21282,21262,21270,10686,-,-,31968,31943,31954,2.07E-01,1.72E-02
1239,27464,aparc-a2009s_lh_thickness_S-orbital-lateral,,mm,float,3,Mean thickness,S,cortical thickness,Mean thickness of S-orbital-lateral in the left hemisphere generated by parcellation of the white surface using Destrieux (a2009s) parcellation,21281,21261,21269,10686,-,-,31967,31942,31953,5.34E-02,1.62E-02
1240,27465,aparc-a2009s_lh_thickness_S-orbital-med-olfact,,mm,float,3,Mean thickness,S,cortical thickness,Mean thickness of S-orbital-med-olfact in the left hemisphere generated by parcellation of the white surface using Destrieux (a2009s) parcellation,21282,21262,21270,10685,-,-,31967,31942,31953,1.10E-01,1.60E-02
1241,27466,aparc-a2009s_lh_thickness_S-orbital-H-Shaped,,mm,float,3,Mean thickness,S,cortical thickness,Mean thickness of S-orbital-H-Shaped in the left hemisphere generated by parcellation of the white surface using Destrieux (a2009s) parcellation,21282,21262,21270,10685,-,-,31967,31942,31953,1.15E-01,1.66E-02
1242,27467,aparc-a2009s_lh_thickness_S-parieto-occipital,,mm,float,3,Mean thickness,S,cortical thickness,Mean thickness of S-parieto-occipital in the left hemisphere generated by parcellation of the white surface using Destrieux (a2009s) parcellation,21282,21262,21270,10686,-,-,31968,31943,31954,1.55E-01,1.81E-02
1243,27468,aparc-a2009s_lh_thickness_S-pericallosal,,mm,float,3,Mean thickness,S,cortical thickness,Mean thickness of S-pericallosal in the left hemisphere generated by parcellation of the white surface using Destrieux (a2009s) parcellation,21282,21262,21270,10686,-,-,31968,31943,31954,1.64E-01,1.77E-02
1244,27469,aparc-a2009s_lh_thickness_S-postcentral,,mm,float,3,Mean thickness,S,cortical thickness,Mean thickness of S-postcentral in the left hemisphere generated by parcellation of the white surface using Destrieux (a2009s) parcellation,21282,21262,21270,10686,-,-,31968,31943,31954,1.49E-01,1.84E-02
1245,27470,aparc-a2009s_lh_thickness_S-precentral-inf-part,,mm,float,3,Mean thickness,S,cortical thickness,Mean thickness of S-precentral-inf-part in the left hemisphere generated by parcellation of the white surface using Destrieux (a2009s) parcellation,21282,21262,21270,10686,-,-,31968,31943,31954,1.56E-01,1.77E-02
1246,27471,aparc-a2009s_lh_thickness_S-precentral-sup-part,,mm,float,3,Mean thickness,S,cortical thickness,Mean thickness of S-precentral-sup-part in the left hemisphere generated by parcellation of the white surface using Destrieux (a2009s) parcellation,21282,21262,21270,10686,-,-,31968,31943,31954,1.54E-01,1.73E-02
1247,27472,aparc-a2009s_lh_thickness_S-suborbital,,mm,float,3,Mean thickness,S,cortical thickness,Mean thickness of S-suborbital in the left hemisphere generated by parcellation of the white surface using Destrieux (a2009s) parcellation,21282,21262,21270,10686,-,-,31968,31943,31954,8.32E-02,1.57E-02
1248,27473,aparc-a2009s_lh_thickness_S-subparietal,,mm,float,3,Mean thickness,S,cortical thickness,Mean thickness of S-subparietal in the left hemisphere generated by parcellation of the white surface using Destrieux (a2009s) parcellation,21282,21262,21270,10686,-,-,31968,31943,31954,1.36E-01,1.50E-02
1249,27474,aparc-a2009s_lh_thickness_S-temporal-inf,,mm,float,3,Mean thickness,S,cortical thickness,Mean thickness of S-temporal-inf in the left hemisphere generated by parcellation of the white surface using Destrieux (a2009s) parcellation,21282,21262,21270,10686,-,-,31968,31943,31954,1.03E-01,1.62E-02
1250,27475,aparc-a2009s_lh_thickness_S-temporal-sup,,mm,float,3,Mean thickness,S,cortical thickness,Mean thickness of S-temporal-sup in the left hemisphere generated by parcellation of the white surface using Destrieux (a2009s) parcellation,21282,21262,21270,10686,-,-,31968,31943,31954,1.50E-01,1.87E-02
1251,27476,aparc-a2009s_lh_thickness_S-temporal-transverse,,mm,float,3,Mean thickness,S,cortical thickness,Mean thickness of S-temporal-transverse in the left hemisphere generated by parcellation of the white surface using Destrieux (a2009s) parcellation,21280,21260,21268,10682,-,-,31962,31937,31948,1.48E-01,1.72E-02
500,27477,aparc-a2009s_lh_volume_G+S-frontomargin,,mm3,float,1,Volume,S,regional and tissue volume,Volume of G+S-frontomargin in the left hemisphere generated by parcellation of the white surface using Destrieux (a2009s) parcellation,21282,21262,21270,10686,-,-,31968,31943,31954,1.29E-01,1.83E-02
501,27478,aparc-a2009s_lh_volume_G+S-occipital-inf,,mm3,float,1,Volume,S,regional and tissue volume,Volume of G+S-occipital-inf in the left hemisphere generated by parcellation of the white surface using Destrieux (a2009s) parcellation,21282,21262,21270,10686,-,-,31968,31943,31954,1.09E-01,1.64E-02
502,27479,aparc-a2009s_lh_volume_G+S-paracentral,,mm3,float,1,Volume,S,regional and tissue volume,Volume of G+S-paracentral in the left hemisphere generated by parcellation of the white surface using Destrieux (a2009s) parcellation,21282,21262,21270,10686,-,-,31968,31943,31954,1.34E-01,1.69E-02
503,27480,aparc-a2009s_lh_volume_G+S-subcentral,,mm3,float,1,Volume,S,regional and tissue volume,Volume of G+S-subcentral in the left hemisphere generated by parcellation of the white surface using Destrieux (a2009s) parcellation,21282,21262,21270,10686,-,-,31968,31943,31954,1.55E-01,1.70E-02
504,27481,aparc-a2009s_lh_volume_G+S-transv-frontopol,,mm3,float,1,Volume,S,regional and tissue volume,Volume of G+S-transv-frontopol in the left hemisphere generated by parcellation of the white surface using Destrieux (a2009s) parcellation,21282,21262,21270,10686,-,-,31968,31943,31954,8.12E-02,1.62E-02
505,27482,aparc-a2009s_lh_volume_G+S-cingul-Ant,,mm3,float,1,Volume,S,regional and tissue volume,Volume of G+S-cingul-Ant in the left hemisphere generated by parcellation of the white surface using Destrieux (a2009s) parcellation,21282,21262,21270,10686,-,-,31968,31943,31954,1.54E-01,1.94E-02
506,27483,aparc-a2009s_lh_volume_G+S-cingul-Mid-Ant,,mm3,float,1,Volume,S,regional and tissue volume,Volume of G+S-cingul-Mid-Ant in the left hemisphere generated by parcellation of the white surface using Destrieux (a2009s) parcellation,21282,21262,21270,10685,-,-,31967,31942,31953,1.12E-01,1.61E-02
507,27484,aparc-a2009s_lh_volume_G+S-cingul-Mid-Post,,mm3,float,1,Volume,S,regional and tissue volume,Volume of G+S-cingul-Mid-Post in the left hemisphere generated by parcellation of the white surface using Destrieux (a2009s) parcellation,21281,21261,21269,10685,-,-,31966,31941,31952,1.30E-01,1.95E-02
508,27485,aparc-a2009s_lh_volume_G-cingul-Post-dorsal,,mm3,float,1,Volume,S,regional and tissue volume,Volume of G-cingul-Post-dorsal in the left hemisphere generated by parcellation of the white surface using Destrieux (a2009s) parcellation,21280,21260,21268,10686,-,-,31966,31941,31952,1.52E-01,1.79E-02
509,27486,aparc-a2009s_lh_volume_G-cingul-Post-ventral,,mm3,float,1,Volume,S,regional and tissue volume,Volume of G-cingul-Post-ventral in the left hemisphere generated by parcellation of the white surface using Destrieux (a2009s) parcellation,21279,21259,21267,10686,-,-,31965,31940,31951,1.66E-01,1.94E-02
510,27487,aparc-a2009s_lh_volume_G-cuneus,,mm3,float,1,Volume,S,regional and tissue volume,Volume of G-cuneus in the left hemisphere generated by parcellation of the white surface using Destrieux (a2009s) parcellation,21282,21262,21270,10686,10681,10684,31968,31943,31954,2.57E-01,2.33E-02
511,27488,aparc-a2009s_lh_volume_G-front-inf-Opercular,,mm3,float,1,Volume,S,regional and tissue volume,Volume of G-front-inf-Opercular in the left hemisphere generated by parcellation of the white surface using Destrieux (a2009s) parcellation,21282,21262,21270,10686,-,-,31968,31943,31954,9.94E-02,1.49E-02
512,27489,aparc-a2009s_lh_volume_G-front-inf-Orbital,,mm3,float,1,Volume,S,regional and tissue volume,Volume of G-front-inf-Orbital in the left hemisphere generated by parcellation of the white surface using Destrieux (a2009s) parcellation,21282,21262,21270,10685,-,-,31967,31942,31953,4.40E-02,1.35E-02
513,27490,aparc-a2009s_lh_volume_G-front-inf-Triangul,,mm3,float,1,Volume,S,regional and tissue volume,Volume of G-front-inf-Triangul in the left hemisphere generated by parcellation of the white surface using Destrieux (a2009s) parcellation,21282,21262,21270,10686,-,-,31968,31943,31954,1.13E-01,1.72E-02
514,27491,aparc-a2009s_lh_volume_G-front-middle,,mm3,float,1,Volume,S,regional and tissue volume,Volume of G-front-middle in the left hemisphere generated by parcellation of the white surface using Destrieux (a2009s) parcellation,21282,21262,21270,10686,-,-,31968,31943,31954,1.79E-01,2.00E-02
515,27492,aparc-a2009s_lh_volume_G-front-sup,,mm3,float,1,Volume,S,regional and tissue volume,Volume of G-front-sup in the left hemisphere generated by parcellation of the white surface using Destrieux (a2009s) parcellation,21282,21262,21270,10686,-,-,31968,31943,31954,1.92E-01,2.07E-02
516,27493,aparc-a2009s_lh_volume_G-Ins-lg+S-cent-ins,,mm3,float,1,Volume,S,regional and tissue volume,Volume of G-Ins-lg+S-cent-ins in the left hemisphere generated by parcellation of the white surface using Destrieux (a2009s) parcellation,21282,21262,21270,10685,-,-,31967,31942,31953,1.30E-01,1.94E-02
517,27494,aparc-a2009s_lh_volume_G-insular-short,,mm3,float,1,Volume,S,regional and tissue volume,Volume of G-insular-short in the left hemisphere generated by parcellation of the white surface using Destrieux (a2009s) parcellation,21282,21262,21270,10686,-,-,31968,31943,31954,2.03E-01,2.01E-02
518,27495,aparc-a2009s_lh_volume_G-occipital-middle,,mm3,float,1,Volume,S,regional and tissue volume,Volume of G-occipital-middle in the left hemisphere generated by parcellation of the white surface using Destrieux (a2009s) parcellation,21282,21262,21270,10686,10681,10684,31968,31943,31954,1.43E-01,1.85E-02
519,27496,aparc-a2009s_lh_volume_G-occipital-sup,,mm3,float,1,Volume,S,regional and tissue volume,Volume of G-occipital-sup in the left hemisphere generated by parcellation of the white surface using Destrieux (a2009s) parcellation,21282,21262,21270,10686,-,-,31968,31943,31954,1.80E-01,1.91E-02
520,27497,aparc-a2009s_lh_volume_G-oc-temp-lat-fusifor,,mm3,float,1,Volume,S,regional and tissue volume,Volume of G-oc-temp-lat-fusifor in the left hemisphere generated by parcellation of the white surface using Destrieux (a2009s) parcellation,21282,21262,21270,10686,-,-,31968,31943,31954,1.64E-01,1.70E-02
521,27498,aparc-a2009s_lh_volume_G-oc-temp-med-Lingual,,mm3,float,1,Volume,S,regional and tissue volume,Volume of G-oc-temp-med-Lingual in the left hemisphere generated by parcellation of the white surface using Destrieux (a2009s) parcellation,21282,21262,21270,10686,-,-,31968,31943,31954,2.10E-01,2.26E-02
522,27499,aparc-a2009s_lh_volume_G-oc-temp-med-Parahip,,mm3,float,1,Volume,S,regional and tissue volume,Volume of G-oc-temp-med-Parahip in the left hemisphere generated by parcellation of the white surface using Destrieux (a2009s) parcellation,21282,21262,21270,10686,-,-,31968,31943,31954,1.88E-01,2.05E-02
523,27500,aparc-a2009s_lh_volume_G-orbital,,mm3,float,1,Volume,S,regional and tissue volume,Volume of G-orbital in the left hemisphere generated by parcellation of the white surface using Destrieux (a2009s) parcellation,21282,21262,21270,10685,-,-,31967,31942,31953,2.11E-01,1.93E-02
524,27501,aparc-a2009s_lh_volume_G-pariet-inf-Angular,,mm3,float,1,Volume,S,regional and tissue volume,Volume of G-pariet-inf-Angular in the left hemisphere generated by parcellation of the white surface using Destrieux (a2009s) parcellation,21282,21262,21270,10686,-,-,31968,31943,31954,1.59E-01,2.07E-02
525,27502,aparc-a2009s_lh_volume_G-pariet-inf-Supramar,,mm3,float,1,Volume,S,regional and tissue volume,Volume of G-pariet-inf-Supramar in the left hemisphere generated by parcellation of the white surface using Destrieux (a2009s) parcellation,21282,21262,21270,10686,10681,10684,31968,31943,31954,1.82E-01,1.63E-02
526,27503,aparc-a2009s_lh_volume_G-parietal-sup,,mm3,float,1,Volume,S,regional and tissue volume,Volume of G-parietal-sup in the left hemisphere generated by parcellation of the white surface using Destrieux (a2009s) parcellation,21282,21262,21270,10686,-,-,31968,31943,31954,1.70E-01,1.91E-02
527,27504,aparc-a2009s_lh_volume_G-postcentral,,mm3,float,1,Volume,S,regional and tissue volume,Volume of G-postcentral in the left hemisphere generated by parcellation of the white surface using Destrieux (a2009s) parcellation,21282,21262,21270,10686,-,-,31968,31943,31954,1.51E-01,2.07E-02
528,27505,aparc-a2009s_lh_volume_G-precentral,,mm3,float,1,Volume,S,regional and tissue volume,Volume of G-precentral in the left hemisphere generated by parcellation of the white surface using Destrieux (a2009s) parcellation,21282,21262,21270,10686,-,-,31968,31943,31954,1.79E-01,1.95E-02
529,27506,aparc-a2009s_lh_volume_G-precuneus,,mm3,float,1,Volume,S,regional and tissue volume,Volume of G-precuneus in the left hemisphere generated by parcellation of the white surface using Destrieux (a2009s) parcellation,21282,21262,21270,10686,-,-,31968,31943,31954,1.96E-01,2.04E-02
530,27507,aparc-a2009s_lh_volume_G-rectus,,mm3,float,1,Volume,S,regional and tissue volume,Volume of G-rectus in the left hemisphere generated by parcellation of the white surface using Destrieux (a2009s) parcellation,21282,21262,21270,10685,-,-,31967,31942,31953,9.30E-02,1.44E-02
531,27508,aparc-a2009s_lh_volume_G-subcallosal,,mm3,float,1,Volume,S,regional and tissue volume,Volume of G-subcallosal in the left hemisphere generated by parcellation of the white surface using Destrieux (a2009s) parcellation,21280,21260,21268,10685,-,-,31965,31940,31951,1.23E-01,1.78E-02
532,27509,aparc-a2009s_lh_volume_G-temp-sup-G-T-transv,,mm3,float,1,Volume,S,regional and tissue volume,Volume of G-temp-sup-G-T-transv in the left hemisphere generated by parcellation of the white surface using Destrieux (a2009s) parcellation,21282,21262,21270,10686,-,-,31968,31943,31954,1.33E-01,1.54E-02
533,27510,aparc-a2009s_lh_volume_G-temp-sup-Lateral,,mm3,float,1,Volume,S,regional and tissue volume,Volume of G-temp-sup-Lateral in the left hemisphere generated by parcellation of the white surface using Destrieux (a2009s) parcellation,21282,21262,21270,10686,-,-,31968,31943,31954,1.95E-01,2.24E-02
534,27511,aparc-a2009s_lh_volume_G-temp-sup-Plan-polar,,mm3,float,1,Volume,S,regional and tissue volume,Volume of G-temp-sup-Plan-polar in the left hemisphere generated by parcellation of the white surface using Destrieux (a2009s) parcellation,21282,21262,21270,10686,-,-,31968,31943,31954,1.38E-01,1.70E-02
535,27512,aparc-a2009s_lh_volume_G-temp-sup-Plan-tempo,,mm3,float,1,Volume,S,regional and tissue volume,Volume of G-temp-sup-Plan-tempo in the left hemisphere generated by parcellation of the white surface using Destrieux (a2009s) parcellation,21282,21262,21270,10686,-,-,31968,31943,31954,9.90E-02,1.51E-02
536,27513,aparc-a2009s_lh_volume_G-temporal-inf,,mm3,float,1,Volume,S,regional and tissue volume,Volume of G-temporal-inf in the left hemisphere generated by parcellation of the white surface using Destrieux (a2009s) parcellation,21282,21262,21270,10686,-,-,31968,31943,31954,1.60E-01,1.71E-02
537,27514,aparc-a2009s_lh_volume_G-temporal-middle,,mm3,float,1,Volume,S,regional and tissue volume,Volume of G-temporal-middle in the left hemisphere generated by parcellation of the white surface using Destrieux (a2009s) parcellation,21282,21262,21270,10686,-,-,31968,31943,31954,1.83E-01,1.95E-02
538,27515,aparc-a2009s_lh_volume_Lat-Fis-ant-Horizont,,mm3,float,1,Volume,S,regional and tissue volume,Volume of Lat-Fis-ant-Horizont in the left hemisphere generated by parcellation of the white surface using Destrieux (a2009s) parcellation,21277,21257,21265,10684,-,-,31961,31936,31947,4.08E-02,1.57E-02
539,27516,aparc-a2009s_lh_volume_Lat-Fis-ant-Vertical,,mm3,float,1,Volume,S,regional and tissue volume,Volume of Lat-Fis-ant-Vertical in the left hemisphere generated by parcellation of the white surface using Destrieux (a2009s) parcellation,21282,21262,21270,10685,-,-,31967,31942,31953,4.83E-02,1.45E-02
540,27517,aparc-a2009s_lh_volume_Lat-Fis-post,,mm3,float,1,Volume,S,regional and tissue volume,Volume of Lat-Fis-post in the left hemisphere generated by parcellation of the white surface using Destrieux (a2009s) parcellation,21282,21262,21270,10686,-,-,31968,31943,31954,1.98E-01,1.86E-02
541,27518,aparc-a2009s_lh_volume_Pole-occipital,,mm3,float,1,Volume,S,regional and tissue volume,Volume of Pole-occipital in the left hemisphere generated by parcellation of the white surface using Destrieux (a2009s) parcellation,21282,21262,21270,10686,-,-,31968,31943,31954,1.35E-01,1.66E-02
542,27519,aparc-a2009s_lh_volume_Pole-temporal,,mm3,float,1,Volume,S,regional and tissue volume,Volume of Pole-temporal in the left hemisphere generated by parcellation of the white surface using Destrieux (a2009s) parcellation,21281,21261,21269,10686,-,-,31967,31942,31953,1.14E-01,1.67E-02
543,27520,aparc-a2009s_lh_volume_S-calcarine,,mm3,float,1,Volume,S,regional and tissue volume,Volume of S-calcarine in the left hemisphere generated by parcellation of the white surface using Destrieux (a2009s) parcellation,21282,21262,21270,10686,10681,10684,31968,31943,31954,2.90E-01,2.65E-02
544,27521,aparc-a2009s_lh_volume_S-central,,mm3,float,1,Volume,S,regional and tissue volume,Volume of S-central in the left hemisphere generated by parcellation of the white surface using Destrieux (a2009s) parcellation,21282,21262,21270,10686,-,-,31968,31943,31954,1.68E-01,2.03E-02
545,27522,aparc-a2009s_lh_volume_S-cingul-Marginalis,,mm3,float,1,Volume,S,regional and tissue volume,Volume of S-cingul-Marginalis in the left hemisphere generated by parcellation of the white surface using Destrieux (a2009s) parcellation,21282,21262,21270,10686,-,-,31968,31943,31954,1.40E-01,1.80E-02
546,27523,aparc-a2009s_lh_volume_S-circular-insula-ant,,mm3,float,1,Volume,S,regional and tissue volume,Volume of S-circular-insula-ant in the left hemisphere generated by parcellation of the white surface using Destrieux (a2009s) parcellation,21282,21262,21270,10685,-,-,31967,31942,31953,1.31E-01,1.69E-02
547,27524,aparc-a2009s_lh_volume_S-circular-insula-inf,,mm3,float,1,Volume,S,regional and tissue volume,Volume of S-circular-insula-inf in the left hemisphere generated by parcellation of the white surface using Destrieux (a2009s) parcellation,21282,21262,21270,10686,-,-,31968,31943,31954,1.40E-01,1.62E-02
548,27525,aparc-a2009s_lh_volume_S-circular-insula-sup,,mm3,float,1,Volume,S,regional and tissue volume,Volume of S-circular-insula-sup in the left hemisphere generated by parcellation of the white surface using Destrieux (a2009s) parcellation,21282,21262,21270,10686,-,-,31968,31943,31954,1.70E-01,2.08E-02
549,27526,aparc-a2009s_lh_volume_S-collat-transv-ant,,mm3,float,1,Volume,S,regional and tissue volume,Volume of S-collat-transv-ant in the left hemisphere generated by parcellation of the white surface using Destrieux (a2009s) parcellation,21282,21262,21270,10686,-,-,31968,31943,31954,1.43E-01,1.68E-02
550,27527,aparc-a2009s_lh_volume_S-collat-transv-post,,mm3,float,1,Volume,S,regional and tissue volume,Volume of S-collat-transv-post in the left hemisphere generated by parcellation of the white surface using Destrieux (a2009s) parcellation,21282,21262,21270,10686,-,-,31968,31943,31954,9.51E-02,1.63E-02
551,27528,aparc-a2009s_lh_volume_S-front-inf,,mm3,float,1,Volume,S,regional and tissue volume,Volume of S-front-inf in the left hemisphere generated by parcellation of the white surface using Destrieux (a2009s) parcellation,21282,21262,21270,10686,-,-,31968,31943,31954,1.12E-01,1.61E-02
552,27529,aparc-a2009s_lh_volume_S-front-middle,,mm3,float,1,Volume,S,regional and tissue volume,Volume of S-front-middle in the left hemisphere generated by parcellation of the white surface using Destrieux (a2009s) parcellation,21282,21262,21270,10686,-,-,31968,31943,31954,8.71E-02,1.33E-02
553,27530,aparc-a2009s_lh_volume_S-front-sup,,mm3,float,1,Volume,S,regional and tissue volume,Volume of S-front-sup in the left hemisphere generated by parcellation of the white surface using Destrieux (a2009s) parcellation,21282,21262,21270,10686,-,-,31968,31943,31954,1.19E-01,1.67E-02
554,27531,aparc-a2009s_lh_volume_S-interm-prim-Jensen,,mm3,float,1,Volume,S,regional and tissue volume,Volume of S-interm-prim-Jensen in the left hemisphere generated by parcellation of the white surface using Destrieux (a2009s) parcellation,21259,21239,21247,10678,-,-,31937,31912,31923,4.24E-02,1.32E-02
555,27532,aparc-a2009s_lh_volume_S-intrapariet+P-trans,,mm3,float,1,Volume,S,regional and tissue volume,Volume of S-intrapariet+P-trans in the left hemisphere generated by parcellation of the white surface using Destrieux (a2009s) parcellation,21282,21262,21270,10686,-,-,31968,31943,31954,1.21E-01,1.80E-02
556,27533,aparc-a2009s_lh_volume_S-oc-middle+Lunatus,,mm3,float,1,Volume,S,regional and tissue volume,Volume of S-oc-middle+Lunatus in the left hemisphere generated by parcellation of the white surface using Destrieux (a2009s) parcellation,21282,21262,21270,10686,-,-,31968,31943,31954,1.33E-01,1.79E-02
557,27534,aparc-a2009s_lh_volume_S-oc-sup+transversal,,mm3,float,1,Volume,S,regional and tissue volume,Volume of S-oc-sup+transversal in the left hemisphere generated by parcellation of the white surface using Destrieux (a2009s) parcellation,21282,21262,21270,10686,-,-,31968,31943,31954,1.05E-01,1.85E-02
558,27535,aparc-a2009s_lh_volume_S-occipital-ant,,mm3,float,1,Volume,S,regional and tissue volume,Volume of S-occipital-ant in the left hemisphere generated by parcellation of the white surface using Destrieux (a2009s) parcellation,21282,21262,21270,10686,-,-,31968,31943,31954,3.82E-02,1.45E-02
559,27536,aparc-a2009s_lh_volume_S-oc-temp-lat,,mm3,float,1,Volume,S,regional and tissue volume,Volume of S-oc-temp-lat in the left hemisphere generated by parcellation of the white surface using Destrieux (a2009s) parcellation,21282,21262,21270,10686,-,-,31968,31943,31954,8.86E-02,1.47E-02
560,27537,aparc-a2009s_lh_volume_S-oc-temp-med+Lingual,,mm3,float,1,Volume,S,regional and tissue volume,Volume of S-oc-temp-med+Lingual in the left hemisphere generated by parcellation of the white surface using Destrieux (a2009s) parcellation,21282,21262,21270,10686,-,-,31968,31943,31954,1.13E-01,1.56E-02
561,27538,aparc-a2009s_lh_volume_S-orbital-lateral,,mm3,float,1,Volume,S,regional and tissue volume,Volume of S-orbital-lateral in the left hemisphere generated by parcellation of the white surface using Destrieux (a2009s) parcellation,21281,21261,21269,10686,-,-,31967,31942,31953,5.46E-02,1.53E-02
562,27539,aparc-a2009s_lh_volume_S-orbital-med-olfact,,mm3,float,1,Volume,S,regional and tissue volume,Volume of S-orbital-med-olfact in the left hemisphere generated by parcellation of the white surface using Destrieux (a2009s) parcellation,21282,21262,21270,10685,10680,10683,31967,31942,31953,1.36E-01,1.99E-02
563,27540,aparc-a2009s_lh_volume_S-orbital-H-Shaped,,mm3,float,1,Volume,S,regional and tissue volume,Volume of S-orbital-H-Shaped in the left hemisphere generated by parcellation of the white surface using Destrieux (a2009s) parcellation,21282,21262,21270,10685,-,-,31967,31942,31953,1.99E-01,1.95E-02
564,27541,aparc-a2009s_lh_volume_S-parieto-occipital,,mm3,float,1,Volume,S,regional and tissue volume,Volume of S-parieto-occipital in the left hemisphere generated by parcellation of the white surface using Destrieux (a2009s) parcellation,21282,21262,21270,10686,-,-,31968,31943,31954,2.26E-01,1.92E-02
565,27542,aparc-a2009s_lh_volume_S-pericallosal,,mm3,float,1,Volume,S,regional and tissue volume,Volume of S-pericallosal in the left hemisphere generated by parcellation of the white surface using Destrieux (a2009s) parcellation,21282,21262,21270,10686,-,-,31968,31943,31954,1.23E-01,1.63E-02
566,27543,aparc-a2009s_lh_volume_S-postcentral,,mm3,float,1,Volume,S,regional and tissue volume,Volume of S-postcentral in the left hemisphere generated by parcellation of the white surface using Destrieux (a2009s) parcellation,21282,21262,21270,10686,-,-,31968,31943,31954,1.07E-01,1.94E-02
567,27544,aparc-a2009s_lh_volume_S-precentral-inf-part,,mm3,float,1,Volume,S,regional and tissue volume,Volume of S-precentral-inf-part in the left hemisphere generated by parcellation of the white surface using Destrieux (a2009s) parcellation,21282,21262,21270,10686,-,-,31968,31943,31954,9.87E-02,1.64E-02
568,27545,aparc-a2009s_lh_volume_S-precentral-sup-part,,mm3,float,1,Volume,S,regional and tissue volume,Volume of S-precentral-sup-part in the left hemisphere generated by parcellation of the white surface using Destrieux (a2009s) parcellation,21282,21262,21270,10686,-,-,31968,31943,31954,1.15E-01,1.68E-02
569,27546,aparc-a2009s_lh_volume_S-suborbital,,mm3,float,1,Volume,S,regional and tissue volume,Volume of S-suborbital in the left hemisphere generated by parcellation of the white surface using Destrieux (a2009s) parcellation,21282,21262,21270,10686,-,-,31968,31943,31954,4.00E-02,1.45E-02
570,27547,aparc-a2009s_lh_volume_S-subparietal,,mm3,float,1,Volume,S,regional and tissue volume,Volume of S-subparietal in the left hemisphere generated by parcellation of the white surface using Destrieux (a2009s) parcellation,21282,21262,21270,10686,-,-,31968,31943,31954,1.44E-01,1.80E-02
571,27548,aparc-a2009s_lh_volume_S-temporal-inf,,mm3,float,1,Volume,S,regional and tissue volume,Volume of S-temporal-inf in the left hemisphere generated by parcellation of the white surface using Destrieux (a2009s) parcellation,21282,21262,21270,10686,-,-,31968,31943,31954,1.10E-01,1.62E-02
572,27549,aparc-a2009s_lh_volume_S-temporal-sup,,mm3,float,1,Volume,S,regional and tissue volume,Volume of S-temporal-sup in the left hemisphere generated by parcellation of the white surface using Destrieux (a2009s) parcellation,21282,21262,21270,10686,-,-,31968,31943,31954,1.84E-01,1.78E-02
573,27550,aparc-a2009s_lh_volume_S-temporal-transverse,,mm3,float,1,Volume,S,regional and tissue volume,Volume of S-temporal-transverse in the left hemisphere generated by parcellation of the white surface using Destrieux (a2009s) parcellation,21280,21260,21268,10682,-,-,31962,31937,31948,5.95E-02,1.37E-02
946,27551,aparc-a2009s_rh_area_G+S-frontomargin,,mm2,float,2,Area,S,cortical area,Area of G+S-frontomargin in the right hemisphere generated by parcellation of the white surface using Destrieux (a2009s) parcellation,21281,21261,21269,10686,-,-,31967,31942,31953,1.03E-01,1.73E-02
947,27552,aparc-a2009s_rh_area_G+S-occipital-inf,,mm2,float,2,Area,S,cortical area,Area of G+S-occipital-inf in the right hemisphere generated by parcellation of the white surface using Destrieux (a2009s) parcellation,21282,21262,21270,10686,-,-,31968,31943,31954,1.15E-01,1.64E-02
948,27553,aparc-a2009s_rh_area_G+S-paracentral,,mm2,float,2,Area,S,cortical area,Area of G+S-paracentral in the right hemisphere generated by parcellation of the white surface using Destrieux (a2009s) parcellation,21282,21262,21270,10686,-,-,31968,31943,31954,1.83E-01,2.14E-02
949,27554,aparc-a2009s_rh_area_G+S-subcentral,,mm2,float,2,Area,S,cortical area,Area of G+S-subcentral in the right hemisphere generated by parcellation of the white surface using Destrieux (a2009s) parcellation,21282,21262,21270,10686,-,-,31968,31943,31954,1.63E-01,1.92E-02
950,27555,aparc-a2009s_rh_area_G+S-transv-frontopol,,mm2,float,2,Area,S,cortical area,Area of G+S-transv-frontopol in the right hemisphere generated by parcellation of the white surface using Destrieux (a2009s) parcellation,21282,21262,21270,10686,-,-,31968,31943,31954,1.21E-01,1.64E-02
951,27556,aparc-a2009s_rh_area_G+S-cingul-Ant,,mm2,float,2,Area,S,cortical area,Area of G+S-cingul-Ant in the right hemisphere generated by parcellation of the white surface using Destrieux (a2009s) parcellation,21282,21262,21270,10686,-,-,31968,31943,31954,1.90E-01,1.99E-02
952,27557,aparc-a2009s_rh_area_G+S-cingul-Mid-Ant,,mm2,float,2,Area,S,cortical area,Area of G+S-cingul-Mid-Ant in the right hemisphere generated by parcellation of the white surface using Destrieux (a2009s) parcellation,21282,21262,21270,10686,-,-,31968,31943,31954,2.01E-01,1.81E-02
953,27558,aparc-a2009s_rh_area_G+S-cingul-Mid-Post,,mm2,float,2,Area,S,cortical area,Area of G+S-cingul-Mid-Post in the right hemisphere generated by parcellation of the white surface using Destrieux (a2009s) parcellation,21282,21262,21270,10686,-,-,31968,31943,31954,1.76E-01,1.97E-02
954,27559,aparc-a2009s_rh_area_G-cingul-Post-dorsal,,mm2,float,2,Area,S,cortical area,Area of G-cingul-Post-dorsal in the right hemisphere generated by parcellation of the white surface using Destrieux (a2009s) parcellation,21282,21262,21270,10686,10681,10684,31968,31943,31954,1.52E-01,1.76E-02
955,27560,aparc-a2009s_rh_area_G-cingul-Post-ventral,,mm2,float,2,Area,S,cortical area,Area of G-cingul-Post-ventral in the right hemisphere generated by parcellation of the white surface using Destrieux (a2009s) parcellation,21282,21262,21270,10686,-,-,31968,31943,31954,2.00E-01,1.91E-02
956,27561,aparc-a2009s_rh_area_G-cuneus,,mm2,float,2,Area,S,cortical area,Area of G-cuneus in the right hemisphere generated by parcellation of the white surface using Destrieux (a2009s) parcellation,21282,21262,21270,10686,-,-,31968,31943,31954,2.74E-01,2.29E-02
957,27562,aparc-a2009s_rh_area_G-front-inf-Opercular,,mm2,float,2,Area,S,cortical area,Area of G-front-inf-Opercular in the right hemisphere generated by parcellation of the white surface using Destrieux (a2009s) parcellation,21282,21262,21270,10686,-,-,31968,31943,31954,1.15E-01,1.66E-02
958,27563,aparc-a2009s_rh_area_G-front-inf-Orbital,,mm2,float,2,Area,S,cortical area,Area of G-front-inf-Orbital in the right hemisphere generated by parcellation of the white surface using Destrieux (a2009s) parcellation,21281,21261,21269,10685,-,-,31966,31941,31952,7.33E-02,1.55E-02
959,27564,aparc-a2009s_rh_area_G-front-inf-Triangul,,mm2,float,2,Area,S,cortical area,Area of G-front-inf-Triangul in the right hemisphere generated by parcellation of the white surface using Destrieux (a2009s) parcellation,21281,21261,21269,10686,-,-,31967,31942,31953,1.01E-01,1.64E-02
960,27565,aparc-a2009s_rh_area_G-front-middle,,mm2,float,2,Area,S,cortical area,Area of G-front-middle in the right hemisphere generated by parcellation of the white surface using Destrieux (a2009s) parcellation,21282,21262,21270,10686,-,-,31968,31943,31954,2.00E-01,2.20E-02
961,27566,aparc-a2009s_rh_area_G-front-sup,,mm2,float,2,Area,S,cortical area,Area of G-front-sup in the right hemisphere generated by parcellation of the white surface using Destrieux (a2009s) parcellation,21282,21262,21270,10686,-,-,31968,31943,31954,1.84E-01,1.99E-02
962,27567,aparc-a2009s_rh_area_G-Ins-lg+S-cent-ins,,mm2,float,2,Area,S,cortical area,Area of G-Ins-lg+S-cent-ins in the right hemisphere generated by parcellation of the white surface using Destrieux (a2009s) parcellation,21282,21262,21270,10686,-,-,31968,31943,31954,1.38E-01,1.95E-02
963,27568,aparc-a2009s_rh_area_G-insular-short,,mm2,float,2,Area,S,cortical area,Area of G-insular-short in the right hemisphere generated by parcellation of the white surface using Destrieux (a2009s) parcellation,21282,21262,21270,10686,-,-,31968,31943,31954,1.18E-01,1.61E-02
964,27569,aparc-a2009s_rh_area_G-occipital-middle,,mm2,float,2,Area,S,cortical area,Area of G-occipital-middle in the right hemisphere generated by parcellation of the white surface using Destrieux (a2009s) parcellation,21282,21262,21270,10686,-,-,31968,31943,31954,1.24E-01,1.84E-02
965,27570,aparc-a2009s_rh_area_G-occipital-sup,,mm2,float,2,Area,S,cortical area,Area of G-occipital-sup in the right hemisphere generated by parcellation of the white surface using Destrieux (a2009s) parcellation,21282,21262,21270,10686,-,-,31968,31943,31954,1.54E-01,1.71E-02
966,27571,aparc-a2009s_rh_area_G-oc-temp-lat-fusifor,,mm2,float,2,Area,S,cortical area,Area of G-oc-temp-lat-fusifor in the right hemisphere generated by parcellation of the white surface using Destrieux (a2009s) parcellation,21282,21262,21270,10686,-,-,31968,31943,31954,1.46E-01,1.69E-02
967,27572,aparc-a2009s_rh_area_G-oc-temp-med-Lingual,,mm2,float,2,Area,S,cortical area,Area of G-oc-temp-med-Lingual in the right hemisphere generated by parcellation of the white surface using Destrieux (a2009s) parcellation,21282,21262,21270,10686,-,-,31968,31943,31954,2.40E-01,2.22E-02
968,27573,aparc-a2009s_rh_area_G-oc-temp-med-Parahip,,mm2,float,2,Area,S,cortical area,Area of G-oc-temp-med-Parahip in the right hemisphere generated by parcellation of the white surface using Destrieux (a2009s) parcellation,21282,21262,21270,10686,-,-,31968,31943,31954,1.69E-01,1.93E-02
969,27574,aparc-a2009s_rh_area_G-orbital,,mm2,float,2,Area,S,cortical area,Area of G-orbital in the right hemisphere generated by parcellation of the white surface using Destrieux (a2009s) parcellation,21282,21262,21270,10686,-,-,31968,31943,31954,1.99E-01,2.01E-02
970,27575,aparc-a2009s_rh_area_G-pariet-inf-Angular,,mm2,float,2,Area,S,cortical area,Area of G-pariet-inf-Angular in the right hemisphere generated by parcellation of the white surface using Destrieux (a2009s) parcellation,21282,21262,21270,10686,-,-,31968,31943,31954,1.40E-01,1.68E-02
971,27576,aparc-a2009s_rh_area_G-pariet-inf-Supramar,,mm2,float,2,Area,S,cortical area,Area of G-pariet-inf-Supramar in the right hemisphere generated by parcellation of the white surface using Destrieux (a2009s) parcellation,21282,21262,21270,10686,-,-,31968,31943,31954,1.59E-01,2.01E-02
972,27577,aparc-a2009s_rh_area_G-parietal-sup,,mm2,float,2,Area,S,cortical area,Area of G-parietal-sup in the right hemisphere generated by parcellation of the white surface using Destrieux (a2009s) parcellation,21282,21262,21270,10686,-,-,31968,31943,31954,1.42E-01,1.65E-02
973,27578,aparc-a2009s_rh_area_G-postcentral,,mm2,float,2,Area,S,cortical area,Area of G-postcentral in the right hemisphere generated by parcellation of the white surface using Destrieux (a2009s) parcellation,21282,21262,21270,10686,-,-,31968,31943,31954,1.49E-01,1.96E-02
974,27579,aparc-a2009s_rh_area_G-precentral,,mm2,float,2,Area,S,cortical area,Area of G-precentral in the right hemisphere generated by parcellation of the white surface using Destrieux (a2009s) parcellation,21282,21262,21270,10686,-,-,31968,31943,31954,2.08E-01,2.57E-02
975,27580,aparc-a2009s_rh_area_G-precuneus,,mm2,float,2,Area,S,cortical area,Area of G-precuneus in the right hemisphere generated by parcellation of the white surface using Destrieux (a2009s) parcellation,21282,21262,21270,10686,-,-,31968,31943,31954,1.95E-01,1.95E-02
976,27581,aparc-a2009s_rh_area_G-rectus,,mm2,float,2,Area,S,cortical area,Area of G-rectus in the right hemisphere generated by parcellation of the white surface using Destrieux (a2009s) parcellation,21282,21262,21270,10686,-,-,31968,31943,31954,1.26E-01,1.95E-02
977,27582,aparc-a2009s_rh_area_G-subcallosal,,mm2,float,2,Area,S,cortical area,Area of G-subcallosal in the right hemisphere generated by parcellation of the white surface using Destrieux (a2009s) parcellation,21282,21262,21270,10686,-,-,31968,31943,31954,6.31E-02,1.69E-02
978,27583,aparc-a2009s_rh_area_G-temp-sup-G-T-transv,,mm2,float,2,Area,S,cortical area,Area of G-temp-sup-G-T-transv in the right hemisphere generated by parcellation of the white surface using Destrieux (a2009s) parcellation,21281,21261,21269,10686,-,-,31967,31942,31953,1.58E-01,1.81E-02
979,27584,aparc-a2009s_rh_area_G-temp-sup-Lateral,,mm2,float,2,Area,S,cortical area,Area of G-temp-sup-Lateral in the right hemisphere generated by parcellation of the white surface using Destrieux (a2009s) parcellation,21282,21262,21270,10686,-,-,31968,31943,31954,1.98E-01,3.02E-02
980,27585,aparc-a2009s_rh_area_G-temp-sup-Plan-polar,,mm2,float,2,Area,S,cortical area,Area of G-temp-sup-Plan-polar in the right hemisphere generated by parcellation of the white surface using Destrieux (a2009s) parcellation,21282,21262,21270,10686,-,-,31968,31943,31954,9.02E-02,1.53E-02
981,27586,aparc-a2009s_rh_area_G-temp-sup-Plan-tempo,,mm2,float,2,Area,S,cortical area,Area of G-temp-sup-Plan-tempo in the right hemisphere generated by parcellation of the white surface using Destrieux (a2009s) parcellation,21282,21262,21270,10686,-,-,31968,31943,31954,1.43E-01,1.81E-02
982,27587,aparc-a2009s_rh_area_G-temporal-inf,,mm2,float,2,Area,S,cortical area,Area of G-temporal-inf in the right hemisphere generated by parcellation of the white surface using Destrieux (a2009s) parcellation,21282,21262,21270,10686,-,-,31968,31943,31954,1.83E-01,1.54E-02
983,27588,aparc-a2009s_rh_area_G-temporal-middle,,mm2,float,2,Area,S,cortical area,Area of G-temporal-middle in the right hemisphere generated by parcellation of the white surface using Destrieux (a2009s) parcellation,21282,21262,21270,10686,-,-,31968,31943,31954,2.01E-01,2.01E-02
984,27589,aparc-a2009s_rh_area_Lat-Fis-ant-Horizont,,mm2,float,2,Area,S,cortical area,Area of Lat-Fis-ant-Horizont in the right hemisphere generated by parcellation of the white surface using Destrieux (a2009s) parcellation,21281,21261,21269,10685,-,-,31966,31941,31952,7.74E-02,1.51E-02
985,27590,aparc-a2009s_rh_area_Lat-Fis-ant-Vertical,,mm2,float,2,Area,S,cortical area,Area of Lat-Fis-ant-Vertical in the right hemisphere generated by parcellation of the white surface using Destrieux (a2009s) parcellation,21269,21249,21257,10683,-,-,31952,31927,31938,5.18E-02,1.57E-02
986,27591,aparc-a2009s_rh_area_Lat-Fis-post,,mm2,float,2,Area,S,cortical area,Area of Lat-Fis-post in the right hemisphere generated by parcellation of the white surface using Destrieux (a2009s) parcellation,21282,21262,21270,10686,-,-,31968,31943,31954,2.00E-01,2.01E-02
987,27592,aparc-a2009s_rh_area_Pole-occipital,,mm2,float,2,Area,S,cortical area,Area of Pole-occipital in the right hemisphere generated by parcellation of the white surface using Destrieux (a2009s) parcellation,21282,21262,21270,10686,10681,10684,31968,31943,31954,2.76E-01,2.52E-02
988,27593,aparc-a2009s_rh_area_Pole-temporal,,mm2,float,2,Area,S,cortical area,Area of Pole-temporal in the right hemisphere generated by parcellation of the white surface using Destrieux (a2009s) parcellation,21282,21262,21270,10686,-,-,31968,31943,31954,2.01E-01,1.77E-02
989,27594,aparc-a2009s_rh_area_S-calcarine,,mm2,float,2,Area,S,cortical area,Area of S-calcarine in the right hemisphere generated by parcellation of the white surface using Destrieux (a2009s) parcellation,21282,21262,21270,10686,10681,10684,31968,31943,31954,3.25E-01,2.96E-02
990,27595,aparc-a2009s_rh_area_S-central,,mm2,float,2,Area,S,cortical area,Area of S-central in the right hemisphere generated by parcellation of the white surface using Destrieux (a2009s) parcellation,21282,21262,21270,10686,-,-,31968,31943,31954,2.44E-01,3.23E-02
991,27596,aparc-a2009s_rh_area_S-cingul-Marginalis,,mm2,float,2,Area,S,cortical area,Area of S-cingul-Marginalis in the right hemisphere generated by parcellation of the white surface using Destrieux (a2009s) parcellation,21282,21262,21270,10686,-,-,31968,31943,31954,1.55E-01,1.74E-02
992,27597,aparc-a2009s_rh_area_S-circular-insula-ant,,mm2,float,2,Area,S,cortical area,Area of S-circular-insula-ant in the right hemisphere generated by parcellation of the white surface using Destrieux (a2009s) parcellation,21281,21261,21269,10685,-,-,31966,31941,31952,1.37E-01,1.74E-02
993,27598,aparc-a2009s_rh_area_S-circular-insula-inf,,mm2,float,2,Area,S,cortical area,Area of S-circular-insula-inf in the right hemisphere generated by parcellation of the white surface using Destrieux (a2009s) parcellation,21282,21262,21270,10686,-,-,31968,31943,31954,1.77E-01,2.00E-02
994,27599,aparc-a2009s_rh_area_S-circular-insula-sup,,mm2,float,2,Area,S,cortical area,Area of S-circular-insula-sup in the right hemisphere generated by parcellation of the white surface using Destrieux (a2009s) parcellation,21282,21262,21270,10685,-,-,31967,31942,31953,2.02E-01,2.11E-02
995,27600,aparc-a2009s_rh_area_S-collat-transv-ant,,mm2,float,2,Area,S,cortical area,Area of S-collat-transv-ant in the right hemisphere generated by parcellation of the white surface using Destrieux (a2009s) parcellation,21282,21262,21270,10686,-,-,31968,31943,31954,2.07E-01,2.02E-02
996,27601,aparc-a2009s_rh_area_S-collat-transv-post,,mm2,float,2,Area,S,cortical area,Area of S-collat-transv-post in the right hemisphere generated by parcellation of the white surface using Destrieux (a2009s) parcellation,21281,21261,21269,10685,-,-,31966,31941,31952,9.90E-02,1.60E-02
997,27602,aparc-a2009s_rh_area_S-front-inf,,mm2,float,2,Area,S,cortical area,Area of S-front-inf in the right hemisphere generated by parcellation of the white surface using Destrieux (a2009s) parcellation,21282,21262,21270,10686,-,-,31968,31943,31954,1.23E-01,1.79E-02
998,27603,aparc-a2009s_rh_area_S-front-middle,,mm2,float,2,Area,S,cortical area,Area of S-front-middle in the right hemisphere generated by parcellation of the white surface using Destrieux (a2009s) parcellation,21282,21262,21270,10686,-,-,31968,31943,31954,1.21E-01,1.61E-02
999,27604,aparc-a2009s_rh_area_S-front-sup,,mm2,float,2,Area,S,cortical area,Area of S-front-sup in the right hemisphere generated by parcellation of the white surface using Destrieux (a2009s) parcellation,21282,21262,21270,10686,-,-,31968,31943,31954,1.25E-01,1.74E-02
1000,27605,aparc-a2009s_rh_area_S-interm-prim-Jensen,,mm2,float,2,Area,S,cortical area,Area of S-interm-prim-Jensen in the right hemisphere generated by parcellation of the white surface using Destrieux (a2009s) parcellation,21279,21259,21267,10685,-,-,31964,31939,31950,5.85E-02,1.35E-02
1001,27606,aparc-a2009s_rh_area_S-intrapariet+P-trans,,mm2,float,2,Area,S,cortical area,Area of S-intrapariet+P-trans in the right hemisphere generated by parcellation of the white surface using Destrieux (a2009s) parcellation,21282,21262,21270,10686,-,-,31968,31943,31954,1.28E-01,1.64E-02
1002,27607,aparc-a2009s_rh_area_S-oc-middle+Lunatus,,mm2,float,2,Area,S,cortical area,Area of S-oc-middle+Lunatus in the right hemisphere generated by parcellation of the white surface using Destrieux (a2009s) parcellation,21282,21262,21270,10686,-,-,31968,31943,31954,1.50E-01,1.84E-02
1003,27608,aparc-a2009s_rh_area_S-oc-sup+transversal,,mm2,float,2,Area,S,cortical area,Area of S-oc-sup+transversal in the right hemisphere generated by parcellation of the white surface using Destrieux (a2009s) parcellation,21282,21262,21270,10686,-,-,31968,31943,31954,9.55E-02,1.59E-02
1004,27609,aparc-a2009s_rh_area_S-occipital-ant,,mm2,float,2,Area,S,cortical area,Area of S-occipital-ant in the right hemisphere generated by parcellation of the white surface using Destrieux (a2009s) parcellation,21282,21262,21270,10685,-,-,31967,31942,31953,1.06E-01,1.82E-02
1005,27610,aparc-a2009s_rh_area_S-oc-temp-lat,,mm2,float,2,Area,S,cortical area,Area of S-oc-temp-lat in the right hemisphere generated by parcellation of the white surface using Destrieux (a2009s) parcellation,21282,21262,21270,10686,-,-,31968,31943,31954,1.08E-01,2.26E-02
1006,27611,aparc-a2009s_rh_area_S-oc-temp-med+Lingual,,mm2,float,2,Area,S,cortical area,Area of S-oc-temp-med+Lingual in the right hemisphere generated by parcellation of the white surface using Destrieux (a2009s) parcellation,21282,21262,21270,10686,-,-,31968,31943,31954,1.60E-01,1.74E-02
1007,27612,aparc-a2009s_rh_area_S-orbital-lateral,,mm2,float,2,Area,S,cortical area,Area of S-orbital-lateral in the right hemisphere generated by parcellation of the white surface using Destrieux (a2009s) parcellation,21281,21261,21269,10685,-,-,31966,31941,31952,1.01E-01,1.44E-02
1008,27613,aparc-a2009s_rh_area_S-orbital-med-olfact,,mm2,float,2,Area,S,cortical area,Area of S-orbital-med-olfact in the right hemisphere generated by parcellation of the white surface using Destrieux (a2009s) parcellation,21282,21262,21270,10686,-,-,31968,31943,31954,1.75E-01,1.78E-02
1009,27614,aparc-a2009s_rh_area_S-orbital-H-Shaped,,mm2,float,2,Area,S,cortical area,Area of S-orbital-H-Shaped in the right hemisphere generated by parcellation of the white surface using Destrieux (a2009s) parcellation,21281,21261,21269,10686,-,-,31967,31942,31953,2.62E-01,2.16E-02
1010,27615,aparc-a2009s_rh_area_S-parieto-occipital,,mm2,float,2,Area,S,cortical area,Area of S-parieto-occipital in the right hemisphere generated by parcellation of the white surface using Destrieux (a2009s) parcellation,21282,21262,21270,10686,-,-,31968,31943,31954,2.29E-01,1.93E-02
1011,27616,aparc-a2009s_rh_area_S-pericallosal,,mm2,float,2,Area,S,cortical area,Area of S-pericallosal in the right hemisphere generated by parcellation of the white surface using Destrieux (a2009s) parcellation,21282,21262,21270,10686,-,-,31968,31943,31954,1.35E-01,1.92E-02
1012,27617,aparc-a2009s_rh_area_S-postcentral,,mm2,float,2,Area,S,cortical area,Area of S-postcentral in the right hemisphere generated by parcellation of the white surface using Destrieux (a2009s) parcellation,21282,21262,21270,10686,-,-,31968,31943,31954,1.45E-01,1.81E-02
1013,27618,aparc-a2009s_rh_area_S-precentral-inf-part,,mm2,float,2,Area,S,cortical area,Area of S-precentral-inf-part in the right hemisphere generated by parcellation of the white surface using Destrieux (a2009s) parcellation,21282,21262,21270,10686,-,-,31968,31943,31954,1.14E-01,1.63E-02
1014,27619,aparc-a2009s_rh_area_S-precentral-sup-part,,mm2,float,2,Area,S,cortical area,Area of S-precentral-sup-part in the right hemisphere generated by parcellation of the white surface using Destrieux (a2009s) parcellation,21282,21262,21270,10686,-,-,31968,31943,31954,1.10E-01,1.69E-02
1015,27620,aparc-a2009s_rh_area_S-suborbital,,mm2,float,2,Area,S,cortical area,Area of S-suborbital in the right hemisphere generated by parcellation of the white surface using Destrieux (a2009s) parcellation,21282,21262,21270,10685,-,-,31967,31942,31953,4.82E-02,1.58E-02
1016,27621,aparc-a2009s_rh_area_S-subparietal,,mm2,float,2,Area,S,cortical area,Area of S-subparietal in the right hemisphere generated by parcellation of the white surface using Destrieux (a2009s) parcellation,21282,21262,21270,10686,-,-,31968,31943,31954,1.40E-01,1.72E-02
1017,27622,aparc-a2009s_rh_area_S-temporal-inf,,mm2,float,2,Area,S,cortical area,Area of S-temporal-inf in the right hemisphere generated by parcellation of the white surface using Destrieux (a2009s) parcellation,21282,21262,21270,10686,-,-,31968,31943,31954,1.40E-01,1.82E-02
1018,27623,aparc-a2009s_rh_area_S-temporal-sup,,mm2,float,2,Area,S,cortical area,Area of S-temporal-sup in the right hemisphere generated by parcellation of the white surface using Destrieux (a2009s) parcellation,21282,21262,21270,10686,-,-,31968,31943,31954,1.86E-01,1.85E-02
1019,27624,aparc-a2009s_rh_area_S-temporal-transverse,,mm2,float,2,Area,S,cortical area,Area of S-temporal-transverse in the right hemisphere generated by parcellation of the white surface using Destrieux (a2009s) parcellation,21280,21260,21268,10686,-,-,31966,31941,31952,1.55E-01,1.81E-02
1252,27625,aparc-a2009s_rh_thickness_G+S-frontomargin,,mm,float,3,Mean thickness,S,cortical thickness,Mean thickness of G+S-frontomargin in the right hemisphere generated by parcellation of the white surface using Destrieux (a2009s) parcellation,21281,21261,21269,10686,-,-,31967,31942,31953,9.28E-02,1.49E-02
1253,27626,aparc-a2009s_rh_thickness_G+S-occipital-inf,,mm,float,3,Mean thickness,S,cortical thickness,Mean thickness of G+S-occipital-inf in the right hemisphere generated by parcellation of the white surface using Destrieux (a2009s) parcellation,21282,21262,21270,10686,-,-,31968,31943,31954,1.44E-01,1.95E-02
1254,27627,aparc-a2009s_rh_thickness_G+S-paracentral,,mm,float,3,Mean thickness,S,cortical thickness,Mean thickness of G+S-paracentral in the right hemisphere generated by parcellation of the white surface using Destrieux (a2009s) parcellation,21282,21262,21270,10686,-,-,31968,31943,31954,1.68E-01,1.95E-02
1255,27628,aparc-a2009s_rh_thickness_G+S-subcentral,,mm,float,3,Mean thickness,S,cortical thickness,Mean thickness of G+S-subcentral in the right hemisphere generated by parcellation of the white surface using Destrieux (a2009s) parcellation,21282,21262,21270,10686,-,-,31968,31943,31954,1.98E-01,1.91E-02
1256,27629,aparc-a2009s_rh_thickness_G+S-transv-frontopol,,mm,float,3,Mean thickness,S,cortical thickness,Mean thickness of G+S-transv-frontopol in the right hemisphere generated by parcellation of the white surface using Destrieux (a2009s) parcellation,21282,21262,21270,10686,-,-,31968,31943,31954,1.11E-01,1.49E-02
1257,27630,aparc-a2009s_rh_thickness_G+S-cingul-Ant,,mm,float,3,Mean thickness,S,cortical thickness,Mean thickness of G+S-cingul-Ant in the right hemisphere generated by parcellation of the white surface using Destrieux (a2009s) parcellation,21282,21262,21270,10686,-,-,31968,31943,31954,1.30E-01,1.87E-02
1258,27631,aparc-a2009s_rh_thickness_G+S-cingul-Mid-Ant,,mm,float,3,Mean thickness,S,cortical thickness,Mean thickness of G+S-cingul-Mid-Ant in the right hemisphere generated by parcellation of the white surface using Destrieux (a2009s) parcellation,21282,21262,21270,10686,-,-,31968,31943,31954,9.60E-02,1.75E-02
1259,27632,aparc-a2009s_rh_thickness_G+S-cingul-Mid-Post,,mm,float,3,Mean thickness,S,cortical thickness,Mean thickness of G+S-cingul-Mid-Post in the right hemisphere generated by parcellation of the white surface using Destrieux (a2009s) parcellation,21282,21262,21270,10686,-,-,31968,31943,31954,1.31E-01,1.83E-02
1260,27633,aparc-a2009s_rh_thickness_G-cingul-Post-dorsal,,mm,float,3,Mean thickness,S,cortical thickness,Mean thickness of G-cingul-Post-dorsal in the right hemisphere generated by parcellation of the white surface using Destrieux (a2009s) parcellation,21282,21262,21270,10686,-,-,31968,31943,31954,1.29E-01,1.76E-02
1261,27634,aparc-a2009s_rh_thickness_G-cingul-Post-ventral,,mm,float,3,Mean thickness,S,cortical thickness,Mean thickness of G-cingul-Post-ventral in the right hemisphere generated by parcellation of the white surface using Destrieux (a2009s) parcellation,21282,21262,21270,10686,-,-,31968,31943,31954,1.21E-01,1.73E-02
1262,27635,aparc-a2009s_rh_thickness_G-cuneus,,mm,float,3,Mean thickness,S,cortical thickness,Mean thickness of G-cuneus in the right hemisphere generated by parcellation of the white surface using Destrieux (a2009s) parcellation,21282,21262,21270,10686,-,-,31968,31943,31954,1.62E-01,1.84E-02
1263,27636,aparc-a2009s_rh_thickness_G-front-inf-Opercular,,mm,float,3,Mean thickness,S,cortical thickness,Mean thickness of G-front-inf-Opercular in the right hemisphere generated by parcellation of the white surface using Destrieux (a2009s) parcellation,21282,21262,21270,10686,-,-,31968,31943,31954,1.46E-01,1.75E-02
1264,27637,aparc-a2009s_rh_thickness_G-front-inf-Orbital,,mm,float,3,Mean thickness,S,cortical thickness,Mean thickness of G-front-inf-Orbital in the right hemisphere generated by parcellation of the white surface using Destrieux (a2009s) parcellation,21281,21261,21269,10685,-,-,31966,31941,31952,1.06E-01,1.83E-02
1265,27638,aparc-a2009s_rh_thickness_G-front-inf-Triangul,,mm,float,3,Mean thickness,S,cortical thickness,Mean thickness of G-front-inf-Triangul in the right hemisphere generated by parcellation of the white surface using Destrieux (a2009s) parcellation,21281,21261,21269,10686,-,-,31967,31942,31953,1.44E-01,1.77E-02
1266,27639,aparc-a2009s_rh_thickness_G-front-middle,,mm,float,3,Mean thickness,S,cortical thickness,Mean thickness of G-front-middle in the right hemisphere generated by parcellation of the white surface using Destrieux (a2009s) parcellation,21282,21262,21270,10686,-,-,31968,31943,31954,1.77E-01,1.88E-02
1267,27640,aparc-a2009s_rh_thickness_G-front-sup,,mm,float,3,Mean thickness,S,cortical thickness,Mean thickness of G-front-sup in the right hemisphere generated by parcellation of the white surface using Destrieux (a2009s) parcellation,21282,21262,21270,10686,-,-,31968,31943,31954,2.23E-01,2.06E-02
1268,27641,aparc-a2009s_rh_thickness_G-Ins-lg+S-cent-ins,,mm,float,3,Mean thickness,S,cortical thickness,Mean thickness of G-Ins-lg+S-cent-ins in the right hemisphere generated by parcellation of the white surface using Destrieux (a2009s) parcellation,21282,21262,21270,10686,-,-,31968,31943,31954,9.86E-02,1.62E-02
1269,27642,aparc-a2009s_rh_thickness_G-insular-short,,mm,float,3,Mean thickness,S,cortical thickness,Mean thickness of G-insular-short in the right hemisphere generated by parcellation of the white surface using Destrieux (a2009s) parcellation,21282,21262,21270,10686,-,-,31968,31943,31954,1.06E-01,1.51E-02
1270,27643,aparc-a2009s_rh_thickness_G-occipital-middle,,mm,float,3,Mean thickness,S,cortical thickness,Mean thickness of G-occipital-middle in the right hemisphere generated by parcellation of the white surface using Destrieux (a2009s) parcellation,21282,21262,21270,10686,-,-,31968,31943,31954,1.49E-01,1.87E-02
1271,27644,aparc-a2009s_rh_thickness_G-occipital-sup,,mm,float,3,Mean thickness,S,cortical thickness,Mean thickness of G-occipital-sup in the right hemisphere generated by parcellation of the white surface using Destrieux (a2009s) parcellation,21282,21262,21270,10686,-,-,31968,31943,31954,1.33E-01,1.62E-02
1272,27645,aparc-a2009s_rh_thickness_G-oc-temp-lat-fusifor,,mm,float,3,Mean thickness,S,cortical thickness,Mean thickness of G-oc-temp-lat-fusifor in the right hemisphere generated by parcellation of the white surface using Destrieux (a2009s) parcellation,21282,21262,21270,10686,-,-,31968,31943,31954,1.40E-01,2.05E-02
1273,27646,aparc-a2009s_rh_thickness_G-oc-temp-med-Lingual,,mm,float,3,Mean thickness,S,cortical thickness,Mean thickness of G-oc-temp-med-Lingual in the right hemisphere generated by parcellation of the white surface using Destrieux (a2009s) parcellation,21282,21262,21270,10686,-,-,31968,31943,31954,1.60E-01,1.90E-02
1274,27647,aparc-a2009s_rh_thickness_G-oc-temp-med-Parahip,,mm,float,3,Mean thickness,S,cortical thickness,Mean thickness of G-oc-temp-med-Parahip in the right hemisphere generated by parcellation of the white surface using Destrieux (a2009s) parcellation,21282,21262,21270,10686,-,-,31968,31943,31954,9.70E-02,1.71E-02
1275,27648,aparc-a2009s_rh_thickness_G-orbital,,mm,float,3,Mean thickness,S,cortical thickness,Mean thickness of G-orbital in the right hemisphere generated by parcellation of the white surface using Destrieux (a2009s) parcellation,21282,21262,21270,10686,-,-,31968,31943,31954,1.03E-01,1.80E-02
1276,27649,aparc-a2009s_rh_thickness_G-pariet-inf-Angular,,mm,float,3,Mean thickness,S,cortical thickness,Mean thickness of G-pariet-inf-Angular in the right hemisphere generated by parcellation of the white surface using Destrieux (a2009s) parcellation,21282,21262,21270,10686,-,-,31968,31943,31954,1.75E-01,2.03E-02
1277,27650,aparc-a2009s_rh_thickness_G-pariet-inf-Supramar,,mm,float,3,Mean thickness,S,cortical thickness,Mean thickness of G-pariet-inf-Supramar in the right hemisphere generated by parcellation of the white surface using Destrieux (a2009s) parcellation,21282,21262,21270,10686,-,-,31968,31943,31954,1.89E-01,2.10E-02
1278,27651,aparc-a2009s_rh_thickness_G-parietal-sup,,mm,float,3,Mean thickness,S,cortical thickness,Mean thickness of G-parietal-sup in the right hemisphere generated by parcellation of the white surface using Destrieux (a2009s) parcellation,21282,21262,21270,10686,-,-,31968,31943,31954,1.44E-01,1.88E-02
1279,27652,aparc-a2009s_rh_thickness_G-postcentral,,mm,float,3,Mean thickness,S,cortical thickness,Mean thickness of G-postcentral in the right hemisphere generated by parcellation of the white surface using Destrieux (a2009s) parcellation,21282,21262,21270,10686,-,-,31968,31943,31954,1.74E-01,2.14E-02
1280,27653,aparc-a2009s_rh_thickness_G-precentral,,mm,float,3,Mean thickness,S,cortical thickness,Mean thickness of G-precentral in the right hemisphere generated by parcellation of the white surface using Destrieux (a2009s) parcellation,21282,21262,21270,10686,-,-,31968,31943,31954,1.74E-01,1.96E-02
1281,27654,aparc-a2009s_rh_thickness_G-precuneus,,mm,float,3,Mean thickness,S,cortical thickness,Mean thickness of G-precuneus in the right hemisphere generated by parcellation of the white surface using Destrieux (a2009s) parcellation,21282,21262,21270,10686,-,-,31968,31943,31954,1.93E-01,2.05E-02
1282,27655,aparc-a2009s_rh_thickness_G-rectus,,mm,float,3,Mean thickness,S,cortical thickness,Mean thickness of G-rectus in the right hemisphere generated by parcellation of the white surface using Destrieux (a2009s) parcellation,21282,21262,21270,10686,-,-,31968,31943,31954,8.10E-02,1.56E-02
1283,27656,aparc-a2009s_rh_thickness_G-subcallosal,,mm,float,3,Mean thickness,S,cortical thickness,Mean thickness of G-subcallosal in the right hemisphere generated by parcellation of the white surface using Destrieux (a2009s) parcellation,21282,21262,21270,10686,-,-,31968,31943,31954,4.47E-02,1.71E-02
1284,27657,aparc-a2009s_rh_thickness_G-temp-sup-G-T-transv,,mm,float,3,Mean thickness,S,cortical thickness,Mean thickness of G-temp-sup-G-T-transv in the right hemisphere generated by parcellation of the white surface using Destrieux (a2009s) parcellation,21281,21261,21269,10686,-,-,31967,31942,31953,1.62E-01,2.12E-02
1285,27658,aparc-a2009s_rh_thickness_G-temp-sup-Lateral,,mm,float,3,Mean thickness,S,cortical thickness,Mean thickness of G-temp-sup-Lateral in the right hemisphere generated by parcellation of the white surface using Destrieux (a2009s) parcellation,21282,21262,21270,10686,-,-,31968,31943,31954,1.97E-01,1.92E-02
1286,27659,aparc-a2009s_rh_thickness_G-temp-sup-Plan-polar,,mm,float,3,Mean thickness,S,cortical thickness,Mean thickness of G-temp-sup-Plan-polar in the right hemisphere generated by parcellation of the white surface using Destrieux (a2009s) parcellation,21282,21262,21270,10686,-,-,31968,31943,31954,9.58E-02,1.58E-02
1287,27660,aparc-a2009s_rh_thickness_G-temp-sup-Plan-tempo,,mm,float,3,Mean thickness,S,cortical thickness,Mean thickness of G-temp-sup-Plan-tempo in the right hemisphere generated by parcellation of the white surface using Destrieux (a2009s) parcellation,21282,21262,21270,10686,-,-,31968,31943,31954,1.68E-01,2.01E-02
1288,27661,aparc-a2009s_rh_thickness_G-temporal-inf,,mm,float,3,Mean thickness,S,cortical thickness,Mean thickness of G-temporal-inf in the right hemisphere generated by parcellation of the white surface using Destrieux (a2009s) parcellation,21282,21262,21270,10686,-,-,31968,31943,31954,1.45E-01,1.72E-02
1289,27662,aparc-a2009s_rh_thickness_G-temporal-middle,,mm,float,3,Mean thickness,S,cortical thickness,Mean thickness of G-temporal-middle in the right hemisphere generated by parcellation of the white surface using Destrieux (a2009s) parcellation,21282,21262,21270,10686,-,-,31968,31943,31954,1.81E-01,1.98E-02
1290,27663,aparc-a2009s_rh_thickness_Lat-Fis-ant-Horizont,,mm,float,3,Mean thickness,S,cortical thickness,Mean thickness of Lat-Fis-ant-Horizont in the right hemisphere generated by parcellation of the white surface using Destrieux (a2009s) parcellation,21281,21261,21269,10685,-,-,31966,31941,31952,1.07E-01,1.64E-02
1291,27664,aparc-a2009s_rh_thickness_Lat-Fis-ant-Vertical,,mm,float,3,Mean thickness,S,cortical thickness,Mean thickness of Lat-Fis-ant-Vertical in the right hemisphere generated by parcellation of the white surface using Destrieux (a2009s) parcellation,21269,21249,21257,10683,-,-,31952,31927,31938,6.46E-02,1.33E-02
1292,27665,aparc-a2009s_rh_thickness_Lat-Fis-post,,mm,float,3,Mean thickness,S,cortical thickness,Mean thickness of Lat-Fis-post in the right hemisphere generated by parcellation of the white surface using Destrieux (a2009s) parcellation,21282,21262,21270,10686,-,-,31968,31943,31954,1.94E-01,2.42E-02
1293,27666,aparc-a2009s_rh_thickness_Pole-occipital,,mm,float,3,Mean thickness,S,cortical thickness,Mean thickness of Pole-occipital in the right hemisphere generated by parcellation of the white surface using Destrieux (a2009s) parcellation,21282,21262,21270,10686,-,-,31968,31943,31954,1.56E-01,1.77E-02
1294,27667,aparc-a2009s_rh_thickness_Pole-temporal,,mm,float,3,Mean thickness,S,cortical thickness,Mean thickness of Pole-temporal in the right hemisphere generated by parcellation of the white surface using Destrieux (a2009s) parcellation,21282,21262,21270,10686,-,-,31968,31943,31954,1.11E-01,1.54E-02
1295,27668,aparc-a2009s_rh_thickness_S-calcarine,,mm,float,3,Mean thickness,S,cortical thickness,Mean thickness of S-calcarine in the right hemisphere generated by parcellation of the white surface using Destrieux (a2009s) parcellation,21282,21262,21270,10686,-,-,31968,31943,31954,1.52E-01,1.74E-02
1296,27669,aparc-a2009s_rh_thickness_S-central,,mm,float,3,Mean thickness,S,cortical thickness,Mean thickness of S-central in the right hemisphere generated by parcellation of the white surface using Destrieux (a2009s) parcellation,21282,21262,21270,10686,-,-,31968,31943,31954,1.38E-01,1.91E-02
1297,27670,aparc-a2009s_rh_thickness_S-cingul-Marginalis,,mm,float,3,Mean thickness,S,cortical thickness,Mean thickness of S-cingul-Marginalis in the right hemisphere generated by parcellation of the white surface using Destrieux (a2009s) parcellation,21282,21262,21270,10686,-,-,31968,31943,31954,1.32E-01,1.91E-02
1298,27671,aparc-a2009s_rh_thickness_S-circular-insula-ant,,mm,float,3,Mean thickness,S,cortical thickness,Mean thickness of S-circular-insula-ant in the right hemisphere generated by parcellation of the white surface using Destrieux (a2009s) parcellation,21281,21261,21269,10685,-,-,31966,31941,31952,9.99E-02,1.55E-02
1299,27672,aparc-a2009s_rh_thickness_S-circular-insula-inf,,mm,float,3,Mean thickness,S,cortical thickness,Mean thickness of S-circular-insula-inf in the right hemisphere generated by parcellation of the white surface using Destrieux (a2009s) parcellation,21282,21262,21270,10686,-,-,31968,31943,31954,1.91E-01,2.37E-02
1300,27673,aparc-a2009s_rh_thickness_S-circular-insula-sup,,mm,float,3,Mean thickness,S,cortical thickness,Mean thickness of S-circular-insula-sup in the right hemisphere generated by parcellation of the white surface using Destrieux (a2009s) parcellation,21282,21262,21270,10685,-,-,31967,31942,31953,1.74E-01,2.62E-02
1301,27674,aparc-a2009s_rh_thickness_S-collat-transv-ant,,mm,float,3,Mean thickness,S,cortical thickness,Mean thickness of S-collat-transv-ant in the right hemisphere generated by parcellation of the white surface using Destrieux (a2009s) parcellation,21282,21262,21270,10686,-,-,31968,31943,31954,5.30E-02,1.53E-02
1302,27675,aparc-a2009s_rh_thickness_S-collat-transv-post,,mm,float,3,Mean thickness,S,cortical thickness,Mean thickness of S-collat-transv-post in the right hemisphere generated by parcellation of the white surface using Destrieux (a2009s) parcellation,21281,21261,21269,10685,-,-,31966,31941,31952,1.39E-01,1.59E-02
1303,27676,aparc-a2009s_rh_thickness_S-front-inf,,mm,float,3,Mean thickness,S,cortical thickness,Mean thickness of S-front-inf in the right hemisphere generated by parcellation of the white surface using Destrieux (a2009s) parcellation,21282,21262,21270,10686,-,-,31968,31943,31954,1.49E-01,1.75E-02
1304,27677,aparc-a2009s_rh_thickness_S-front-middle,,mm,float,3,Mean thickness,S,cortical thickness,Mean thickness of S-front-middle in the right hemisphere generated by parcellation of the white surface using Destrieux (a2009s) parcellation,21282,21262,21270,10686,-,-,31968,31943,31954,1.32E-01,1.95E-02
1305,27678,aparc-a2009s_rh_thickness_S-front-sup,,mm,float,3,Mean thickness,S,cortical thickness,Mean thickness of S-front-sup in the right hemisphere generated by parcellation of the white surface using Destrieux (a2009s) parcellation,21282,21262,21270,10686,-,-,31968,31943,31954,1.57E-01,2.08E-02
1306,27679,aparc-a2009s_rh_thickness_S-interm-prim-Jensen,,mm,float,3,Mean thickness,S,cortical thickness,Mean thickness of S-interm-prim-Jensen in the right hemisphere generated by parcellation of the white surface using Destrieux (a2009s) parcellation,21279,21259,21267,10685,-,-,31964,31939,31950,6.17E-02,1.94E-02
1307,27680,aparc-a2009s_rh_thickness_S-intrapariet+P-trans,,mm,float,3,Mean thickness,S,cortical thickness,Mean thickness of S-intrapariet+P-trans in the right hemisphere generated by parcellation of the white surface using Destrieux (a2009s) parcellation,21282,21262,21270,10686,-,-,31968,31943,31954,1.55E-01,2.02E-02
1308,27681,aparc-a2009s_rh_thickness_S-oc-middle+Lunatus,,mm,float,3,Mean thickness,S,cortical thickness,Mean thickness of S-oc-middle+Lunatus in the right hemisphere generated by parcellation of the white surface using Destrieux (a2009s) parcellation,21282,21262,21270,10686,-,-,31968,31943,31954,1.12E-01,1.66E-02
1309,27682,aparc-a2009s_rh_thickness_S-oc-sup+transversal,,mm,float,3,Mean thickness,S,cortical thickness,Mean thickness of S-oc-sup+transversal in the right hemisphere generated by parcellation of the white surface using Destrieux (a2009s) parcellation,21282,21262,21270,10686,-,-,31968,31943,31954,1.62E-01,1.64E-02
1310,27683,aparc-a2009s_rh_thickness_S-occipital-ant,,mm,float,3,Mean thickness,S,cortical thickness,Mean thickness of S-occipital-ant in the right hemisphere generated by parcellation of the white surface using Destrieux (a2009s) parcellation,21282,21262,21270,10685,-,-,31967,31942,31953,1.18E-01,1.69E-02
1311,27684,aparc-a2009s_rh_thickness_S-oc-temp-lat,,mm,float,3,Mean thickness,S,cortical thickness,Mean thickness of S-oc-temp-lat in the right hemisphere generated by parcellation of the white surface using Destrieux (a2009s) parcellation,21282,21262,21270,10686,-,-,31968,31943,31954,1.13E-01,1.58E-02
1312,27685,aparc-a2009s_rh_thickness_S-oc-temp-med+Lingual,,mm,float,3,Mean thickness,S,cortical thickness,Mean thickness of S-oc-temp-med+Lingual in the right hemisphere generated by parcellation of the white surface using Destrieux (a2009s) parcellation,21282,21262,21270,10686,-,-,31968,31943,31954,1.89E-01,1.78E-02
1313,27686,aparc-a2009s_rh_thickness_S-orbital-lateral,,mm,float,3,Mean thickness,S,cortical thickness,Mean thickness of S-orbital-lateral in the right hemisphere generated by parcellation of the white surface using Destrieux (a2009s) parcellation,21281,21261,21269,10685,-,-,31966,31941,31952,7.83E-02,1.55E-02
1314,27687,aparc-a2009s_rh_thickness_S-orbital-med-olfact,,mm,float,3,Mean thickness,S,cortical thickness,Mean thickness of S-orbital-med-olfact in the right hemisphere generated by parcellation of the white surface using Destrieux (a2009s) parcellation,21282,21262,21270,10686,-,-,31968,31943,31954,1.32E-01,1.53E-02
1315,27688,aparc-a2009s_rh_thickness_S-orbital-H-Shaped,,mm,float,3,Mean thickness,S,cortical thickness,Mean thickness of S-orbital-H-Shaped in the right hemisphere generated by parcellation of the white surface using Destrieux (a2009s) parcellation,21281,21261,21269,10686,-,-,31967,31942,31953,9.94E-02,1.65E-02
1316,27689,aparc-a2009s_rh_thickness_S-parieto-occipital,,mm,float,3,Mean thickness,S,cortical thickness,Mean thickness of S-parieto-occipital in the right hemisphere generated by parcellation of the white surface using Destrieux (a2009s) parcellation,21282,21262,21270,10686,-,-,31968,31943,31954,1.69E-01,1.91E-02
1317,27690,aparc-a2009s_rh_thickness_S-pericallosal,,mm,float,3,Mean thickness,S,cortical thickness,Mean thickness of S-pericallosal in the right hemisphere generated by parcellation of the white surface using Destrieux (a2009s) parcellation,21282,21262,21270,10686,-,-,31968,31943,31954,2.11E-01,2.06E-02
1318,27691,aparc-a2009s_rh_thickness_S-postcentral,,mm,float,3,Mean thickness,S,cortical thickness,Mean thickness of S-postcentral in the right hemisphere generated by parcellation of the white surface using Destrieux (a2009s) parcellation,21282,21262,21270,10686,-,-,31968,31943,31954,1.39E-01,1.88E-02
1319,27692,aparc-a2009s_rh_thickness_S-precentral-inf-part,,mm,float,3,Mean thickness,S,cortical thickness,Mean thickness of S-precentral-inf-part in the right hemisphere generated by parcellation of the white surface using Destrieux (a2009s) parcellation,21282,21262,21270,10686,-,-,31968,31943,31954,1.52E-01,2.03E-02
1320,27693,aparc-a2009s_rh_thickness_S-precentral-sup-part,,mm,float,3,Mean thickness,S,cortical thickness,Mean thickness of S-precentral-sup-part in the right hemisphere generated by parcellation of the white surface using Destrieux (a2009s) parcellation,21282,21262,21270,10686,-,-,31968,31943,31954,1.49E-01,1.60E-02
1321,27694,aparc-a2009s_rh_thickness_S-suborbital,,mm,float,3,Mean thickness,S,cortical thickness,Mean thickness of S-suborbital in the right hemisphere generated by parcellation of the white surface using Destrieux (a2009s) parcellation,21282,21262,21270,10685,-,-,31967,31942,31953,4.75E-02,1.65E-02
1322,27695,aparc-a2009s_rh_thickness_S-subparietal,,mm,float,3,Mean thickness,S,cortical thickness,Mean thickness of S-subparietal in the right hemisphere generated by parcellation of the white surface using Destrieux (a2009s) parcellation,21282,21262,21270,10686,-,-,31968,31943,31954,1.40E-01,1.95E-02
1323,27696,aparc-a2009s_rh_thickness_S-temporal-inf,,mm,float,3,Mean thickness,S,cortical thickness,Mean thickness of S-temporal-inf in the right hemisphere generated by parcellation of the white surface using Destrieux (a2009s) parcellation,21282,21262,21270,10686,-,-,31968,31943,31954,8.32E-02,1.51E-02
1324,27697,aparc-a2009s_rh_thickness_S-temporal-sup,,mm,float,3,Mean thickness,S,cortical thickness,Mean thickness of S-temporal-sup in the right hemisphere generated by parcellation of the white surface using Destrieux (a2009s) parcellation,21282,21262,21270,10686,-,-,31968,31943,31954,1.76E-01,1.86E-02
1325,27698,aparc-a2009s_rh_thickness_S-temporal-transverse,,mm,float,3,Mean thickness,S,cortical thickness,Mean thickness of S-temporal-transverse in the right hemisphere generated by parcellation of the white surface using Destrieux (a2009s) parcellation,21280,21260,21268,10686,-,-,31966,31941,31952,1.53E-01,2.57E-02
574,27699,aparc-a2009s_rh_volume_G+S-frontomargin,,mm3,float,1,Volume,S,regional and tissue volume,Volume of G+S-frontomargin in the right hemisphere generated by parcellation of the white surface using Destrieux (a2009s) parcellation,21281,21261,21269,10686,-,-,31967,31942,31953,9.40E-02,1.71E-02
575,27700,aparc-a2009s_rh_volume_G+S-occipital-inf,,mm3,float,1,Volume,S,regional and tissue volume,Volume of G+S-occipital-inf in the right hemisphere generated by parcellation of the white surface using Destrieux (a2009s) parcellation,21282,21262,21270,10686,-,-,31968,31943,31954,1.16E-01,1.67E-02
576,27701,aparc-a2009s_rh_volume_G+S-paracentral,,mm3,float,1,Volume,S,regional and tissue volume,Volume of G+S-paracentral in the right hemisphere generated by parcellation of the white surface using Destrieux (a2009s) parcellation,21282,21262,21270,10686,-,-,31968,31943,31954,1.18E-01,1.77E-02
577,27702,aparc-a2009s_rh_volume_G+S-subcentral,,mm3,float,1,Volume,S,regional and tissue volume,Volume of G+S-subcentral in the right hemisphere generated by parcellation of the white surface using Destrieux (a2009s) parcellation,21282,21262,21270,10686,-,-,31968,31943,31954,1.52E-01,1.83E-02
578,27703,aparc-a2009s_rh_volume_G+S-transv-frontopol,,mm3,float,1,Volume,S,regional and tissue volume,Volume of G+S-transv-frontopol in the right hemisphere generated by parcellation of the white surface using Destrieux (a2009s) parcellation,21282,21262,21270,10686,-,-,31968,31943,31954,1.06E-01,1.66E-02
579,27704,aparc-a2009s_rh_volume_G+S-cingul-Ant,,mm3,float,1,Volume,S,regional and tissue volume,Volume of G+S-cingul-Ant in the right hemisphere generated by parcellation of the white surface using Destrieux (a2009s) parcellation,21282,21262,21270,10686,-,-,31968,31943,31954,1.80E-01,1.68E-02
580,27705,aparc-a2009s_rh_volume_G+S-cingul-Mid-Ant,,mm3,float,1,Volume,S,regional and tissue volume,Volume of G+S-cingul-Mid-Ant in the right hemisphere generated by parcellation of the white surface using Destrieux (a2009s) parcellation,21282,21262,21270,10686,-,-,31968,31943,31954,1.55E-01,1.61E-02
581,27706,aparc-a2009s_rh_volume_G+S-cingul-Mid-Post,,mm3,float,1,Volume,S,regional and tissue volume,Volume of G+S-cingul-Mid-Post in the right hemisphere generated by parcellation of the white surface using Destrieux (a2009s) parcellation,21282,21262,21270,10686,-,-,31968,31943,31954,1.48E-01,1.55E-02
582,27707,aparc-a2009s_rh_volume_G-cingul-Post-dorsal,,mm3,float,1,Volume,S,regional and tissue volume,Volume of G-cingul-Post-dorsal in the right hemisphere generated by parcellation of the white surface using Destrieux (a2009s) parcellation,21282,21262,21270,10686,-,-,31968,31943,31954,1.01E-01,1.56E-02
583,27708,aparc-a2009s_rh_volume_G-cingul-Post-ventral,,mm3,float,1,Volume,S,regional and tissue volume,Volume of G-cingul-Post-ventral in the right hemisphere generated by parcellation of the white surface using Destrieux (a2009s) parcellation,21282,21262,21270,10686,-,-,31968,31943,31954,1.73E-01,2.02E-02
584,27709,aparc-a2009s_rh_volume_G-cuneus,,mm3,float,1,Volume,S,regional and tissue volume,Volume of G-cuneus in the right hemisphere generated by parcellation of the white surface using Destrieux (a2009s) parcellation,21282,21262,21270,10686,-,-,31968,31943,31954,2.44E-01,2.35E-02
585,27710,aparc-a2009s_rh_volume_G-front-inf-Opercular,,mm3,float,1,Volume,S,regional and tissue volume,Volume of G-front-inf-Opercular in the right hemisphere generated by parcellation of the white surface using Destrieux (a2009s) parcellation,21282,21262,21270,10686,-,-,31968,31943,31954,1.25E-01,1.71E-02
586,27711,aparc-a2009s_rh_volume_G-front-inf-Orbital,,mm3,float,1,Volume,S,regional and tissue volume,Volume of G-front-inf-Orbital in the right hemisphere generated by parcellation of the white surface using Destrieux (a2009s) parcellation,21281,21261,21269,10685,-,-,31966,31941,31952,4.23E-02,1.57E-02
587,27712,aparc-a2009s_rh_volume_G-front-inf-Triangul,,mm3,float,1,Volume,S,regional and tissue volume,Volume of G-front-inf-Triangul in the right hemisphere generated by parcellation of the white surface using Destrieux (a2009s) parcellation,21281,21261,21269,10686,-,-,31967,31942,31953,9.56E-02,1.70E-02
588,27713,aparc-a2009s_rh_volume_G-front-middle,,mm3,float,1,Volume,S,regional and tissue volume,Volume of G-front-middle in the right hemisphere generated by parcellation of the white surface using Destrieux (a2009s) parcellation,21282,21262,21270,10686,-,-,31968,31943,31954,1.54E-01,1.70E-02
589,27714,aparc-a2009s_rh_volume_G-front-sup,,mm3,float,1,Volume,S,regional and tissue volume,Volume of G-front-sup in the right hemisphere generated by parcellation of the white surface using Destrieux (a2009s) parcellation,21282,21262,21270,10686,-,-,31968,31943,31954,1.64E-01,1.77E-02
590,27715,aparc-a2009s_rh_volume_G-Ins-lg+S-cent-ins,,mm3,float,1,Volume,S,regional and tissue volume,Volume of G-Ins-lg+S-cent-ins in the right hemisphere generated by parcellation of the white surface using Destrieux (a2009s) parcellation,21282,21262,21270,10686,-,-,31968,31943,31954,1.56E-01,1.97E-02
591,27716,aparc-a2009s_rh_volume_G-insular-short,,mm3,float,1,Volume,S,regional and tissue volume,Volume of G-insular-short in the right hemisphere generated by parcellation of the white surface using Destrieux (a2009s) parcellation,21282,21262,21270,10686,-,-,31968,31943,31954,1.66E-01,1.74E-02
592,27717,aparc-a2009s_rh_volume_G-occipital-middle,,mm3,float,1,Volume,S,regional and tissue volume,Volume of G-occipital-middle in the right hemisphere generated by parcellation of the white surface using Destrieux (a2009s) parcellation,21282,21262,21270,10686,-,-,31968,31943,31954,1.06E-01,1.67E-02
593,27718,aparc-a2009s_rh_volume_G-occipital-sup,,mm3,float,1,Volume,S,regional and tissue volume,Volume of G-occipital-sup in the right hemisphere generated by parcellation of the white surface using Destrieux (a2009s) parcellation,21282,21262,21270,10686,-,-,31968,31943,31954,1.44E-01,1.66E-02
594,27719,aparc-a2009s_rh_volume_G-oc-temp-lat-fusifor,,mm3,float,1,Volume,S,regional and tissue volume,Volume of G-oc-temp-lat-fusifor in the right hemisphere generated by parcellation of the white surface using Destrieux (a2009s) parcellation,21282,21262,21270,10686,-,-,31968,31943,31954,1.57E-01,1.80E-02
595,27720,aparc-a2009s_rh_volume_G-oc-temp-med-Lingual,,mm3,float,1,Volume,S,regional and tissue volume,Volume of G-oc-temp-med-Lingual in the right hemisphere generated by parcellation of the white surface using Destrieux (a2009s) parcellation,21282,21262,21270,10686,-,-,31968,31943,31954,2.11E-01,2.29E-02
596,27721,aparc-a2009s_rh_volume_G-oc-temp-med-Parahip,,mm3,float,1,Volume,S,regional and tissue volume,Volume of G-oc-temp-med-Parahip in the right hemisphere generated by parcellation of the white surface using Destrieux (a2009s) parcellation,21282,21262,21270,10686,-,-,31968,31943,31954,1.76E-01,1.97E-02
597,27722,aparc-a2009s_rh_volume_G-orbital,,mm3,float,1,Volume,S,regional and tissue volume,Volume of G-orbital in the right hemisphere generated by parcellation of the white surface using Destrieux (a2009s) parcellation,21282,21262,21270,10686,-,-,31968,31943,31954,1.92E-01,2.01E-02
598,27723,aparc-a2009s_rh_volume_G-pariet-inf-Angular,,mm3,float,1,Volume,S,regional and tissue volume,Volume of G-pariet-inf-Angular in the right hemisphere generated by parcellation of the white surface using Destrieux (a2009s) parcellation,21282,21262,21270,10686,-,-,31968,31943,31954,1.27E-01,1.64E-02
599,27724,aparc-a2009s_rh_volume_G-pariet-inf-Supramar,,mm3,float,1,Volume,S,regional and tissue volume,Volume of G-pariet-inf-Supramar in the right hemisphere generated by parcellation of the white surface using Destrieux (a2009s) parcellation,21282,21262,21270,10686,10681,10684,31968,31943,31954,1.52E-01,1.87E-02
600,27725,aparc-a2009s_rh_volume_G-parietal-sup,,mm3,float,1,Volume,S,regional and tissue volume,Volume of G-parietal-sup in the right hemisphere generated by parcellation of the white surface using Destrieux (a2009s) parcellation,21282,21262,21270,10686,-,-,31968,31943,31954,1.33E-01,1.78E-02
601,27726,aparc-a2009s_rh_volume_G-postcentral,,mm3,float,1,Volume,S,regional and tissue volume,Volume of G-postcentral in the right hemisphere generated by parcellation of the white surface using Destrieux (a2009s) parcellation,21282,21262,21270,10686,-,-,31968,31943,31954,1.81E-01,2.03E-02
602,27727,aparc-a2009s_rh_volume_G-precentral,,mm3,float,1,Volume,S,regional and tissue volume,Volume of G-precentral in the right hemisphere generated by parcellation of the white surface using Destrieux (a2009s) parcellation,21282,21262,21270,10686,-,-,31968,31943,31954,1.99E-01,2.02E-02
603,27728,aparc-a2009s_rh_volume_G-precuneus,,mm3,float,1,Volume,S,regional and tissue volume,Volume of G-precuneus in the right hemisphere generated by parcellation of the white surface using Destrieux (a2009s) parcellation,21282,21262,21270,10686,-,-,31968,31943,31954,1.92E-01,2.06E-02
604,27729,aparc-a2009s_rh_volume_G-rectus,,mm3,float,1,Volume,S,regional and tissue volume,Volume of G-rectus in the right hemisphere generated by parcellation of the white surface using Destrieux (a2009s) parcellation,21282,21262,21270,10686,-,-,31968,31943,31954,1.17E-01,1.74E-02
605,27730,aparc-a2009s_rh_volume_G-subcallosal,,mm3,float,1,Volume,S,regional and tissue volume,Volume of G-subcallosal in the right hemisphere generated by parcellation of the white surface using Destrieux (a2009s) parcellation,21282,21262,21270,10686,-,-,31968,31943,31954,1.26E-01,2.05E-02
606,27731,aparc-a2009s_rh_volume_G-temp-sup-G-T-transv,,mm3,float,1,Volume,S,regional and tissue volume,Volume of G-temp-sup-G-T-transv in the right hemisphere generated by parcellation of the white surface using Destrieux (a2009s) parcellation,21281,21261,21269,10686,-,-,31967,31942,31953,1.24E-01,1.64E-02
607,27732,aparc-a2009s_rh_volume_G-temp-sup-Lateral,,mm3,float,1,Volume,S,regional and tissue volume,Volume of G-temp-sup-Lateral in the right hemisphere generated by parcellation of the white surface using Destrieux (a2009s) parcellation,21282,21262,21270,10686,-,-,31968,31943,31954,1.88E-01,1.80E-02
608,27733,aparc-a2009s_rh_volume_G-temp-sup-Plan-polar,,mm3,float,1,Volume,S,regional and tissue volume,Volume of G-temp-sup-Plan-polar in the right hemisphere generated by parcellation of the white surface using Destrieux (a2009s) parcellation,21282,21262,21270,10686,-,-,31968,31943,31954,1.11E-01,1.59E-02
609,27734,aparc-a2009s_rh_volume_G-temp-sup-Plan-tempo,,mm3,float,1,Volume,S,regional and tissue volume,Volume of G-temp-sup-Plan-tempo in the right hemisphere generated by parcellation of the white surface using Destrieux (a2009s) parcellation,21282,21262,21270,10686,-,-,31968,31943,31954,1.49E-01,1.62E-02
610,27735,aparc-a2009s_rh_volume_G-temporal-inf,,mm3,float,1,Volume,S,regional and tissue volume,Volume of G-temporal-inf in the right hemisphere generated by parcellation of the white surface using Destrieux (a2009s) parcellation,21282,21262,21270,10686,-,-,31968,31943,31954,1.58E-01,1.72E-02
611,27736,aparc-a2009s_rh_volume_G-temporal-middle,,mm3,float,1,Volume,S,regional and tissue volume,Volume of G-temporal-middle in the right hemisphere generated by parcellation of the white surface using Destrieux (a2009s) parcellation,21282,21262,21270,10686,-,-,31968,31943,31954,1.72E-01,1.92E-02
612,27737,aparc-a2009s_rh_volume_Lat-Fis-ant-Horizont,,mm3,float,1,Volume,S,regional and tissue volume,Volume of Lat-Fis-ant-Horizont in the right hemisphere generated by parcellation of the white surface using Destrieux (a2009s) parcellation,21281,21261,21269,10685,-,-,31966,31941,31952,4.02E-02,1.45E-02
613,27738,aparc-a2009s_rh_volume_Lat-Fis-ant-Vertical,,mm3,float,1,Volume,S,regional and tissue volume,Volume of Lat-Fis-ant-Vertical in the right hemisphere generated by parcellation of the white surface using Destrieux (a2009s) parcellation,21269,21249,21257,10683,-,-,31952,31927,31938,3.66E-02,1.58E-02
614,27739,aparc-a2009s_rh_volume_Lat-Fis-post,,mm3,float,1,Volume,S,regional and tissue volume,Volume of Lat-Fis-post in the right hemisphere generated by parcellation of the white surface using Destrieux (a2009s) parcellation,21282,21262,21270,10686,-,-,31968,31943,31954,1.69E-01,1.60E-02
615,27740,aparc-a2009s_rh_volume_Pole-occipital,,mm3,float,1,Volume,S,regional and tissue volume,Volume of Pole-occipital in the right hemisphere generated by parcellation of the white surface using Destrieux (a2009s) parcellation,21282,21262,21270,10686,-,-,31968,31943,31954,2.00E-01,2.26E-02
616,27741,aparc-a2009s_rh_volume_Pole-temporal,,mm3,float,1,Volume,S,regional and tissue volume,Volume of Pole-temporal in the right hemisphere generated by parcellation of the white surface using Destrieux (a2009s) parcellation,21282,21262,21270,10686,-,-,31968,31943,31954,1.48E-01,1.73E-02
617,27742,aparc-a2009s_rh_volume_S-calcarine,,mm3,float,1,Volume,S,regional and tissue volume,Volume of S-calcarine in the right hemisphere generated by parcellation of the white surface using Destrieux (a2009s) parcellation,21282,21262,21270,10686,10681,10684,31968,31943,31954,3.01E-01,2.82E-02
618,27743,aparc-a2009s_rh_volume_S-central,,mm3,float,1,Volume,S,regional and tissue volume,Volume of S-central in the right hemisphere generated by parcellation of the white surface using Destrieux (a2009s) parcellation,21282,21262,21270,10686,-,-,31968,31943,31954,1.95E-01,2.63E-02
619,27744,aparc-a2009s_rh_volume_S-cingul-Marginalis,,mm3,float,1,Volume,S,regional and tissue volume,Volume of S-cingul-Marginalis in the right hemisphere generated by parcellation of the white surface using Destrieux (a2009s) parcellation,21282,21262,21270,10686,10681,10684,31968,31943,31954,1.12E-01,1.62E-02
620,27745,aparc-a2009s_rh_volume_S-circular-insula-ant,,mm3,float,1,Volume,S,regional and tissue volume,Volume of S-circular-insula-ant in the right hemisphere generated by parcellation of the white surface using Destrieux (a2009s) parcellation,21281,21261,21269,10685,-,-,31966,31941,31952,1.25E-01,1.70E-02
621,27746,aparc-a2009s_rh_volume_S-circular-insula-inf,,mm3,float,1,Volume,S,regional and tissue volume,Volume of S-circular-insula-inf in the right hemisphere generated by parcellation of the white surface using Destrieux (a2009s) parcellation,21282,21262,21270,10686,-,-,31968,31943,31954,1.47E-01,1.85E-02
622,27747,aparc-a2009s_rh_volume_S-circular-insula-sup,,mm3,float,1,Volume,S,regional and tissue volume,Volume of S-circular-insula-sup in the right hemisphere generated by parcellation of the white surface using Destrieux (a2009s) parcellation,21282,21262,21270,10685,-,-,31967,31942,31953,1.60E-01,1.86E-02
623,27748,aparc-a2009s_rh_volume_S-collat-transv-ant,,mm3,float,1,Volume,S,regional and tissue volume,Volume of S-collat-transv-ant in the right hemisphere generated by parcellation of the white surface using Destrieux (a2009s) parcellation,21282,21262,21270,10686,-,-,31968,31943,31954,1.70E-01,1.80E-02
624,27749,aparc-a2009s_rh_volume_S-collat-transv-post,,mm3,float,1,Volume,S,regional and tissue volume,Volume of S-collat-transv-post in the right hemisphere generated by parcellation of the white surface using Destrieux (a2009s) parcellation,21281,21261,21269,10685,-,-,31966,31941,31952,1.03E-01,1.59E-02
625,27750,aparc-a2009s_rh_volume_S-front-inf,,mm3,float,1,Volume,S,regional and tissue volume,Volume of S-front-inf in the right hemisphere generated by parcellation of the white surface using Destrieux (a2009s) parcellation,21282,21262,21270,10686,-,-,31968,31943,31954,1.05E-01,1.65E-02
626,27751,aparc-a2009s_rh_volume_S-front-middle,,mm3,float,1,Volume,S,regional and tissue volume,Volume of S-front-middle in the right hemisphere generated by parcellation of the white surface using Destrieux (a2009s) parcellation,21282,21262,21270,10686,-,-,31968,31943,31954,6.74E-02,1.59E-02
627,27752,aparc-a2009s_rh_volume_S-front-sup,,mm3,float,1,Volume,S,regional and tissue volume,Volume of S-front-sup in the right hemisphere generated by parcellation of the white surface using Destrieux (a2009s) parcellation,21282,21262,21270,10686,-,-,31968,31943,31954,9.89E-02,1.62E-02
628,27753,aparc-a2009s_rh_volume_S-interm-prim-Jensen,,mm3,float,1,Volume,S,regional and tissue volume,Volume of S-interm-prim-Jensen in the right hemisphere generated by parcellation of the white surface using Destrieux (a2009s) parcellation,21279,21259,21267,10685,-,-,31964,31939,31950,4.67E-02,1.26E-02
629,27754,aparc-a2009s_rh_volume_S-intrapariet+P-trans,,mm3,float,1,Volume,S,regional and tissue volume,Volume of S-intrapariet+P-trans in the right hemisphere generated by parcellation of the white surface using Destrieux (a2009s) parcellation,21282,21262,21270,10686,-,-,31968,31943,31954,1.22E-01,1.65E-02
630,27755,aparc-a2009s_rh_volume_S-oc-middle+Lunatus,,mm3,float,1,Volume,S,regional and tissue volume,Volume of S-oc-middle+Lunatus in the right hemisphere generated by parcellation of the white surface using Destrieux (a2009s) parcellation,21282,21262,21270,10686,-,-,31968,31943,31954,1.19E-01,1.77E-02
631,27756,aparc-a2009s_rh_volume_S-oc-sup+transversal,,mm3,float,1,Volume,S,regional and tissue volume,Volume of S-oc-sup+transversal in the right hemisphere generated by parcellation of the white surface using Destrieux (a2009s) parcellation,21282,21262,21270,10686,-,-,31968,31943,31954,7.94E-02,1.51E-02
632,27757,aparc-a2009s_rh_volume_S-occipital-ant,,mm3,float,1,Volume,S,regional and tissue volume,Volume of S-occipital-ant in the right hemisphere generated by parcellation of the white surface using Destrieux (a2009s) parcellation,21282,21262,21270,10685,-,-,31967,31942,31953,8.44E-02,1.54E-02
633,27758,aparc-a2009s_rh_volume_S-oc-temp-lat,,mm3,float,1,Volume,S,regional and tissue volume,Volume of S-oc-temp-lat in the right hemisphere generated by parcellation of the white surface using Destrieux (a2009s) parcellation,21282,21262,21270,10686,-,-,31968,31943,31954,8.35E-02,1.80E-02
634,27759,aparc-a2009s_rh_volume_S-oc-temp-med+Lingual,,mm3,float,1,Volume,S,regional and tissue volume,Volume of S-oc-temp-med+Lingual in the right hemisphere generated by parcellation of the white surface using Destrieux (a2009s) parcellation,21282,21262,21270,10686,-,-,31968,31943,31954,1.52E-01,1.76E-02
635,27760,aparc-a2009s_rh_volume_S-orbital-lateral,,mm3,float,1,Volume,S,regional and tissue volume,Volume of S-orbital-lateral in the right hemisphere generated by parcellation of the white surface using Destrieux (a2009s) parcellation,21281,21261,21269,10685,-,-,31966,31941,31952,6.80E-02,1.42E-02
636,27761,aparc-a2009s_rh_volume_S-orbital-med-olfact,,mm3,float,1,Volume,S,regional and tissue volume,Volume of S-orbital-med-olfact in the right hemisphere generated by parcellation of the white surface using Destrieux (a2009s) parcellation,21282,21262,21270,10686,-,-,31968,31943,31954,1.16E-01,1.73E-02
637,27762,aparc-a2009s_rh_volume_S-orbital-H-Shaped,,mm3,float,1,Volume,S,regional and tissue volume,Volume of S-orbital-H-Shaped in the right hemisphere generated by parcellation of the white surface using Destrieux (a2009s) parcellation,21281,21261,21269,10686,-,-,31967,31942,31953,2.18E-01,2.12E-02
638,27763,aparc-a2009s_rh_volume_S-parieto-occipital,,mm3,float,1,Volume,S,regional and tissue volume,Volume of S-parieto-occipital in the right hemisphere generated by parcellation of the white surface using Destrieux (a2009s) parcellation,21282,21262,21270,10686,-,-,31968,31943,31954,2.39E-01,1.93E-02
639,27764,aparc-a2009s_rh_volume_S-pericallosal,,mm3,float,1,Volume,S,regional and tissue volume,Volume of S-pericallosal in the right hemisphere generated by parcellation of the white surface using Destrieux (a2009s) parcellation,21282,21262,21270,10686,-,-,31968,31943,31954,1.07E-01,1.42E-02
640,27765,aparc-a2009s_rh_volume_S-postcentral,,mm3,float,1,Volume,S,regional and tissue volume,Volume of S-postcentral in the right hemisphere generated by parcellation of the white surface using Destrieux (a2009s) parcellation,21282,21262,21270,10686,-,-,31968,31943,31954,1.18E-01,1.65E-02
641,27766,aparc-a2009s_rh_volume_S-precentral-inf-part,,mm3,float,1,Volume,S,regional and tissue volume,Volume of S-precentral-inf-part in the right hemisphere generated by parcellation of the white surface using Destrieux (a2009s) parcellation,21282,21262,21270,10686,-,-,31968,31943,31954,1.12E-01,1.64E-02
642,27767,aparc-a2009s_rh_volume_S-precentral-sup-part,,mm3,float,1,Volume,S,regional and tissue volume,Volume of S-precentral-sup-part in the right hemisphere generated by parcellation of the white surface using Destrieux (a2009s) parcellation,21282,21262,21270,10686,-,-,31968,31943,31954,1.04E-01,1.65E-02
643,27768,aparc-a2009s_rh_volume_S-suborbital,,mm3,float,1,Volume,S,regional and tissue volume,Volume of S-suborbital in the right hemisphere generated by parcellation of the white surface using Destrieux (a2009s) parcellation,21282,21262,21270,10685,-,-,31967,31942,31953,3.48E-02,1.39E-02
644,27769,aparc-a2009s_rh_volume_S-subparietal,,mm3,float,1,Volume,S,regional and tissue volume,Volume of S-subparietal in the right hemisphere generated by parcellation of the white surface using Destrieux (a2009s) parcellation,21282,21262,21270,10686,-,-,31968,31943,31954,1.18E-01,1.68E-02
645,27770,aparc-a2009s_rh_volume_S-temporal-inf,,mm3,float,1,Volume,S,regional and tissue volume,Volume of S-temporal-inf in the right hemisphere generated by parcellation of the white surface using Destrieux (a2009s) parcellation,21282,21262,21270,10686,-,-,31968,31943,31954,1.14E-01,1.74E-02
646,27771,aparc-a2009s_rh_volume_S-temporal-sup,,mm3,float,1,Volume,S,regional and tissue volume,Volume of S-temporal-sup in the right hemisphere generated by parcellation of the white surface using Destrieux (a2009s) parcellation,21282,21262,21270,10686,-,-,31968,31943,31954,1.82E-01,1.85E-02
647,27772,aparc-a2009s_rh_volume_S-temporal-transverse,,mm3,float,1,Volume,S,regional and tissue volume,Volume of S-temporal-transverse in the right hemisphere generated by parcellation of the white surface using Destrieux (a2009s) parcellation,21280,21260,21268,10686,-,-,31966,31941,31952,1.18E-01,1.40E-02
3914,na,rfMRI connectivity ICA-features 1,,,,16,,,rfMRI connectivity,"These are not primary variables stored at UKB but are derived from all of the individual connectivity IDPs listed above. The method for estimation of these was described in Elliott et al, Nature, 2018. Code and data to allow their re-estimation can be found at https://www.fmrib.ox.ac.uk/ukbiobank/gwaspaper/index.html",21081,21063,21069,10607,-,-,31688,31664,31673,1.19E-01,1.64E-02
3915,na,rfMRI connectivity ICA-features 2,,,,16,,,rfMRI connectivity,21081,21063,21069,10607,-,-,31688,31664,31673,2.93E-01,2.70E-02,
3916,na,rfMRI connectivity ICA-features 3,,,,16,,,rfMRI connectivity,21081,21063,21069,10607,-,-,31688,31664,31673,3.10E-01,3.39E-02,
3917,na,rfMRI connectivity ICA-features 4,,,,16,,,rfMRI connectivity,21081,21063,21069,10607,-,-,31688,31664,31673,2.66E-01,2.25E-02,
3918,na,rfMRI connectivity ICA-features 5,,,,16,,,rfMRI connectivity,21081,21063,21069,10607,-,-,31688,31664,31673,3.91E-02,1.43E-02,
3919,na,rfMRI connectivity ICA-features 6,,,,16,,,rfMRI connectivity,21081,21063,21069,10607,-,-,31688,31664,31673,3.46E-01,2.25E-02,