"gene","description"
"APOC1","Volume of grey matter in Left Superior Temporal Gyrus, posterior division;Volume of grey matter in Left Precuneous Cortex;Volume of grey matter in Left Planum Temporale;Volume of grey matter in Vermis VIIIa Cerebellum;Mean intensity of CC-Posterior in the whole brain generated by subcortical volumetric segmentation (aseg);Volume of WM-hypointensities in the whole brain generated by subcortical volumetric segmentation (aseg);Number of HolesBeforeFixing in the left hemisphere generated by subcortical volumetric segmentation (aseg);Volume of PuM in the left hemisphere generated by subcortical volumetric sub-segmentation of the Thalamic Nuclei;Volume of Pt in the left hemisphere generated by subcortical volumetric sub-segmentation of the Thalamic Nuclei;Area of caudalanteriorcingulate in the left hemisphere generated by parcellation of the white surface using Desikan-Killiany parcellation;Volume of superiorparietal in the left hemisphere generated by parcellation of the white surface using Desikan-Killiany parcellation;Volume of transversetemporal in the left hemisphere generated by parcellation of the white surface using Desikan-Killiany parcellation;Mean thickness of inferiortemporal in the right hemisphere generated by parcellation of the white surface using Desikan-Killiany parcellation;Volume of lateraloccipital in the right hemisphere generated by parcellation of the white surface using Desikan-Killiany parcellation;Area of transversetemporal in the left hemisphere generated by parcellation of the pial surface using Desikan-Killiany parcellation;Volume of perirhinal in the left hemisphere generated by parcellation of the white surface using BA_exvivo parcellation;Mean thickness of BA44 in the right hemisphere generated by parcellation of the white surface using BA_exvivo parcellation;Area of rostralmiddlefrontal in the left hemisphere generated by parcellation of the white surface using DKT parcellation;Volume of transversetemporal in the left hemisphere generated by parcellation of the white surface using DKT parcellation;Mean thickness of fusiform in the right hemisphere generated by parcellation of the white surface using DKT parcellation;Mean thickness of inferiortemporal in the right hemisphere generated by parcellation of the white surface using DKT parcellation;Volume of lateraloccipital in the right hemisphere generated by parcellation of the white surface using DKT parcellation;Area of G-front-middle in the left hemisphere generated by parcellation of the white surface using Destrieux (a2009s) parcellation;Area of G-Ins-lg+S-cent-ins in the left hemisphere generated by parcellation of the white surface using Destrieux (a2009s) parcellation;Area of Lat-Fis-post in the left hemisphere generated by parcellation of the white surface using Destrieux (a2009s) parcellation;Mean thickness of G-temporal-inf in the left hemisphere generated by parcellation of the white surface using Destrieux (a2009s) parcellation;Mean thickness of S-front-middle in the left hemisphere generated by parcellation of the white surface using Destrieux (a2009s) parcellation;Volume of G-Ins-lg+S-cent-ins in the left hemisphere generated by parcellation of the white surface using Destrieux (a2009s) parcellation;Volume of S-intrapariet+P-trans in the left hemisphere generated by parcellation of the white surface using Destrieux (a2009s) parcellation;Mean thickness of G+S-transv-frontopol in the right hemisphere generated by parcellation of the white surface using Destrieux (a2009s) parcellation;Mean thickness of G-temporal-inf in the right hemisphere generated by parcellation of the white surface using Destrieux (a2009s) parcellation"
"APOC1P1","Volume of grey matter in Left Superior Temporal Gyrus, posterior division;Volume of grey matter in Left Precuneous Cortex;Volume of grey matter in Left Planum Temporale;Volume of grey matter in Vermis VIIIa Cerebellum;Mean intensity of CC-Posterior in the whole brain generated by subcortical volumetric segmentation (aseg);Volume of WM-hypointensities in the whole brain generated by subcortical volumetric segmentation (aseg);Number of HolesBeforeFixing in the left hemisphere generated by subcortical volumetric segmentation (aseg);Volume of PuM in the left hemisphere generated by subcortical volumetric sub-segmentation of the Thalamic Nuclei;Volume of Pt in the left hemisphere generated by subcortical volumetric sub-segmentation of the Thalamic Nuclei;Area of caudalanteriorcingulate in the left hemisphere generated by parcellation of the white surface using Desikan-Killiany parcellation;Volume of superiorparietal in the left hemisphere generated by parcellation of the white surface using Desikan-Killiany parcellation;Volume of transversetemporal in the left hemisphere generated by parcellation of the white surface using Desikan-Killiany parcellation;Mean thickness of inferiortemporal in the right hemisphere generated by parcellation of the white surface using Desikan-Killiany parcellation;Volume of lateraloccipital in the right hemisphere generated by parcellation of the white surface using Desikan-Killiany parcellation;Area of transversetemporal in the left hemisphere generated by parcellation of the pial surface using Desikan-Killiany parcellation;Volume of perirhinal in the left hemisphere generated by parcellation of the white surface using BA_exvivo parcellation;Mean thickness of BA44 in the right hemisphere generated by parcellation of the white surface using BA_exvivo parcellation;Area of rostralmiddlefrontal in the left hemisphere generated by parcellation of the white surface using DKT parcellation;Volume of transversetemporal in the left hemisphere generated by parcellation of the white surface using DKT parcellation;Mean thickness of fusiform in the right hemisphere generated by parcellation of the white surface using DKT parcellation;Mean thickness of inferiortemporal in the right hemisphere generated by parcellation of the white surface using DKT parcellation;Volume of lateraloccipital in the right hemisphere generated by parcellation of the white surface using DKT parcellation;Area of G-front-middle in the left hemisphere generated by parcellation of the white surface using Destrieux (a2009s) parcellation;Area of G-Ins-lg+S-cent-ins in the left hemisphere generated by parcellation of the white surface using Destrieux (a2009s) parcellation;Area of Lat-Fis-post in the left hemisphere generated by parcellation of the white surface using Destrieux (a2009s) parcellation;Mean thickness of G-temporal-inf in the left hemisphere generated by parcellation of the white surface using Destrieux (a2009s) parcellation;Mean thickness of S-front-middle in the left hemisphere generated by parcellation of the white surface using Destrieux (a2009s) parcellation;Volume of G-Ins-lg+S-cent-ins in the left hemisphere generated by parcellation of the white surface using Destrieux (a2009s) parcellation;Volume of S-intrapariet+P-trans in the left hemisphere generated by parcellation of the white surface using Destrieux (a2009s) parcellation;Mean thickness of G+S-transv-frontopol in the right hemisphere generated by parcellation of the white surface using Destrieux (a2009s) parcellation;Mean thickness of G-temporal-inf in the right hemisphere generated by parcellation of the white surface using Destrieux (a2009s) parcellation"
"APOC2","Volume of grey matter in Left Superior Temporal Gyrus, posterior division;Volume of grey matter in Left Precuneous Cortex;Volume of grey matter in Left Planum Temporale;Volume of grey matter in Vermis VIIIa Cerebellum;Mean intensity of CC-Posterior in the whole brain generated by subcortical volumetric segmentation (aseg);Volume of WM-hypointensities in the whole brain generated by subcortical volumetric segmentation (aseg);Number of HolesBeforeFixing in the left hemisphere generated by subcortical volumetric segmentation (aseg);Volume of PuM in the left hemisphere generated by subcortical volumetric sub-segmentation of the Thalamic Nuclei;Volume of Pt in the left hemisphere generated by subcortical volumetric sub-segmentation of the Thalamic Nuclei;Area of caudalanteriorcingulate in the left hemisphere generated by parcellation of the white surface using Desikan-Killiany parcellation;Volume of superiorparietal in the left hemisphere generated by parcellation of the white surface using Desikan-Killiany parcellation;Volume of transversetemporal in the left hemisphere generated by parcellation of the white surface using Desikan-Killiany parcellation;Mean thickness of inferiortemporal in the right hemisphere generated by parcellation of the white surface using Desikan-Killiany parcellation;Volume of lateraloccipital in the right hemisphere generated by parcellation of the white surface using Desikan-Killiany parcellation;Area of transversetemporal in the left hemisphere generated by parcellation of the pial surface using Desikan-Killiany parcellation;Volume of perirhinal in the left hemisphere generated by parcellation of the white surface using BA_exvivo parcellation;Mean thickness of BA44 in the right hemisphere generated by parcellation of the white surface using BA_exvivo parcellation;Area of rostralmiddlefrontal in the left hemisphere generated by parcellation of the white surface using DKT parcellation;Volume of transversetemporal in the left hemisphere generated by parcellation of the white surface using DKT parcellation;Mean thickness of fusiform in the right hemisphere generated by parcellation of the white surface using DKT parcellation;Mean thickness of inferiortemporal in the right hemisphere generated by parcellation of the white surface using DKT parcellation;Volume of lateraloccipital in the right hemisphere generated by parcellation of the white surface using DKT parcellation;Area of G-front-middle in the left hemisphere generated by parcellation of the white surface using Destrieux (a2009s) parcellation;Area of G-Ins-lg+S-cent-ins in the left hemisphere generated by parcellation of the white surface using Destrieux (a2009s) parcellation;Area of Lat-Fis-post in the left hemisphere generated by parcellation of the white surface using Destrieux (a2009s) parcellation;Mean thickness of G-temporal-inf in the left hemisphere generated by parcellation of the white surface using Destrieux (a2009s) parcellation;Mean thickness of S-front-middle in the left hemisphere generated by parcellation of the white surface using Destrieux (a2009s) parcellation;Volume of G-Ins-lg+S-cent-ins in the left hemisphere generated by parcellation of the white surface using Destrieux (a2009s) parcellation;Volume of S-intrapariet+P-trans in the left hemisphere generated by parcellation of the white surface using Destrieux (a2009s) parcellation;Mean thickness of G+S-transv-frontopol in the right hemisphere generated by parcellation of the white surface using Destrieux (a2009s) parcellation;Mean thickness of G-temporal-inf in the right hemisphere generated by parcellation of the white surface using Destrieux (a2009s) parcellation"
"APOC4","Volume of grey matter in Left Superior Temporal Gyrus, posterior division;Volume of grey matter in Left Precuneous Cortex;Volume of grey matter in Left Planum Temporale;Volume of grey matter in Vermis VIIIa Cerebellum;Mean intensity of CC-Posterior in the whole brain generated by subcortical volumetric segmentation (aseg);Volume of WM-hypointensities in the whole brain generated by subcortical volumetric segmentation (aseg);Number of HolesBeforeFixing in the left hemisphere generated by subcortical volumetric segmentation (aseg);Volume of PuM in the left hemisphere generated by subcortical volumetric sub-segmentation of the Thalamic Nuclei;Volume of Pt in the left hemisphere generated by subcortical volumetric sub-segmentation of the Thalamic Nuclei;Area of caudalanteriorcingulate in the left hemisphere generated by parcellation of the white surface using Desikan-Killiany parcellation;Volume of superiorparietal in the left hemisphere generated by parcellation of the white surface using Desikan-Killiany parcellation;Volume of transversetemporal in the left hemisphere generated by parcellation of the white surface using Desikan-Killiany parcellation;Mean thickness of inferiortemporal in the right hemisphere generated by parcellation of the white surface using Desikan-Killiany parcellation;Volume of lateraloccipital in the right hemisphere generated by parcellation of the white surface using Desikan-Killiany parcellation;Area of transversetemporal in the left hemisphere generated by parcellation of the pial surface using Desikan-Killiany parcellation;Volume of perirhinal in the left hemisphere generated by parcellation of the white surface using BA_exvivo parcellation;Mean thickness of BA44 in the right hemisphere generated by parcellation of the white surface using BA_exvivo parcellation;Area of rostralmiddlefrontal in the left hemisphere generated by parcellation of the white surface using DKT parcellation;Volume of transversetemporal in the left hemisphere generated by parcellation of the white surface using DKT parcellation;Mean thickness of fusiform in the right hemisphere generated by parcellation of the white surface using DKT parcellation;Mean thickness of inferiortemporal in the right hemisphere generated by parcellation of the white surface using DKT parcellation;Volume of lateraloccipital in the right hemisphere generated by parcellation of the white surface using DKT parcellation;Area of G-front-middle in the left hemisphere generated by parcellation of the white surface using Destrieux (a2009s) parcellation;Area of G-Ins-lg+S-cent-ins in the left hemisphere generated by parcellation of the white surface using Destrieux (a2009s) parcellation;Area of Lat-Fis-post in the left hemisphere generated by parcellation of the white surface using Destrieux (a2009s) parcellation;Mean thickness of G-temporal-inf in the left hemisphere generated by parcellation of the white surface using Destrieux (a2009s) parcellation;Mean thickness of S-front-middle in the left hemisphere generated by parcellation of the white surface using Destrieux (a2009s) parcellation;Volume of G-Ins-lg+S-cent-ins in the left hemisphere generated by parcellation of the white surface using Destrieux (a2009s) parcellation;Volume of S-intrapariet+P-trans in the left hemisphere generated by parcellation of the white surface using Destrieux (a2009s) parcellation;Mean thickness of G+S-transv-frontopol in the right hemisphere generated by parcellation of the white surface using Destrieux (a2009s) parcellation;Mean thickness of G-temporal-inf in the right hemisphere generated by parcellation of the white surface using Destrieux (a2009s) parcellation"
"APOC4-APOC2","Volume of grey matter in Left Superior Temporal Gyrus, posterior division;Volume of grey matter in Left Precuneous Cortex;Volume of grey matter in Left Planum Temporale;Volume of grey matter in Vermis VIIIa Cerebellum;Mean intensity of CC-Posterior in the whole brain generated by subcortical volumetric segmentation (aseg);Volume of WM-hypointensities in the whole brain generated by subcortical volumetric segmentation (aseg);Number of HolesBeforeFixing in the left hemisphere generated by subcortical volumetric segmentation (aseg);Volume of PuM in the left hemisphere generated by subcortical volumetric sub-segmentation of the Thalamic Nuclei;Volume of Pt in the left hemisphere generated by subcortical volumetric sub-segmentation of the Thalamic Nuclei;Area of caudalanteriorcingulate in the left hemisphere generated by parcellation of the white surface using Desikan-Killiany parcellation;Volume of superiorparietal in the left hemisphere generated by parcellation of the white surface using Desikan-Killiany parcellation;Volume of transversetemporal in the left hemisphere generated by parcellation of the white surface using Desikan-Killiany parcellation;Mean thickness of inferiortemporal in the right hemisphere generated by parcellation of the white surface using Desikan-Killiany parcellation;Volume of lateraloccipital in the right hemisphere generated by parcellation of the white surface using Desikan-Killiany parcellation;Area of transversetemporal in the left hemisphere generated by parcellation of the pial surface using Desikan-Killiany parcellation;Volume of perirhinal in the left hemisphere generated by parcellation of the white surface using BA_exvivo parcellation;Mean thickness of BA44 in the right hemisphere generated by parcellation of the white surface using BA_exvivo parcellation;Area of rostralmiddlefrontal in the left hemisphere generated by parcellation of the white surface using DKT parcellation;Volume of transversetemporal in the left hemisphere generated by parcellation of the white surface using DKT parcellation;Mean thickness of fusiform in the right hemisphere generated by parcellation of the white surface using DKT parcellation;Mean thickness of inferiortemporal in the right hemisphere generated by parcellation of the white surface using DKT parcellation;Volume of lateraloccipital in the right hemisphere generated by parcellation of the white surface using DKT parcellation;Area of G-front-middle in the left hemisphere generated by parcellation of the white surface using Destrieux (a2009s) parcellation;Area of G-Ins-lg+S-cent-ins in the left hemisphere generated by parcellation of the white surface using Destrieux (a2009s) parcellation;Area of Lat-Fis-post in the left hemisphere generated by parcellation of the white surface using Destrieux (a2009s) parcellation;Mean thickness of G-temporal-inf in the left hemisphere generated by parcellation of the white surface using Destrieux (a2009s) parcellation;Mean thickness of S-front-middle in the left hemisphere generated by parcellation of the white surface using Destrieux (a2009s) parcellation;Volume of G-Ins-lg+S-cent-ins in the left hemisphere generated by parcellation of the white surface using Destrieux (a2009s) parcellation;Volume of S-intrapariet+P-trans in the left hemisphere generated by parcellation of the white surface using Destrieux (a2009s) parcellation;Mean thickness of G+S-transv-frontopol in the right hemisphere generated by parcellation of the white surface using Destrieux (a2009s) parcellation;Mean thickness of G-temporal-inf in the right hemisphere generated by parcellation of the white surface using Destrieux (a2009s) parcellation"
"APOE","Volume of grey matter in Left Superior Temporal Gyrus, posterior division;Volume of grey matter in Left Precuneous Cortex;Volume of grey matter in Left Planum Temporale;Volume of grey matter in Vermis VIIIa Cerebellum;Mean intensity of CC-Posterior in the whole brain generated by subcortical volumetric segmentation (aseg);Volume of WM-hypointensities in the whole brain generated by subcortical volumetric segmentation (aseg);Number of HolesBeforeFixing in the left hemisphere generated by subcortical volumetric segmentation (aseg);Volume of PuM in the left hemisphere generated by subcortical volumetric sub-segmentation of the Thalamic Nuclei;Volume of Pt in the left hemisphere generated by subcortical volumetric sub-segmentation of the Thalamic Nuclei;Area of caudalanteriorcingulate in the left hemisphere generated by parcellation of the white surface using Desikan-Killiany parcellation;Volume of superiorparietal in the left hemisphere generated by parcellation of the white surface using Desikan-Killiany parcellation;Volume of transversetemporal in the left hemisphere generated by parcellation of the white surface using Desikan-Killiany parcellation;Mean thickness of inferiortemporal in the right hemisphere generated by parcellation of the white surface using Desikan-Killiany parcellation;Volume of lateraloccipital in the right hemisphere generated by parcellation of the white surface using Desikan-Killiany parcellation;Area of transversetemporal in the left hemisphere generated by parcellation of the pial surface using Desikan-Killiany parcellation;Volume of perirhinal in the left hemisphere generated by parcellation of the white surface using BA_exvivo parcellation;Mean thickness of BA44 in the right hemisphere generated by parcellation of the white surface using BA_exvivo parcellation;Area of rostralmiddlefrontal in the left hemisphere generated by parcellation of the white surface using DKT parcellation;Volume of transversetemporal in the left hemisphere generated by parcellation of the white surface using DKT parcellation;Mean thickness of fusiform in the right hemisphere generated by parcellation of the white surface using DKT parcellation;Mean thickness of inferiortemporal in the right hemisphere generated by parcellation of the white surface using DKT parcellation;Volume of lateraloccipital in the right hemisphere generated by parcellation of the white surface using DKT parcellation;Area of G-front-middle in the left hemisphere generated by parcellation of the white surface using Destrieux (a2009s) parcellation;Area of G-Ins-lg+S-cent-ins in the left hemisphere generated by parcellation of the white surface using Destrieux (a2009s) parcellation;Area of Lat-Fis-post in the left hemisphere generated by parcellation of the white surface using Destrieux (a2009s) parcellation;Mean thickness of G-temporal-inf in the left hemisphere generated by parcellation of the white surface using Destrieux (a2009s) parcellation;Mean thickness of S-front-middle in the left hemisphere generated by parcellation of the white surface using Destrieux (a2009s) parcellation;Volume of G-Ins-lg+S-cent-ins in the left hemisphere generated by parcellation of the white surface using Destrieux (a2009s) parcellation;Volume of S-intrapariet+P-trans in the left hemisphere generated by parcellation of the white surface using Destrieux (a2009s) parcellation;Mean thickness of G+S-transv-frontopol in the right hemisphere generated by parcellation of the white surface using Destrieux (a2009s) parcellation;Mean thickness of G-temporal-inf in the right hemisphere generated by parcellation of the white surface using Destrieux (a2009s) parcellation"
"BCAM","Volume of grey matter in Left Superior Temporal Gyrus, posterior division;Volume of grey matter in Left Precuneous Cortex;Volume of grey matter in Left Planum Temporale;Volume of grey matter in Vermis VIIIa Cerebellum;Mean intensity of CC-Posterior in the whole brain generated by subcortical volumetric segmentation (aseg);Volume of WM-hypointensities in the whole brain generated by subcortical volumetric segmentation (aseg);Number of HolesBeforeFixing in the left hemisphere generated by subcortical volumetric segmentation (aseg);Volume of PuM in the left hemisphere generated by subcortical volumetric sub-segmentation of the Thalamic Nuclei;Area of caudalanteriorcingulate in the left hemisphere generated by parcellation of the white surface using Desikan-Killiany parcellation;Volume of superiorparietal in the left hemisphere generated by parcellation of the white surface using Desikan-Killiany parcellation;Volume of transversetemporal in the left hemisphere generated by parcellation of the white surface using Desikan-Killiany parcellation;Mean thickness of inferiortemporal in the right hemisphere generated by parcellation of the white surface using Desikan-Killiany parcellation;Area of transversetemporal in the left hemisphere generated by parcellation of the pial surface using Desikan-Killiany parcellation;Volume of perirhinal in the left hemisphere generated by parcellation of the white surface using BA_exvivo parcellation;Mean thickness of BA44 in the right hemisphere generated by parcellation of the white surface using BA_exvivo parcellation;Volume of transversetemporal in the left hemisphere generated by parcellation of the white surface using DKT parcellation;Mean thickness of fusiform in the right hemisphere generated by parcellation of the white surface using DKT parcellation;Mean thickness of inferiortemporal in the right hemisphere generated by parcellation of the white surface using DKT parcellation;Area of Lat-Fis-post in the left hemisphere generated by parcellation of the white surface using Destrieux (a2009s) parcellation;Area of S-collat-transv-post in the left hemisphere generated by parcellation of the white surface using Destrieux (a2009s) parcellation;Mean thickness of G-temporal-inf in the left hemisphere generated by parcellation of the white surface using Destrieux (a2009s) parcellation;Mean thickness of S-orbital-lateral in the left hemisphere generated by parcellation of the white surface using Destrieux (a2009s) parcellation;Volume of S-intrapariet+P-trans in the left hemisphere generated by parcellation of the white surface using Destrieux (a2009s) parcellation;Mean thickness of G+S-transv-frontopol in the right hemisphere generated by parcellation of the white surface using Destrieux (a2009s) parcellation;Mean thickness of G-temporal-inf in the right hemisphere generated by parcellation of the white surface using Destrieux (a2009s) parcellation"
"BCL3","Volume of grey matter in Left Superior Temporal Gyrus, posterior division;Volume of grey matter in Left Precuneous Cortex;Volume of grey matter in Left Planum Temporale;Volume of grey matter in Vermis VIIIa Cerebellum;Mean intensity of CC-Posterior in the whole brain generated by subcortical volumetric segmentation (aseg);Volume of WM-hypointensities in the whole brain generated by subcortical volumetric segmentation (aseg);Number of HolesBeforeFixing in the left hemisphere generated by subcortical volumetric segmentation (aseg);Volume of PuM in the left hemisphere generated by subcortical volumetric sub-segmentation of the Thalamic Nuclei;Area of caudalanteriorcingulate in the left hemisphere generated by parcellation of the white surface using Desikan-Killiany parcellation;Volume of superiorparietal in the left hemisphere generated by parcellation of the white surface using Desikan-Killiany parcellation;Volume of transversetemporal in the left hemisphere generated by parcellation of the white surface using Desikan-Killiany parcellation;Mean thickness of inferiortemporal in the right hemisphere generated by parcellation of the white surface using Desikan-Killiany parcellation;Area of transversetemporal in the left hemisphere generated by parcellation of the pial surface using Desikan-Killiany parcellation;Volume of perirhinal in the left hemisphere generated by parcellation of the white surface using BA_exvivo parcellation;Mean thickness of BA44 in the right hemisphere generated by parcellation of the white surface using BA_exvivo parcellation;Volume of transversetemporal in the left hemisphere generated by parcellation of the white surface using DKT parcellation;Mean thickness of fusiform in the right hemisphere generated by parcellation of the white surface using DKT parcellation;Mean thickness of inferiortemporal in the right hemisphere generated by parcellation of the white surface using DKT parcellation;Area of Lat-Fis-post in the left hemisphere generated by parcellation of the white surface using Destrieux (a2009s) parcellation;Area of S-collat-transv-post in the left hemisphere generated by parcellation of the white surface using Destrieux (a2009s) parcellation;Mean thickness of G-temporal-inf in the left hemisphere generated by parcellation of the white surface using Destrieux (a2009s) parcellation;Mean thickness of S-orbital-lateral in the left hemisphere generated by parcellation of the white surface using Destrieux (a2009s) parcellation;Volume of S-intrapariet+P-trans in the left hemisphere generated by parcellation of the white surface using Destrieux (a2009s) parcellation;Mean thickness of G+S-transv-frontopol in the right hemisphere generated by parcellation of the white surface using Destrieux (a2009s) parcellation;Mean thickness of G-temporal-inf in the right hemisphere generated by parcellation of the white surface using Destrieux (a2009s) parcellation"
"BLOC1S3","Volume of grey matter in Left Superior Temporal Gyrus, posterior division;Volume of grey matter in Left Planum Temporale;Volume of grey matter in Vermis VIIIa Cerebellum;Mean intensity of CC-Posterior in the whole brain generated by subcortical volumetric segmentation (aseg);Volume of WM-hypointensities in the whole brain generated by subcortical volumetric segmentation (aseg);Number of HolesBeforeFixing in the left hemisphere generated by subcortical volumetric segmentation (aseg);Volume of PuM in the left hemisphere generated by subcortical volumetric sub-segmentation of the Thalamic Nuclei;Volume of Pt in the left hemisphere generated by subcortical volumetric sub-segmentation of the Thalamic Nuclei;Area of caudalanteriorcingulate in the left hemisphere generated by parcellation of the white surface using Desikan-Killiany parcellation;Area of medialorbitofrontal in the left hemisphere generated by parcellation of the white surface using Desikan-Killiany parcellation;Area of postcentral in the left hemisphere generated by parcellation of the white surface using Desikan-Killiany parcellation;Mean thickness of caudalmiddlefrontal in the left hemisphere generated by parcellation of the white surface using Desikan-Killiany parcellation;Mean thickness of supramarginal in the left hemisphere generated by parcellation of the white surface using Desikan-Killiany parcellation;Volume of superiorparietal in the left hemisphere generated by parcellation of the white surface using Desikan-Killiany parcellation;Volume of transversetemporal in the left hemisphere generated by parcellation of the white surface using Desikan-Killiany parcellation;Area of fusiform in the right hemisphere generated by parcellation of the white surface using Desikan-Killiany parcellation;Area of medialorbitofrontal in the right hemisphere generated by parcellation of the white surface using Desikan-Killiany parcellation;Area of paracentral in the right hemisphere generated by parcellation of the white surface using Desikan-Killiany parcellation;Area of superiorfrontal in the right hemisphere generated by parcellation of the white surface using Desikan-Killiany parcellation;Mean thickness of fusiform in the right hemisphere generated by parcellation of the white surface using Desikan-Killiany parcellation;Mean thickness of paracentral in the right hemisphere generated by parcellation of the white surface using Desikan-Killiany parcellation;Mean thickness of parsorbitalis in the right hemisphere generated by parcellation of the white surface using Desikan-Killiany parcellation;Mean thickness of parstriangularis in the right hemisphere generated by parcellation of the white surface using Desikan-Killiany parcellation;Mean thickness of rostralmiddlefrontal in the right hemisphere generated by parcellation of the white surface using Desikan-Killiany parcellation;Volume of lateraloccipital in the right hemisphere generated by parcellation of the white surface using Desikan-Killiany parcellation;Area of transversetemporal in the left hemisphere generated by parcellation of the pial surface using Desikan-Killiany parcellation;Area of TotalSurface in the right hemisphere generated by parcellation of the pial surface using Desikan-Killiany parcellation;Area of BA4p in the left hemisphere generated by parcellation of the white surface using BA_exvivo parcellation;Mean thickness of BA1 in the left hemisphere generated by parcellation of the white surface using BA_exvivo parcellation;Mean thickness of BA44 in the left hemisphere generated by parcellation of the white surface using BA_exvivo parcellation;Mean thickness of BA45 in the left hemisphere generated by parcellation of the white surface using BA_exvivo parcellation;Mean thickness of BA6 in the right hemisphere generated by parcellation of the white surface using BA_exvivo parcellation;Mean thickness of BA44 in the right hemisphere generated by parcellation of the white surface using BA_exvivo parcellation;Mean thickness of BA45 in the right hemisphere generated by parcellation of the white surface using BA_exvivo parcellation;Area of postcentral in the left hemisphere generated by parcellation of the white surface using DKT parcellation;Area of rostralanteriorcingulate in the left hemisphere generated by parcellation of the white surface using DKT parcellation;Area of rostralmiddlefrontal in the left hemisphere generated by parcellation of the white surface using DKT parcellation;Mean thickness of caudalmiddlefrontal in the left hemisphere generated by parcellation of the white surface using DKT parcellation;Mean thickness of supramarginal in the left hemisphere generated by parcellation of the white surface using DKT parcellation;Volume of transversetemporal in the left hemisphere generated by parcellation of the white surface using DKT parcellation;Area of medialorbitofrontal in the right hemisphere generated by parcellation of the white surface using DKT parcellation;Area of paracentral in the right hemisphere generated by parcellation of the white surface using DKT parcellation;Area of superiorfrontal in the right hemisphere generated by parcellation of the white surface using DKT parcellation;Mean thickness of fusiform in the right hemisphere generated by parcellation of the white surface using DKT parcellation;Mean thickness of paracentral in the right hemisphere generated by parcellation of the white surface using DKT parcellation;Mean thickness of parsopercularis in the right hemisphere generated by parcellation of the white surface using DKT parcellation;Mean thickness of parsorbitalis in the right hemisphere generated by parcellation of the white surface using DKT parcellation;Mean thickness of parstriangularis in the right hemisphere generated by parcellation of the white surface using DKT parcellation;Mean thickness of rostralmiddlefrontal in the right hemisphere generated by parcellation of the white surface using DKT parcellation;Volume of lateraloccipital in the right hemisphere generated by parcellation of the white surface using DKT parcellation;Area of G+S-cingul-Mid-Ant in the left hemisphere generated by parcellation of the white surface using Destrieux (a2009s) parcellation;Area of G-front-middle in the left hemisphere generated by parcellation of the white surface using Destrieux (a2009s) parcellation;Area of G-Ins-lg+S-cent-ins in the left hemisphere generated by parcellation of the white surface using Destrieux (a2009s) parcellation;Area of G-postcentral in the left hemisphere generated by parcellation of the white surface using Destrieux (a2009s) parcellation;Area of Lat-Fis-post in the left hemisphere generated by parcellation of the white surface using Destrieux (a2009s) parcellation;Area of S-front-middle in the left hemisphere generated by parcellation of the white surface using Destrieux (a2009s) parcellation;Mean thickness of G+S-cingul-Ant in the left hemisphere generated by parcellation of the white surface using Destrieux (a2009s) parcellation;Mean thickness of G-pariet-inf-Supramar in the left hemisphere generated by parcellation of the white surface using Destrieux (a2009s) parcellation;Mean thickness of S-circular-insula-sup in the left hemisphere generated by parcellation of the white surface using Destrieux (a2009s) parcellation;Mean thickness of S-front-inf in the left hemisphere generated by parcellation of the white surface using Destrieux (a2009s) parcellation;Mean thickness of S-front-middle in the left hemisphere generated by parcellation of the white surface using Destrieux (a2009s) parcellation;Volume of G-Ins-lg+S-cent-ins in the left hemisphere generated by parcellation of the white surface using Destrieux (a2009s) parcellation;Volume of S-intrapariet+P-trans in the left hemisphere generated by parcellation of the white surface using Destrieux (a2009s) parcellation;Area of G-front-sup in the right hemisphere generated by parcellation of the white surface using Destrieux (a2009s) parcellation;Area of G-temp-sup-Lateral in the right hemisphere generated by parcellation of the white surface using Destrieux (a2009s) parcellation;Area of S-circular-insula-inf in the right hemisphere generated by parcellation of the white surface using Destrieux (a2009s) parcellation;Mean thickness of G+S-transv-frontopol in the right hemisphere generated by parcellation of the white surface using Destrieux (a2009s) parcellation;Mean thickness of G-front-inf-Opercular in the right hemisphere generated by parcellation of the white surface using Destrieux (a2009s) parcellation;Mean thickness of G-front-inf-Orbital in the right hemisphere generated by parcellation of the white surface using Destrieux (a2009s) parcellation;Mean thickness of G-front-middle in the right hemisphere generated by parcellation of the white surface using Destrieux (a2009s) parcellation;Mean thickness of G-front-sup in the right hemisphere generated by parcellation of the white surface using Destrieux (a2009s) parcellation;Mean thickness of G-pariet-inf-Supramar in the right hemisphere generated by parcellation of the white surface using Destrieux (a2009s) parcellation;Mean thickness of S-front-inf in the right hemisphere generated by parcellation of the white surface using Destrieux (a2009s) parcellation;Mean thickness of S-front-middle in the right hemisphere generated by parcellation of the white surface using Destrieux (a2009s) parcellation"
"CBLC","Volume of grey matter in Left Superior Temporal Gyrus, posterior division;Volume of grey matter in Left Precuneous Cortex;Volume of grey matter in Left Planum Temporale;Volume of grey matter in Vermis VIIIa Cerebellum;Mean intensity of CC-Posterior in the whole brain generated by subcortical volumetric segmentation (aseg);Volume of WM-hypointensities in the whole brain generated by subcortical volumetric segmentation (aseg);Number of HolesBeforeFixing in the left hemisphere generated by subcortical volumetric segmentation (aseg);Volume of PuM in the left hemisphere generated by subcortical volumetric sub-segmentation of the Thalamic Nuclei;Area of caudalanteriorcingulate in the left hemisphere generated by parcellation of the white surface using Desikan-Killiany parcellation;Volume of superiorparietal in the left hemisphere generated by parcellation of the white surface using Desikan-Killiany parcellation;Volume of transversetemporal in the left hemisphere generated by parcellation of the white surface using Desikan-Killiany parcellation;Mean thickness of inferiortemporal in the right hemisphere generated by parcellation of the white surface using Desikan-Killiany parcellation;Area of transversetemporal in the left hemisphere generated by parcellation of the pial surface using Desikan-Killiany parcellation;Volume of perirhinal in the left hemisphere generated by parcellation of the white surface using BA_exvivo parcellation;Mean thickness of BA44 in the right hemisphere generated by parcellation of the white surface using BA_exvivo parcellation;Volume of transversetemporal in the left hemisphere generated by parcellation of the white surface using DKT parcellation;Mean thickness of fusiform in the right hemisphere generated by parcellation of the white surface using DKT parcellation;Mean thickness of inferiortemporal in the right hemisphere generated by parcellation of the white surface using DKT parcellation;Area of Lat-Fis-post in the left hemisphere generated by parcellation of the white surface using Destrieux (a2009s) parcellation;Area of S-collat-transv-post in the left hemisphere generated by parcellation of the white surface using Destrieux (a2009s) parcellation;Mean thickness of G-temporal-inf in the left hemisphere generated by parcellation of the white surface using Destrieux (a2009s) parcellation;Mean thickness of S-orbital-lateral in the left hemisphere generated by parcellation of the white surface using Destrieux (a2009s) parcellation;Volume of S-intrapariet+P-trans in the left hemisphere generated by parcellation of the white surface using Destrieux (a2009s) parcellation;Mean thickness of G+S-transv-frontopol in the right hemisphere generated by parcellation of the white surface using Destrieux (a2009s) parcellation;Mean thickness of G-temporal-inf in the right hemisphere generated by parcellation of the white surface using Destrieux (a2009s) parcellation"
"CEACAM16","Volume of grey matter in Left Superior Temporal Gyrus, posterior division;Volume of grey matter in Left Precuneous Cortex;Volume of grey matter in Left Planum Temporale;Volume of grey matter in Vermis VIIIa Cerebellum;Mean intensity of CC-Posterior in the whole brain generated by subcortical volumetric segmentation (aseg);Volume of WM-hypointensities in the whole brain generated by subcortical volumetric segmentation (aseg);Number of HolesBeforeFixing in the left hemisphere generated by subcortical volumetric segmentation (aseg);Volume of PuM in the left hemisphere generated by subcortical volumetric sub-segmentation of the Thalamic Nuclei;Area of caudalanteriorcingulate in the left hemisphere generated by parcellation of the white surface using Desikan-Killiany parcellation;Volume of superiorparietal in the left hemisphere generated by parcellation of the white surface using Desikan-Killiany parcellation;Volume of transversetemporal in the left hemisphere generated by parcellation of the white surface using Desikan-Killiany parcellation;Mean thickness of inferiortemporal in the right hemisphere generated by parcellation of the white surface using Desikan-Killiany parcellation;Area of transversetemporal in the left hemisphere generated by parcellation of the pial surface using Desikan-Killiany parcellation;Volume of perirhinal in the left hemisphere generated by parcellation of the white surface using BA_exvivo parcellation;Mean thickness of BA44 in the right hemisphere generated by parcellation of the white surface using BA_exvivo parcellation;Volume of transversetemporal in the left hemisphere generated by parcellation of the white surface using DKT parcellation;Mean thickness of fusiform in the right hemisphere generated by parcellation of the white surface using DKT parcellation;Mean thickness of inferiortemporal in the right hemisphere generated by parcellation of the white surface using DKT parcellation;Area of Lat-Fis-post in the left hemisphere generated by parcellation of the white surface using Destrieux (a2009s) parcellation;Area of S-collat-transv-post in the left hemisphere generated by parcellation of the white surface using Destrieux (a2009s) parcellation;Mean thickness of G-temporal-inf in the left hemisphere generated by parcellation of the white surface using Destrieux (a2009s) parcellation;Mean thickness of S-orbital-lateral in the left hemisphere generated by parcellation of the white surface using Destrieux (a2009s) parcellation;Mean thickness of G+S-transv-frontopol in the right hemisphere generated by parcellation of the white surface using Destrieux (a2009s) parcellation;Mean thickness of G-temporal-inf in the right hemisphere generated by parcellation of the white surface using Destrieux (a2009s) parcellation"
"CEACAM19","Volume of grey matter in Left Superior Temporal Gyrus, posterior division;Volume of grey matter in Left Precuneous Cortex;Volume of grey matter in Left Planum Temporale;Volume of grey matter in Vermis VIIIa Cerebellum;Mean intensity of CC-Posterior in the whole brain generated by subcortical volumetric segmentation (aseg);Volume of WM-hypointensities in the whole brain generated by subcortical volumetric segmentation (aseg);Number of HolesBeforeFixing in the left hemisphere generated by subcortical volumetric segmentation (aseg);Volume of PuM in the left hemisphere generated by subcortical volumetric sub-segmentation of the Thalamic Nuclei;Area of caudalanteriorcingulate in the left hemisphere generated by parcellation of the white surface using Desikan-Killiany parcellation;Volume of superiorparietal in the left hemisphere generated by parcellation of the white surface using Desikan-Killiany parcellation;Volume of transversetemporal in the left hemisphere generated by parcellation of the white surface using Desikan-Killiany parcellation;Mean thickness of inferiortemporal in the right hemisphere generated by parcellation of the white surface using Desikan-Killiany parcellation;Area of transversetemporal in the left hemisphere generated by parcellation of the pial surface using Desikan-Killiany parcellation;Volume of perirhinal in the left hemisphere generated by parcellation of the white surface using BA_exvivo parcellation;Mean thickness of BA44 in the right hemisphere generated by parcellation of the white surface using BA_exvivo parcellation;Volume of transversetemporal in the left hemisphere generated by parcellation of the white surface using DKT parcellation;Mean thickness of fusiform in the right hemisphere generated by parcellation of the white surface using DKT parcellation;Mean thickness of inferiortemporal in the right hemisphere generated by parcellation of the white surface using DKT parcellation;Area of Lat-Fis-post in the left hemisphere generated by parcellation of the white surface using Destrieux (a2009s) parcellation;Area of S-collat-transv-post in the left hemisphere generated by parcellation of the white surface using Destrieux (a2009s) parcellation;Mean thickness of G-temporal-inf in the left hemisphere generated by parcellation of the white surface using Destrieux (a2009s) parcellation;Mean thickness of S-orbital-lateral in the left hemisphere generated by parcellation of the white surface using Destrieux (a2009s) parcellation;Mean thickness of G-temporal-inf in the right hemisphere generated by parcellation of the white surface using Destrieux (a2009s) parcellation"
"CEACAM20","Volume of grey matter in Left Superior Temporal Gyrus, posterior division;Volume of grey matter in Left Precuneous Cortex;Volume of grey matter in Left Planum Temporale;Volume of grey matter in Vermis VIIIa Cerebellum;Mean intensity of CC-Posterior in the whole brain generated by subcortical volumetric segmentation (aseg);Volume of WM-hypointensities in the whole brain generated by subcortical volumetric segmentation (aseg);Number of HolesBeforeFixing in the left hemisphere generated by subcortical volumetric segmentation (aseg);Area of caudalanteriorcingulate in the left hemisphere generated by parcellation of the white surface using Desikan-Killiany parcellation;Volume of superiorparietal in the left hemisphere generated by parcellation of the white surface using Desikan-Killiany parcellation;Volume of transversetemporal in the left hemisphere generated by parcellation of the white surface using Desikan-Killiany parcellation;Mean thickness of inferiortemporal in the right hemisphere generated by parcellation of the white surface using Desikan-Killiany parcellation;Area of transversetemporal in the left hemisphere generated by parcellation of the pial surface using Desikan-Killiany parcellation;Volume of perirhinal in the left hemisphere generated by parcellation of the white surface using BA_exvivo parcellation;Mean thickness of BA44 in the right hemisphere generated by parcellation of the white surface using BA_exvivo parcellation;Volume of transversetemporal in the left hemisphere generated by parcellation of the white surface using DKT parcellation;Mean thickness of fusiform in the right hemisphere generated by parcellation of the white surface using DKT parcellation;Mean thickness of inferiortemporal in the right hemisphere generated by parcellation of the white surface using DKT parcellation;Area of Lat-Fis-post in the left hemisphere generated by parcellation of the white surface using Destrieux (a2009s) parcellation;Area of S-collat-transv-post in the left hemisphere generated by parcellation of the white surface using Destrieux (a2009s) parcellation;Mean thickness of G-temporal-inf in the left hemisphere generated by parcellation of the white surface using Destrieux (a2009s) parcellation;Mean thickness of S-orbital-lateral in the left hemisphere generated by parcellation of the white surface using Destrieux (a2009s) parcellation;Mean thickness of G-temporal-inf in the right hemisphere generated by parcellation of the white surface using Destrieux (a2009s) parcellation"
"CEACAM22P","Volume of grey matter in Left Superior Temporal Gyrus, posterior division;Volume of grey matter in Left Precuneous Cortex;Volume of grey matter in Left Planum Temporale;Volume of grey matter in Vermis VIIIa Cerebellum;Mean intensity of CC-Posterior in the whole brain generated by subcortical volumetric segmentation (aseg);Volume of WM-hypointensities in the whole brain generated by subcortical volumetric segmentation (aseg);Number of HolesBeforeFixing in the left hemisphere generated by subcortical volumetric segmentation (aseg);Volume of PuM in the left hemisphere generated by subcortical volumetric sub-segmentation of the Thalamic Nuclei;Area of caudalanteriorcingulate in the left hemisphere generated by parcellation of the white surface using Desikan-Killiany parcellation;Volume of superiorparietal in the left hemisphere generated by parcellation of the white surface using Desikan-Killiany parcellation;Volume of transversetemporal in the left hemisphere generated by parcellation of the white surface using Desikan-Killiany parcellation;Mean thickness of inferiortemporal in the right hemisphere generated by parcellation of the white surface using Desikan-Killiany parcellation;Area of transversetemporal in the left hemisphere generated by parcellation of the pial surface using Desikan-Killiany parcellation;Volume of perirhinal in the left hemisphere generated by parcellation of the white surface using BA_exvivo parcellation;Mean thickness of BA44 in the right hemisphere generated by parcellation of the white surface using BA_exvivo parcellation;Volume of transversetemporal in the left hemisphere generated by parcellation of the white surface using DKT parcellation;Mean thickness of fusiform in the right hemisphere generated by parcellation of the white surface using DKT parcellation;Mean thickness of inferiortemporal in the right hemisphere generated by parcellation of the white surface using DKT parcellation;Area of Lat-Fis-post in the left hemisphere generated by parcellation of the white surface using Destrieux (a2009s) parcellation;Area of S-collat-transv-post in the left hemisphere generated by parcellation of the white surface using Destrieux (a2009s) parcellation;Mean thickness of G-temporal-inf in the left hemisphere generated by parcellation of the white surface using Destrieux (a2009s) parcellation;Mean thickness of S-orbital-lateral in the left hemisphere generated by parcellation of the white surface using Destrieux (a2009s) parcellation;Mean thickness of G-temporal-inf in the right hemisphere generated by parcellation of the white surface using Destrieux (a2009s) parcellation"
"CKM","Volume of grey matter in Right Precentral Gyrus;Volume of grey matter in Left Superior Temporal Gyrus, posterior division;Volume of grey matter in Left Planum Temporale;Volume of grey matter in Vermis VIIIa Cerebellum;Mean intensity of CC-Posterior in the whole brain generated by subcortical volumetric segmentation (aseg);Volume of WM-hypointensities in the whole brain generated by subcortical volumetric segmentation (aseg);Mean intensity of Pallidum in the right hemisphere generated by subcortical volumetric segmentation (aseg);Volume of PuM in the left hemisphere generated by subcortical volumetric sub-segmentation of the Thalamic Nuclei;Volume of Pt in the left hemisphere generated by subcortical volumetric sub-segmentation of the Thalamic Nuclei;Volume of L-Sg in the right hemisphere generated by subcortical volumetric sub-segmentation of the Thalamic Nuclei;Volume of VPL in the right hemisphere generated by subcortical volumetric sub-segmentation of the Thalamic Nuclei;Volume of Pt in the right hemisphere generated by subcortical volumetric sub-segmentation of the Thalamic Nuclei;Area of caudalanteriorcingulate in the left hemisphere generated by parcellation of the white surface using Desikan-Killiany parcellation;Area of medialorbitofrontal in the left hemisphere generated by parcellation of the white surface using Desikan-Killiany parcellation;Area of postcentral in the left hemisphere generated by parcellation of the white surface using Desikan-Killiany parcellation;Mean thickness of caudalmiddlefrontal in the left hemisphere generated by parcellation of the white surface using Desikan-Killiany parcellation;Mean thickness of supramarginal in the left hemisphere generated by parcellation of the white surface using Desikan-Killiany parcellation;Volume of superiorparietal in the left hemisphere generated by parcellation of the white surface using Desikan-Killiany parcellation;Volume of transversetemporal in the left hemisphere generated by parcellation of the white surface using Desikan-Killiany parcellation;Area of fusiform in the right hemisphere generated by parcellation of the white surface using Desikan-Killiany parcellation;Area of medialorbitofrontal in the right hemisphere generated by parcellation of the white surface using Desikan-Killiany parcellation;Area of paracentral in the right hemisphere generated by parcellation of the white surface using Desikan-Killiany parcellation;Area of superiorfrontal in the right hemisphere generated by parcellation of the white surface using Desikan-Killiany parcellation;Mean thickness of fusiform in the right hemisphere generated by parcellation of the white surface using Desikan-Killiany parcellation;Mean thickness of isthmuscingulate in the right hemisphere generated by parcellation of the white surface using Desikan-Killiany parcellation;Mean thickness of paracentral in the right hemisphere generated by parcellation of the white surface using Desikan-Killiany parcellation;Mean thickness of parsorbitalis in the right hemisphere generated by parcellation of the white surface using Desikan-Killiany parcellation;Mean thickness of parstriangularis in the right hemisphere generated by parcellation of the white surface using Desikan-Killiany parcellation;Mean thickness of rostralmiddlefrontal in the right hemisphere generated by parcellation of the white surface using Desikan-Killiany parcellation;Volume of lateraloccipital in the right hemisphere generated by parcellation of the white surface using Desikan-Killiany parcellation;Area of transversetemporal in the left hemisphere generated by parcellation of the pial surface using Desikan-Killiany parcellation;Area of TotalSurface in the right hemisphere generated by parcellation of the pial surface using Desikan-Killiany parcellation;Area of BA4p in the left hemisphere generated by parcellation of the white surface using BA_exvivo parcellation;Mean thickness of BA1 in the left hemisphere generated by parcellation of the white surface using BA_exvivo parcellation;Mean thickness of BA44 in the left hemisphere generated by parcellation of the white surface using BA_exvivo parcellation;Mean thickness of BA45 in the left hemisphere generated by parcellation of the white surface using BA_exvivo parcellation;Mean thickness of BA6 in the right hemisphere generated by parcellation of the white surface using BA_exvivo parcellation;Mean thickness of BA44 in the right hemisphere generated by parcellation of the white surface using BA_exvivo parcellation;Mean thickness of BA45 in the right hemisphere generated by parcellation of the white surface using BA_exvivo parcellation;Area of postcentral in the left hemisphere generated by parcellation of the white surface using DKT parcellation;Area of rostralanteriorcingulate in the left hemisphere generated by parcellation of the white surface using DKT parcellation;Area of rostralmiddlefrontal in the left hemisphere generated by parcellation of the white surface using DKT parcellation;Mean thickness of caudalmiddlefrontal in the left hemisphere generated by parcellation of the white surface using DKT parcellation;Mean thickness of supramarginal in the left hemisphere generated by parcellation of the white surface using DKT parcellation;Volume of transversetemporal in the left hemisphere generated by parcellation of the white surface using DKT parcellation;Area of medialorbitofrontal in the right hemisphere generated by parcellation of the white surface using DKT parcellation;Area of paracentral in the right hemisphere generated by parcellation of the white surface using DKT parcellation;Area of superiorfrontal in the right hemisphere generated by parcellation of the white surface using DKT parcellation;Mean thickness of fusiform in the right hemisphere generated by parcellation of the white surface using DKT parcellation;Mean thickness of paracentral in the right hemisphere generated by parcellation of the white surface using DKT parcellation;Mean thickness of parsopercularis in the right hemisphere generated by parcellation of the white surface using DKT parcellation;Mean thickness of parsorbitalis in the right hemisphere generated by parcellation of the white surface using DKT parcellation;Mean thickness of parstriangularis in the right hemisphere generated by parcellation of the white surface using DKT parcellation;Mean thickness of rostralmiddlefrontal in the right hemisphere generated by parcellation of the white surface using DKT parcellation;Volume of lateraloccipital in the right hemisphere generated by parcellation of the white surface using DKT parcellation;Area of G+S-cingul-Mid-Ant in the left hemisphere generated by parcellation of the white surface using Destrieux (a2009s) parcellation;Area of G-front-middle in the left hemisphere generated by parcellation of the white surface using Destrieux (a2009s) parcellation;Area of G-Ins-lg+S-cent-ins in the left hemisphere generated by parcellation of the white surface using Destrieux (a2009s) parcellation;Area of G-postcentral in the left hemisphere generated by parcellation of the white surface using Destrieux (a2009s) parcellation;Area of Lat-Fis-post in the left hemisphere generated by parcellation of the white surface using Destrieux (a2009s) parcellation;Area of S-front-middle in the left hemisphere generated by parcellation of the white surface using Destrieux (a2009s) parcellation;Mean thickness of G+S-cingul-Ant in the left hemisphere generated by parcellation of the white surface using Destrieux (a2009s) parcellation;Mean thickness of G-pariet-inf-Supramar in the left hemisphere generated by parcellation of the white surface using Destrieux (a2009s) parcellation;Mean thickness of S-circular-insula-sup in the left hemisphere generated by parcellation of the white surface using Destrieux (a2009s) parcellation;Mean thickness of S-front-inf in the left hemisphere generated by parcellation of the white surface using Destrieux (a2009s) parcellation;Mean thickness of S-front-middle in the left hemisphere generated by parcellation of the white surface using Destrieux (a2009s) parcellation;Volume of G-Ins-lg+S-cent-ins in the left hemisphere generated by parcellation of the white surface using Destrieux (a2009s) parcellation;Volume of S-intrapariet+P-trans in the left hemisphere generated by parcellation of the white surface using Destrieux (a2009s) parcellation;Area of G-front-sup in the right hemisphere generated by parcellation of the white surface using Destrieux (a2009s) parcellation;Area of G-temp-sup-Lateral in the right hemisphere generated by parcellation of the white surface using Destrieux (a2009s) parcellation;Area of S-circular-insula-inf in the right hemisphere generated by parcellation of the white surface using Destrieux (a2009s) parcellation;Mean thickness of G+S-transv-frontopol in the right hemisphere generated by parcellation of the white surface using Destrieux (a2009s) parcellation;Mean thickness of G-front-inf-Opercular in the right hemisphere generated by parcellation of the white surface using Destrieux (a2009s) parcellation;Mean thickness of G-front-inf-Orbital in the right hemisphere generated by parcellation of the white surface using Destrieux (a2009s) parcellation;Mean thickness of G-front-middle in the right hemisphere generated by parcellation of the white surface using Destrieux (a2009s) parcellation;Mean thickness of G-front-sup in the right hemisphere generated by parcellation of the white surface using Destrieux (a2009s) parcellation;Mean thickness of G-pariet-inf-Supramar in the right hemisphere generated by parcellation of the white surface using Destrieux (a2009s) parcellation;Mean thickness of S-front-inf in the right hemisphere generated by parcellation of the white surface using Destrieux (a2009s) parcellation;Mean thickness of S-front-middle in the right hemisphere generated by parcellation of the white surface using Destrieux (a2009s) parcellation"
"CLASRP","Volume of grey matter in Left Superior Temporal Gyrus, posterior division;Volume of grey matter in Left Planum Temporale;Volume of grey matter in Vermis VIIIa Cerebellum;Mean intensity of CC-Posterior in the whole brain generated by subcortical volumetric segmentation (aseg);Volume of WM-hypointensities in the whole brain generated by subcortical volumetric segmentation (aseg);Number of HolesBeforeFixing in the left hemisphere generated by subcortical volumetric segmentation (aseg);Volume of PuM in the left hemisphere generated by subcortical volumetric sub-segmentation of the Thalamic Nuclei;Volume of Pt in the left hemisphere generated by subcortical volumetric sub-segmentation of the Thalamic Nuclei;Area of caudalanteriorcingulate in the left hemisphere generated by parcellation of the white surface using Desikan-Killiany parcellation;Volume of superiorparietal in the left hemisphere generated by parcellation of the white surface using Desikan-Killiany parcellation;Volume of transversetemporal in the left hemisphere generated by parcellation of the white surface using Desikan-Killiany parcellation;Volume of lateraloccipital in the right hemisphere generated by parcellation of the white surface using Desikan-Killiany parcellation;Area of transversetemporal in the left hemisphere generated by parcellation of the pial surface using Desikan-Killiany parcellation;Volume of perirhinal in the left hemisphere generated by parcellation of the white surface using BA_exvivo parcellation;Mean thickness of BA44 in the right hemisphere generated by parcellation of the white surface using BA_exvivo parcellation;Area of rostralmiddlefrontal in the left hemisphere generated by parcellation of the white surface using DKT parcellation;Volume of transversetemporal in the left hemisphere generated by parcellation of the white surface using DKT parcellation;Volume of lateraloccipital in the right hemisphere generated by parcellation of the white surface using DKT parcellation;Area of G-front-middle in the left hemisphere generated by parcellation of the white surface using Destrieux (a2009s) parcellation;Area of G-Ins-lg+S-cent-ins in the left hemisphere generated by parcellation of the white surface using Destrieux (a2009s) parcellation;Area of Lat-Fis-post in the left hemisphere generated by parcellation of the white surface using Destrieux (a2009s) parcellation;Mean thickness of G-temporal-inf in the left hemisphere generated by parcellation of the white surface using Destrieux (a2009s) parcellation;Mean thickness of S-front-middle in the left hemisphere generated by parcellation of the white surface using Destrieux (a2009s) parcellation;Volume of G-Ins-lg+S-cent-ins in the left hemisphere generated by parcellation of the white surface using Destrieux (a2009s) parcellation;Volume of S-intrapariet+P-trans in the left hemisphere generated by parcellation of the white surface using Destrieux (a2009s) parcellation;Mean thickness of G+S-transv-frontopol in the right hemisphere generated by parcellation of the white surface using Destrieux (a2009s) parcellation"
"CLPTM1","Volume of grey matter in Left Superior Temporal Gyrus, posterior division;Volume of grey matter in Left Precuneous Cortex;Volume of grey matter in Left Planum Temporale;Volume of grey matter in Vermis VIIIa Cerebellum;Mean intensity of CC-Posterior in the whole brain generated by subcortical volumetric segmentation (aseg);Volume of WM-hypointensities in the whole brain generated by subcortical volumetric segmentation (aseg);Number of HolesBeforeFixing in the left hemisphere generated by subcortical volumetric segmentation (aseg);Volume of PuM in the left hemisphere generated by subcortical volumetric sub-segmentation of the Thalamic Nuclei;Volume of Pt in the left hemisphere generated by subcortical volumetric sub-segmentation of the Thalamic Nuclei;Area of caudalanteriorcingulate in the left hemisphere generated by parcellation of the white surface using Desikan-Killiany parcellation;Volume of superiorparietal in the left hemisphere generated by parcellation of the white surface using Desikan-Killiany parcellation;Volume of transversetemporal in the left hemisphere generated by parcellation of the white surface using Desikan-Killiany parcellation;Mean thickness of inferiortemporal in the right hemisphere generated by parcellation of the white surface using Desikan-Killiany parcellation;Volume of lateraloccipital in the right hemisphere generated by parcellation of the white surface using Desikan-Killiany parcellation;Area of transversetemporal in the left hemisphere generated by parcellation of the pial surface using Desikan-Killiany parcellation;Volume of perirhinal in the left hemisphere generated by parcellation of the white surface using BA_exvivo parcellation;Mean thickness of BA44 in the right hemisphere generated by parcellation of the white surface using BA_exvivo parcellation;Area of rostralmiddlefrontal in the left hemisphere generated by parcellation of the white surface using DKT parcellation;Volume of transversetemporal in the left hemisphere generated by parcellation of the white surface using DKT parcellation;Mean thickness of fusiform in the right hemisphere generated by parcellation of the white surface using DKT parcellation;Mean thickness of inferiortemporal in the right hemisphere generated by parcellation of the white surface using DKT parcellation;Volume of lateraloccipital in the right hemisphere generated by parcellation of the white surface using DKT parcellation;Area of G-front-middle in the left hemisphere generated by parcellation of the white surface using Destrieux (a2009s) parcellation;Area of G-Ins-lg+S-cent-ins in the left hemisphere generated by parcellation of the white surface using Destrieux (a2009s) parcellation;Area of Lat-Fis-post in the left hemisphere generated by parcellation of the white surface using Destrieux (a2009s) parcellation;Mean thickness of G-temporal-inf in the left hemisphere generated by parcellation of the white surface using Destrieux (a2009s) parcellation;Mean thickness of S-front-middle in the left hemisphere generated by parcellation of the white surface using Destrieux (a2009s) parcellation;Volume of G-Ins-lg+S-cent-ins in the left hemisphere generated by parcellation of the white surface using Destrieux (a2009s) parcellation;Volume of S-intrapariet+P-trans in the left hemisphere generated by parcellation of the white surface using Destrieux (a2009s) parcellation;Mean thickness of G+S-transv-frontopol in the right hemisphere generated by parcellation of the white surface using Destrieux (a2009s) parcellation;Mean thickness of G-temporal-inf in the right hemisphere generated by parcellation of the white surface using Destrieux (a2009s) parcellation"
"DKFZp434J0226","Volume of grey matter in Right Precentral Gyrus;Mean intensity of CC-Anterior in the whole brain generated by subcortical volumetric segmentation (aseg);Mean intensity of Pallidum in the right hemisphere generated by subcortical volumetric segmentation (aseg);Volume of L-Sg in the right hemisphere generated by subcortical volumetric sub-segmentation of the Thalamic Nuclei;Volume of VPL in the right hemisphere generated by subcortical volumetric sub-segmentation of the Thalamic Nuclei;Volume of Pt in the right hemisphere generated by subcortical volumetric sub-segmentation of the Thalamic Nuclei;Area of insula in the left hemisphere generated by parcellation of the white surface using Desikan-Killiany parcellation;Mean thickness of isthmuscingulate in the right hemisphere generated by parcellation of the white surface using Desikan-Killiany parcellation;Volume of fusiform in the right hemisphere generated by parcellation of the white surface using Desikan-Killiany parcellation;Volume of insula in the right hemisphere generated by parcellation of the white surface using Desikan-Killiany parcellation;Area of fusiform in the right hemisphere generated by parcellation of the pial surface using Desikan-Killiany parcellation;Grey-white contrast in inferiortemporal in the right hemisphere calculated as a percentage of the mean gray-white matter intensity from Desikan-Killiany parcellation;Grey-white contrast in transversetemporal in the right hemisphere calculated as a percentage of the mean gray-white matter intensity from Desikan-Killiany parcellation;Volume of BA4p in the left hemisphere generated by parcellation of the white surface using BA_exvivo parcellation;Area of insula in the left hemisphere generated by parcellation of the white surface using DKT parcellation;Area of transversetemporal in the right hemisphere generated by parcellation of the white surface using DKT parcellation;Volume of fusiform in the right hemisphere generated by parcellation of the white surface using DKT parcellation;Volume of insula in the right hemisphere generated by parcellation of the white surface using DKT parcellation;Mean thickness of G+S-cingul-Mid-Post in the left hemisphere generated by parcellation of the white surface using Destrieux (a2009s) parcellation"
"ERCC2","Volume of grey matter in Right Precentral Gyrus;Volume of grey matter in Left Superior Temporal Gyrus, posterior division;Volume of grey matter in Left Planum Temporale;Volume of grey matter in Vermis VIIIa Cerebellum;Mean intensity of Pallidum in the right hemisphere generated by subcortical volumetric segmentation (aseg);Volume of PuM in the left hemisphere generated by subcortical volumetric sub-segmentation of the Thalamic Nuclei;Volume of Pt in the left hemisphere generated by subcortical volumetric sub-segmentation of the Thalamic Nuclei;Volume of L-Sg in the right hemisphere generated by subcortical volumetric sub-segmentation of the Thalamic Nuclei;Volume of VPL in the right hemisphere generated by subcortical volumetric sub-segmentation of the Thalamic Nuclei;Volume of Pt in the right hemisphere generated by subcortical volumetric sub-segmentation of the Thalamic Nuclei;Area of medialorbitofrontal in the left hemisphere generated by parcellation of the white surface using Desikan-Killiany parcellation;Area of postcentral in the left hemisphere generated by parcellation of the white surface using Desikan-Killiany parcellation;Mean thickness of caudalmiddlefrontal in the left hemisphere generated by parcellation of the white surface using Desikan-Killiany parcellation;Mean thickness of supramarginal in the left hemisphere generated by parcellation of the white surface using Desikan-Killiany parcellation;Volume of superiorparietal in the left hemisphere generated by parcellation of the white surface using Desikan-Killiany parcellation;Volume of transversetemporal in the left hemisphere generated by parcellation of the white surface using Desikan-Killiany parcellation;Area of fusiform in the right hemisphere generated by parcellation of the white surface using Desikan-Killiany parcellation;Area of medialorbitofrontal in the right hemisphere generated by parcellation of the white surface using Desikan-Killiany parcellation;Area of paracentral in the right hemisphere generated by parcellation of the white surface using Desikan-Killiany parcellation;Area of superiorfrontal in the right hemisphere generated by parcellation of the white surface using Desikan-Killiany parcellation;Mean thickness of fusiform in the right hemisphere generated by parcellation of the white surface using Desikan-Killiany parcellation;Mean thickness of isthmuscingulate in the right hemisphere generated by parcellation of the white surface using Desikan-Killiany parcellation;Mean thickness of paracentral in the right hemisphere generated by parcellation of the white surface using Desikan-Killiany parcellation;Mean thickness of parsorbitalis in the right hemisphere generated by parcellation of the white surface using Desikan-Killiany parcellation;Mean thickness of parstriangularis in the right hemisphere generated by parcellation of the white surface using Desikan-Killiany parcellation;Mean thickness of rostralmiddlefrontal in the right hemisphere generated by parcellation of the white surface using Desikan-Killiany parcellation;Volume of lateraloccipital in the right hemisphere generated by parcellation of the white surface using Desikan-Killiany parcellation;Area of transversetemporal in the left hemisphere generated by parcellation of the pial surface using Desikan-Killiany parcellation;Area of TotalSurface in the right hemisphere generated by parcellation of the pial surface using Desikan-Killiany parcellation;Area of BA4p in the left hemisphere generated by parcellation of the white surface using BA_exvivo parcellation;Mean thickness of BA1 in the left hemisphere generated by parcellation of the white surface using BA_exvivo parcellation;Mean thickness of BA44 in the left hemisphere generated by parcellation of the white surface using BA_exvivo parcellation;Mean thickness of BA45 in the left hemisphere generated by parcellation of the white surface using BA_exvivo parcellation;Mean thickness of BA6 in the right hemisphere generated by parcellation of the white surface using BA_exvivo parcellation;Mean thickness of BA44 in the right hemisphere generated by parcellation of the white surface using BA_exvivo parcellation;Mean thickness of BA45 in the right hemisphere generated by parcellation of the white surface using BA_exvivo parcellation;Area of postcentral in the left hemisphere generated by parcellation of the white surface using DKT parcellation;Area of rostralanteriorcingulate in the left hemisphere generated by parcellation of the white surface using DKT parcellation;Area of rostralmiddlefrontal in the left hemisphere generated by parcellation of the white surface using DKT parcellation;Mean thickness of caudalmiddlefrontal in the left hemisphere generated by parcellation of the white surface using DKT parcellation;Mean thickness of supramarginal in the left hemisphere generated by parcellation of the white surface using DKT parcellation;Volume of transversetemporal in the left hemisphere generated by parcellation of the white surface using DKT parcellation;Area of medialorbitofrontal in the right hemisphere generated by parcellation of the white surface using DKT parcellation;Area of paracentral in the right hemisphere generated by parcellation of the white surface using DKT parcellation;Area of superiorfrontal in the right hemisphere generated by parcellation of the white surface using DKT parcellation;Area of transversetemporal in the right hemisphere generated by parcellation of the white surface using DKT parcellation;Mean thickness of fusiform in the right hemisphere generated by parcellation of the white surface using DKT parcellation;Mean thickness of paracentral in the right hemisphere generated by parcellation of the white surface using DKT parcellation;Mean thickness of parsopercularis in the right hemisphere generated by parcellation of the white surface using DKT parcellation;Mean thickness of parsorbitalis in the right hemisphere generated by parcellation of the white surface using DKT parcellation;Mean thickness of parstriangularis in the right hemisphere generated by parcellation of the white surface using DKT parcellation;Mean thickness of rostralmiddlefrontal in the right hemisphere generated by parcellation of the white surface using DKT parcellation;Volume of lateraloccipital in the right hemisphere generated by parcellation of the white surface using DKT parcellation;Area of G+S-cingul-Mid-Ant in the left hemisphere generated by parcellation of the white surface using Destrieux (a2009s) parcellation;Area of G-front-middle in the left hemisphere generated by parcellation of the white surface using Destrieux (a2009s) parcellation;Area of G-Ins-lg+S-cent-ins in the left hemisphere generated by parcellation of the white surface using Destrieux (a2009s) parcellation;Area of G-postcentral in the left hemisphere generated by parcellation of the white surface using Destrieux (a2009s) parcellation;Area of Lat-Fis-post in the left hemisphere generated by parcellation of the white surface using Destrieux (a2009s) parcellation;Area of S-front-middle in the left hemisphere generated by parcellation of the white surface using Destrieux (a2009s) parcellation;Mean thickness of G+S-cingul-Ant in the left hemisphere generated by parcellation of the white surface using Destrieux (a2009s) parcellation;Mean thickness of G-pariet-inf-Supramar in the left hemisphere generated by parcellation of the white surface using Destrieux (a2009s) parcellation;Mean thickness of S-circular-insula-sup in the left hemisphere generated by parcellation of the white surface using Destrieux (a2009s) parcellation;Mean thickness of S-front-inf in the left hemisphere generated by parcellation of the white surface using Destrieux (a2009s) parcellation;Mean thickness of S-front-middle in the left hemisphere generated by parcellation of the white surface using Destrieux (a2009s) parcellation;Volume of G-Ins-lg+S-cent-ins in the left hemisphere generated by parcellation of the white surface using Destrieux (a2009s) parcellation;Volume of S-intrapariet+P-trans in the left hemisphere generated by parcellation of the white surface using Destrieux (a2009s) parcellation;Area of G-front-sup in the right hemisphere generated by parcellation of the white surface using Destrieux (a2009s) parcellation;Area of G-temp-sup-Lateral in the right hemisphere generated by parcellation of the white surface using Destrieux (a2009s) parcellation;Area of S-circular-insula-inf in the right hemisphere generated by parcellation of the white surface using Destrieux (a2009s) parcellation;Mean thickness of G+S-transv-frontopol in the right hemisphere generated by parcellation of the white surface using Destrieux (a2009s) parcellation;Mean thickness of G-front-inf-Opercular in the right hemisphere generated by parcellation of the white surface using Destrieux (a2009s) parcellation;Mean thickness of G-front-inf-Orbital in the right hemisphere generated by parcellation of the white surface using Destrieux (a2009s) parcellation;Mean thickness of G-front-middle in the right hemisphere generated by parcellation of the white surface using Destrieux (a2009s) parcellation;Mean thickness of G-front-sup in the right hemisphere generated by parcellation of the white surface using Destrieux (a2009s) parcellation;Mean thickness of G-pariet-inf-Supramar in the right hemisphere generated by parcellation of the white surface using Destrieux (a2009s) parcellation;Mean thickness of S-front-inf in the right hemisphere generated by parcellation of the white surface using Destrieux (a2009s) parcellation;Mean thickness of S-front-middle in the right hemisphere generated by parcellation of the white surface using Destrieux (a2009s) parcellation"
"EXOC3L2","Volume of grey matter in Right Precentral Gyrus;Volume of grey matter in Left Superior Temporal Gyrus, posterior division;Volume of grey matter in Left Planum Temporale;Volume of grey matter in Vermis VIIIa Cerebellum;Mean intensity of CC-Posterior in the whole brain generated by subcortical volumetric segmentation (aseg);Volume of WM-hypointensities in the whole brain generated by subcortical volumetric segmentation (aseg);Number of HolesBeforeFixing in the left hemisphere generated by subcortical volumetric segmentation (aseg);Mean intensity of Pallidum in the right hemisphere generated by subcortical volumetric segmentation (aseg);Volume of PuM in the left hemisphere generated by subcortical volumetric sub-segmentation of the Thalamic Nuclei;Volume of Pt in the left hemisphere generated by subcortical volumetric sub-segmentation of the Thalamic Nuclei;Area of caudalanteriorcingulate in the left hemisphere generated by parcellation of the white surface using Desikan-Killiany parcellation;Area of medialorbitofrontal in the left hemisphere generated by parcellation of the white surface using Desikan-Killiany parcellation;Area of postcentral in the left hemisphere generated by parcellation of the white surface using Desikan-Killiany parcellation;Mean thickness of caudalmiddlefrontal in the left hemisphere generated by parcellation of the white surface using Desikan-Killiany parcellation;Mean thickness of supramarginal in the left hemisphere generated by parcellation of the white surface using Desikan-Killiany parcellation;Volume of superiorparietal in the left hemisphere generated by parcellation of the white surface using Desikan-Killiany parcellation;Volume of transversetemporal in the left hemisphere generated by parcellation of the white surface using Desikan-Killiany parcellation;Area of fusiform in the right hemisphere generated by parcellation of the white surface using Desikan-Killiany parcellation;Area of medialorbitofrontal in the right hemisphere generated by parcellation of the white surface using Desikan-Killiany parcellation;Area of paracentral in the right hemisphere generated by parcellation of the white surface using Desikan-Killiany parcellation;Area of superiorfrontal in the right hemisphere generated by parcellation of the white surface using Desikan-Killiany parcellation;Mean thickness of fusiform in the right hemisphere generated by parcellation of the white surface using Desikan-Killiany parcellation;Mean thickness of isthmuscingulate in the right hemisphere generated by parcellation of the white surface using Desikan-Killiany parcellation;Mean thickness of paracentral in the right hemisphere generated by parcellation of the white surface using Desikan-Killiany parcellation;Mean thickness of parsorbitalis in the right hemisphere generated by parcellation of the white surface using Desikan-Killiany parcellation;Mean thickness of parstriangularis in the right hemisphere generated by parcellation of the white surface using Desikan-Killiany parcellation;Mean thickness of rostralmiddlefrontal in the right hemisphere generated by parcellation of the white surface using Desikan-Killiany parcellation;Volume of lateraloccipital in the right hemisphere generated by parcellation of the white surface using Desikan-Killiany parcellation;Area of transversetemporal in the left hemisphere generated by parcellation of the pial surface using Desikan-Killiany parcellation;Area of TotalSurface in the right hemisphere generated by parcellation of the pial surface using Desikan-Killiany parcellation;Area of BA4p in the left hemisphere generated by parcellation of the white surface using BA_exvivo parcellation;Mean thickness of BA1 in the left hemisphere generated by parcellation of the white surface using BA_exvivo parcellation;Mean thickness of BA44 in the left hemisphere generated by parcellation of the white surface using BA_exvivo parcellation;Mean thickness of BA45 in the left hemisphere generated by parcellation of the white surface using BA_exvivo parcellation;Mean thickness of BA6 in the right hemisphere generated by parcellation of the white surface using BA_exvivo parcellation;Mean thickness of BA44 in the right hemisphere generated by parcellation of the white surface using BA_exvivo parcellation;Mean thickness of BA45 in the right hemisphere generated by parcellation of the white surface using BA_exvivo parcellation;Area of postcentral in the left hemisphere generated by parcellation of the white surface using DKT parcellation;Area of rostralanteriorcingulate in the left hemisphere generated by parcellation of the white surface using DKT parcellation;Area of rostralmiddlefrontal in the left hemisphere generated by parcellation of the white surface using DKT parcellation;Mean thickness of caudalmiddlefrontal in the left hemisphere generated by parcellation of the white surface using DKT parcellation;Mean thickness of supramarginal in the left hemisphere generated by parcellation of the white surface using DKT parcellation;Volume of transversetemporal in the left hemisphere generated by parcellation of the white surface using DKT parcellation;Area of medialorbitofrontal in the right hemisphere generated by parcellation of the white surface using DKT parcellation;Area of paracentral in the right hemisphere generated by parcellation of the white surface using DKT parcellation;Area of superiorfrontal in the right hemisphere generated by parcellation of the white surface using DKT parcellation;Mean thickness of fusiform in the right hemisphere generated by parcellation of the white surface using DKT parcellation;Mean thickness of paracentral in the right hemisphere generated by parcellation of the white surface using DKT parcellation;Mean thickness of parsopercularis in the right hemisphere generated by parcellation of the white surface using DKT parcellation;Mean thickness of parsorbitalis in the right hemisphere generated by parcellation of the white surface using DKT parcellation;Mean thickness of parstriangularis in the right hemisphere generated by parcellation of the white surface using DKT parcellation;Mean thickness of rostralmiddlefrontal in the right hemisphere generated by parcellation of the white surface using DKT parcellation;Volume of lateraloccipital in the right hemisphere generated by parcellation of the white surface using DKT parcellation;Area of G+S-cingul-Mid-Ant in the left hemisphere generated by parcellation of the white surface using Destrieux (a2009s) parcellation;Area of G-front-middle in the left hemisphere generated by parcellation of the white surface using Destrieux (a2009s) parcellation;Area of G-Ins-lg+S-cent-ins in the left hemisphere generated by parcellation of the white surface using Destrieux (a2009s) parcellation;Area of G-postcentral in the left hemisphere generated by parcellation of the white surface using Destrieux (a2009s) parcellation;Area of Lat-Fis-post in the left hemisphere generated by parcellation of the white surface using Destrieux (a2009s) parcellation;Area of S-front-middle in the left hemisphere generated by parcellation of the white surface using Destrieux (a2009s) parcellation;Mean thickness of G+S-cingul-Ant in the left hemisphere generated by parcellation of the white surface using Destrieux (a2009s) parcellation;Mean thickness of G-pariet-inf-Supramar in the left hemisphere generated by parcellation of the white surface using Destrieux (a2009s) parcellation;Mean thickness of S-circular-insula-sup in the left hemisphere generated by parcellation of the white surface using Destrieux (a2009s) parcellation;Mean thickness of S-front-inf in the left hemisphere generated by parcellation of the white surface using Destrieux (a2009s) parcellation;Mean thickness of S-front-middle in the left hemisphere generated by parcellation of the white surface using Destrieux (a2009s) parcellation;Volume of G-Ins-lg+S-cent-ins in the left hemisphere generated by parcellation of the white surface using Destrieux (a2009s) parcellation;Volume of S-intrapariet+P-trans in the left hemisphere generated by parcellation of the white surface using Destrieux (a2009s) parcellation;Area of G-front-sup in the right hemisphere generated by parcellation of the white surface using Destrieux (a2009s) parcellation;Area of G-temp-sup-Lateral in the right hemisphere generated by parcellation of the white surface using Destrieux (a2009s) parcellation;Area of S-circular-insula-inf in the right hemisphere generated by parcellation of the white surface using Destrieux (a2009s) parcellation;Mean thickness of G+S-transv-frontopol in the right hemisphere generated by parcellation of the white surface using Destrieux (a2009s) parcellation;Mean thickness of G-front-inf-Opercular in the right hemisphere generated by parcellation of the white surface using Destrieux (a2009s) parcellation;Mean thickness of G-front-inf-Orbital in the right hemisphere generated by parcellation of the white surface using Destrieux (a2009s) parcellation;Mean thickness of G-front-middle in the right hemisphere generated by parcellation of the white surface using Destrieux (a2009s) parcellation;Mean thickness of G-front-sup in the right hemisphere generated by parcellation of the white surface using Destrieux (a2009s) parcellation;Mean thickness of G-pariet-inf-Supramar in the right hemisphere generated by parcellation of the white surface using Destrieux (a2009s) parcellation;Mean thickness of S-front-inf in the right hemisphere generated by parcellation of the white surface using Destrieux (a2009s) parcellation;Mean thickness of S-front-middle in the right hemisphere generated by parcellation of the white surface using Destrieux (a2009s) parcellation"
"GEMIN7","Volume of grey matter in Left Superior Temporal Gyrus, posterior division;Volume of grey matter in Left Planum Temporale;Volume of grey matter in Vermis VIIIa Cerebellum;Mean intensity of CC-Posterior in the whole brain generated by subcortical volumetric segmentation (aseg);Volume of WM-hypointensities in the whole brain generated by subcortical volumetric segmentation (aseg);Number of HolesBeforeFixing in the left hemisphere generated by subcortical volumetric segmentation (aseg);Volume of PuM in the left hemisphere generated by subcortical volumetric sub-segmentation of the Thalamic Nuclei;Volume of Pt in the left hemisphere generated by subcortical volumetric sub-segmentation of the Thalamic Nuclei;Area of caudalanteriorcingulate in the left hemisphere generated by parcellation of the white surface using Desikan-Killiany parcellation;Volume of superiorparietal in the left hemisphere generated by parcellation of the white surface using Desikan-Killiany parcellation;Volume of transversetemporal in the left hemisphere generated by parcellation of the white surface using Desikan-Killiany parcellation;Volume of lateraloccipital in the right hemisphere generated by parcellation of the white surface using Desikan-Killiany parcellation;Area of transversetemporal in the left hemisphere generated by parcellation of the pial surface using Desikan-Killiany parcellation;Volume of perirhinal in the left hemisphere generated by parcellation of the white surface using BA_exvivo parcellation;Mean thickness of BA44 in the right hemisphere generated by parcellation of the white surface using BA_exvivo parcellation;Area of rostralmiddlefrontal in the left hemisphere generated by parcellation of the white surface using DKT parcellation;Volume of transversetemporal in the left hemisphere generated by parcellation of the white surface using DKT parcellation;Volume of lateraloccipital in the right hemisphere generated by parcellation of the white surface using DKT parcellation;Area of G-front-middle in the left hemisphere generated by parcellation of the white surface using Destrieux (a2009s) parcellation;Area of G-Ins-lg+S-cent-ins in the left hemisphere generated by parcellation of the white surface using Destrieux (a2009s) parcellation;Area of Lat-Fis-post in the left hemisphere generated by parcellation of the white surface using Destrieux (a2009s) parcellation;Mean thickness of G-temporal-inf in the left hemisphere generated by parcellation of the white surface using Destrieux (a2009s) parcellation;Mean thickness of S-front-middle in the left hemisphere generated by parcellation of the white surface using Destrieux (a2009s) parcellation;Volume of G-Ins-lg+S-cent-ins in the left hemisphere generated by parcellation of the white surface using Destrieux (a2009s) parcellation;Volume of S-intrapariet+P-trans in the left hemisphere generated by parcellation of the white surface using Destrieux (a2009s) parcellation;Mean thickness of G+S-transv-frontopol in the right hemisphere generated by parcellation of the white surface using Destrieux (a2009s) parcellation"
"IGFL2","Volume of grey matter in Right Precentral Gyrus;Mean intensity of CC-Anterior in the whole brain generated by subcortical volumetric segmentation (aseg);Mean intensity of Pallidum in the right hemisphere generated by subcortical volumetric segmentation (aseg);Volume of L-Sg in the right hemisphere generated by subcortical volumetric sub-segmentation of the Thalamic Nuclei;Volume of VPL in the right hemisphere generated by subcortical volumetric sub-segmentation of the Thalamic Nuclei;Volume of Pt in the right hemisphere generated by subcortical volumetric sub-segmentation of the Thalamic Nuclei;Area of insula in the left hemisphere generated by parcellation of the white surface using Desikan-Killiany parcellation;Mean thickness of isthmuscingulate in the right hemisphere generated by parcellation of the white surface using Desikan-Killiany parcellation;Volume of fusiform in the right hemisphere generated by parcellation of the white surface using Desikan-Killiany parcellation;Volume of insula in the right hemisphere generated by parcellation of the white surface using Desikan-Killiany parcellation;Area of fusiform in the right hemisphere generated by parcellation of the pial surface using Desikan-Killiany parcellation;Grey-white contrast in inferiortemporal in the right hemisphere calculated as a percentage of the mean gray-white matter intensity from Desikan-Killiany parcellation;Grey-white contrast in transversetemporal in the right hemisphere calculated as a percentage of the mean gray-white matter intensity from Desikan-Killiany parcellation;Area of insula in the left hemisphere generated by parcellation of the white surface using DKT parcellation;Area of transversetemporal in the right hemisphere generated by parcellation of the white surface using DKT parcellation;Volume of fusiform in the right hemisphere generated by parcellation of the white surface using DKT parcellation;Volume of insula in the right hemisphere generated by parcellation of the white surface using DKT parcellation;Mean thickness of G+S-cingul-Mid-Post in the left hemisphere generated by parcellation of the white surface using Destrieux (a2009s) parcellation"
"IGSF23","Volume of grey matter in Left Superior Temporal Gyrus, posterior division;Volume of grey matter in Left Precuneous Cortex;Volume of grey matter in Left Planum Temporale;Volume of grey matter in Vermis VIIIa Cerebellum;Mean intensity of CC-Posterior in the whole brain generated by subcortical volumetric segmentation (aseg);Volume of WM-hypointensities in the whole brain generated by subcortical volumetric segmentation (aseg);Number of HolesBeforeFixing in the left hemisphere generated by subcortical volumetric segmentation (aseg);Volume of PuM in the left hemisphere generated by subcortical volumetric sub-segmentation of the Thalamic Nuclei;Area of caudalanteriorcingulate in the left hemisphere generated by parcellation of the white surface using Desikan-Killiany parcellation;Volume of superiorparietal in the left hemisphere generated by parcellation of the white surface using Desikan-Killiany parcellation;Volume of transversetemporal in the left hemisphere generated by parcellation of the white surface using Desikan-Killiany parcellation;Mean thickness of inferiortemporal in the right hemisphere generated by parcellation of the white surface using Desikan-Killiany parcellation;Area of transversetemporal in the left hemisphere generated by parcellation of the pial surface using Desikan-Killiany parcellation;Volume of perirhinal in the left hemisphere generated by parcellation of the white surface using BA_exvivo parcellation;Mean thickness of BA44 in the right hemisphere generated by parcellation of the white surface using BA_exvivo parcellation;Volume of transversetemporal in the left hemisphere generated by parcellation of the white surface using DKT parcellation;Mean thickness of fusiform in the right hemisphere generated by parcellation of the white surface using DKT parcellation;Mean thickness of inferiortemporal in the right hemisphere generated by parcellation of the white surface using DKT parcellation;Area of Lat-Fis-post in the left hemisphere generated by parcellation of the white surface using Destrieux (a2009s) parcellation;Area of S-collat-transv-post in the left hemisphere generated by parcellation of the white surface using Destrieux (a2009s) parcellation;Mean thickness of G-temporal-inf in the left hemisphere generated by parcellation of the white surface using Destrieux (a2009s) parcellation;Mean thickness of S-orbital-lateral in the left hemisphere generated by parcellation of the white surface using Destrieux (a2009s) parcellation;Mean thickness of G-temporal-inf in the right hemisphere generated by parcellation of the white surface using Destrieux (a2009s) parcellation"
"KLC3","Volume of grey matter in Right Precentral Gyrus;Volume of grey matter in Left Superior Temporal Gyrus, posterior division;Volume of grey matter in Left Planum Temporale;Volume of grey matter in Vermis VIIIa Cerebellum;Mean intensity of Pallidum in the right hemisphere generated by subcortical volumetric segmentation (aseg);Volume of PuM in the left hemisphere generated by subcortical volumetric sub-segmentation of the Thalamic Nuclei;Volume of Pt in the left hemisphere generated by subcortical volumetric sub-segmentation of the Thalamic Nuclei;Volume of L-Sg in the right hemisphere generated by subcortical volumetric sub-segmentation of the Thalamic Nuclei;Volume of VPL in the right hemisphere generated by subcortical volumetric sub-segmentation of the Thalamic Nuclei;Volume of Pt in the right hemisphere generated by subcortical volumetric sub-segmentation of the Thalamic Nuclei;Area of medialorbitofrontal in the left hemisphere generated by parcellation of the white surface using Desikan-Killiany parcellation;Area of postcentral in the left hemisphere generated by parcellation of the white surface using Desikan-Killiany parcellation;Mean thickness of caudalmiddlefrontal in the left hemisphere generated by parcellation of the white surface using Desikan-Killiany parcellation;Mean thickness of supramarginal in the left hemisphere generated by parcellation of the white surface using Desikan-Killiany parcellation;Volume of superiorparietal in the left hemisphere generated by parcellation of the white surface using Desikan-Killiany parcellation;Volume of transversetemporal in the left hemisphere generated by parcellation of the white surface using Desikan-Killiany parcellation;Area of fusiform in the right hemisphere generated by parcellation of the white surface using Desikan-Killiany parcellation;Area of medialorbitofrontal in the right hemisphere generated by parcellation of the white surface using Desikan-Killiany parcellation;Area of paracentral in the right hemisphere generated by parcellation of the white surface using Desikan-Killiany parcellation;Area of superiorfrontal in the right hemisphere generated by parcellation of the white surface using Desikan-Killiany parcellation;Mean thickness of fusiform in the right hemisphere generated by parcellation of the white surface using Desikan-Killiany parcellation;Mean thickness of isthmuscingulate in the right hemisphere generated by parcellation of the white surface using Desikan-Killiany parcellation;Mean thickness of paracentral in the right hemisphere generated by parcellation of the white surface using Desikan-Killiany parcellation;Mean thickness of parsorbitalis in the right hemisphere generated by parcellation of the white surface using Desikan-Killiany parcellation;Mean thickness of parstriangularis in the right hemisphere generated by parcellation of the white surface using Desikan-Killiany parcellation;Mean thickness of rostralmiddlefrontal in the right hemisphere generated by parcellation of the white surface using Desikan-Killiany parcellation;Volume of lateraloccipital in the right hemisphere generated by parcellation of the white surface using Desikan-Killiany parcellation;Area of transversetemporal in the left hemisphere generated by parcellation of the pial surface using Desikan-Killiany parcellation;Area of TotalSurface in the right hemisphere generated by parcellation of the pial surface using Desikan-Killiany parcellation;Area of BA4p in the left hemisphere generated by parcellation of the white surface using BA_exvivo parcellation;Mean thickness of BA1 in the left hemisphere generated by parcellation of the white surface using BA_exvivo parcellation;Mean thickness of BA44 in the left hemisphere generated by parcellation of the white surface using BA_exvivo parcellation;Mean thickness of BA45 in the left hemisphere generated by parcellation of the white surface using BA_exvivo parcellation;Mean thickness of BA6 in the right hemisphere generated by parcellation of the white surface using BA_exvivo parcellation;Mean thickness of BA44 in the right hemisphere generated by parcellation of the white surface using BA_exvivo parcellation;Mean thickness of BA45 in the right hemisphere generated by parcellation of the white surface using BA_exvivo parcellation;Area of postcentral in the left hemisphere generated by parcellation of the white surface using DKT parcellation;Area of rostralanteriorcingulate in the left hemisphere generated by parcellation of the white surface using DKT parcellation;Area of rostralmiddlefrontal in the left hemisphere generated by parcellation of the white surface using DKT parcellation;Mean thickness of caudalmiddlefrontal in the left hemisphere generated by parcellation of the white surface using DKT parcellation;Mean thickness of supramarginal in the left hemisphere generated by parcellation of the white surface using DKT parcellation;Volume of transversetemporal in the left hemisphere generated by parcellation of the white surface using DKT parcellation;Area of medialorbitofrontal in the right hemisphere generated by parcellation of the white surface using DKT parcellation;Area of paracentral in the right hemisphere generated by parcellation of the white surface using DKT parcellation;Area of superiorfrontal in the right hemisphere generated by parcellation of the white surface using DKT parcellation;Area of transversetemporal in the right hemisphere generated by parcellation of the white surface using DKT parcellation;Mean thickness of fusiform in the right hemisphere generated by parcellation of the white surface using DKT parcellation;Mean thickness of paracentral in the right hemisphere generated by parcellation of the white surface using DKT parcellation;Mean thickness of parsopercularis in the right hemisphere generated by parcellation of the white surface using DKT parcellation;Mean thickness of parsorbitalis in the right hemisphere generated by parcellation of the white surface using DKT parcellation;Mean thickness of parstriangularis in the right hemisphere generated by parcellation of the white surface using DKT parcellation;Mean thickness of rostralmiddlefrontal in the right hemisphere generated by parcellation of the white surface using DKT parcellation;Volume of lateraloccipital in the right hemisphere generated by parcellation of the white surface using DKT parcellation;Area of G+S-cingul-Mid-Ant in the left hemisphere generated by parcellation of the white surface using Destrieux (a2009s) parcellation;Area of G-front-middle in the left hemisphere generated by parcellation of the white surface using Destrieux (a2009s) parcellation;Area of G-Ins-lg+S-cent-ins in the left hemisphere generated by parcellation of the white surface using Destrieux (a2009s) parcellation;Area of G-postcentral in the left hemisphere generated by parcellation of the white surface using Destrieux (a2009s) parcellation;Area of Lat-Fis-post in the left hemisphere generated by parcellation of the white surface using Destrieux (a2009s) parcellation;Area of S-front-middle in the left hemisphere generated by parcellation of the white surface using Destrieux (a2009s) parcellation;Mean thickness of G+S-cingul-Ant in the left hemisphere generated by parcellation of the white surface using Destrieux (a2009s) parcellation;Mean thickness of G-pariet-inf-Supramar in the left hemisphere generated by parcellation of the white surface using Destrieux (a2009s) parcellation;Mean thickness of S-circular-insula-sup in the left hemisphere generated by parcellation of the white surface using Destrieux (a2009s) parcellation;Mean thickness of S-front-inf in the left hemisphere generated by parcellation of the white surface using Destrieux (a2009s) parcellation;Mean thickness of S-front-middle in the left hemisphere generated by parcellation of the white surface using Destrieux (a2009s) parcellation;Volume of G-Ins-lg+S-cent-ins in the left hemisphere generated by parcellation of the white surface using Destrieux (a2009s) parcellation;Volume of S-intrapariet+P-trans in the left hemisphere generated by parcellation of the white surface using Destrieux (a2009s) parcellation;Area of G-front-sup in the right hemisphere generated by parcellation of the white surface using Destrieux (a2009s) parcellation;Area of G-temp-sup-Lateral in the right hemisphere generated by parcellation of the white surface using Destrieux (a2009s) parcellation;Area of S-circular-insula-inf in the right hemisphere generated by parcellation of the white surface using Destrieux (a2009s) parcellation;Mean thickness of G+S-transv-frontopol in the right hemisphere generated by parcellation of the white surface using Destrieux (a2009s) parcellation;Mean thickness of G-front-inf-Opercular in the right hemisphere generated by parcellation of the white surface using Destrieux (a2009s) parcellation;Mean thickness of G-front-inf-Orbital in the right hemisphere generated by parcellation of the white surface using Destrieux (a2009s) parcellation;Mean thickness of G-front-middle in the right hemisphere generated by parcellation of the white surface using Destrieux (a2009s) parcellation;Mean thickness of G-front-sup in the right hemisphere generated by parcellation of the white surface using Destrieux (a2009s) parcellation;Mean thickness of G-pariet-inf-Supramar in the right hemisphere generated by parcellation of the white surface using Destrieux (a2009s) parcellation;Mean thickness of S-front-inf in the right hemisphere generated by parcellation of the white surface using Destrieux (a2009s) parcellation;Mean thickness of S-front-middle in the right hemisphere generated by parcellation of the white surface using Destrieux (a2009s) parcellation"
"MARK4","Volume of grey matter in Right Precentral Gyrus;Volume of grey matter in Left Superior Temporal Gyrus, posterior division;Volume of grey matter in Left Planum Temporale;Volume of grey matter in Vermis VIIIa Cerebellum;Mean intensity of CC-Posterior in the whole brain generated by subcortical volumetric segmentation (aseg);Volume of WM-hypointensities in the whole brain generated by subcortical volumetric segmentation (aseg);Mean intensity of Pallidum in the right hemisphere generated by subcortical volumetric segmentation (aseg);Volume of PuM in the left hemisphere generated by subcortical volumetric sub-segmentation of the Thalamic Nuclei;Volume of Pt in the left hemisphere generated by subcortical volumetric sub-segmentation of the Thalamic Nuclei;Area of caudalanteriorcingulate in the left hemisphere generated by parcellation of the white surface using Desikan-Killiany parcellation;Area of medialorbitofrontal in the left hemisphere generated by parcellation of the white surface using Desikan-Killiany parcellation;Area of postcentral in the left hemisphere generated by parcellation of the white surface using Desikan-Killiany parcellation;Mean thickness of caudalmiddlefrontal in the left hemisphere generated by parcellation of the white surface using Desikan-Killiany parcellation;Mean thickness of supramarginal in the left hemisphere generated by parcellation of the white surface using Desikan-Killiany parcellation;Volume of superiorparietal in the left hemisphere generated by parcellation of the white surface using Desikan-Killiany parcellation;Volume of transversetemporal in the left hemisphere generated by parcellation of the white surface using Desikan-Killiany parcellation;Area of fusiform in the right hemisphere generated by parcellation of the white surface using Desikan-Killiany parcellation;Area of medialorbitofrontal in the right hemisphere generated by parcellation of the white surface using Desikan-Killiany parcellation;Area of paracentral in the right hemisphere generated by parcellation of the white surface using Desikan-Killiany parcellation;Area of superiorfrontal in the right hemisphere generated by parcellation of the white surface using Desikan-Killiany parcellation;Mean thickness of fusiform in the right hemisphere generated by parcellation of the white surface using Desikan-Killiany parcellation;Mean thickness of isthmuscingulate in the right hemisphere generated by parcellation of the white surface using Desikan-Killiany parcellation;Mean thickness of paracentral in the right hemisphere generated by parcellation of the white surface using Desikan-Killiany parcellation;Mean thickness of parsorbitalis in the right hemisphere generated by parcellation of the white surface using Desikan-Killiany parcellation;Mean thickness of parstriangularis in the right hemisphere generated by parcellation of the white surface using Desikan-Killiany parcellation;Mean thickness of rostralmiddlefrontal in the right hemisphere generated by parcellation of the white surface using Desikan-Killiany parcellation;Volume of lateraloccipital in the right hemisphere generated by parcellation of the white surface using Desikan-Killiany parcellation;Area of transversetemporal in the left hemisphere generated by parcellation of the pial surface using Desikan-Killiany parcellation;Area of TotalSurface in the right hemisphere generated by parcellation of the pial surface using Desikan-Killiany parcellation;Area of BA4p in the left hemisphere generated by parcellation of the white surface using BA_exvivo parcellation;Mean thickness of BA1 in the left hemisphere generated by parcellation of the white surface using BA_exvivo parcellation;Mean thickness of BA44 in the left hemisphere generated by parcellation of the white surface using BA_exvivo parcellation;Mean thickness of BA45 in the left hemisphere generated by parcellation of the white surface using BA_exvivo parcellation;Mean thickness of BA6 in the right hemisphere generated by parcellation of the white surface using BA_exvivo parcellation;Mean thickness of BA44 in the right hemisphere generated by parcellation of the white surface using BA_exvivo parcellation;Mean thickness of BA45 in the right hemisphere generated by parcellation of the white surface using BA_exvivo parcellation;Area of postcentral in the left hemisphere generated by parcellation of the white surface using DKT parcellation;Area of rostralanteriorcingulate in the left hemisphere generated by parcellation of the white surface using DKT parcellation;Area of rostralmiddlefrontal in the left hemisphere generated by parcellation of the white surface using DKT parcellation;Mean thickness of caudalmiddlefrontal in the left hemisphere generated by parcellation of the white surface using DKT parcellation;Mean thickness of supramarginal in the left hemisphere generated by parcellation of the white surface using DKT parcellation;Volume of transversetemporal in the left hemisphere generated by parcellation of the white surface using DKT parcellation;Area of medialorbitofrontal in the right hemisphere generated by parcellation of the white surface using DKT parcellation;Area of paracentral in the right hemisphere generated by parcellation of the white surface using DKT parcellation;Area of superiorfrontal in the right hemisphere generated by parcellation of the white surface using DKT parcellation;Mean thickness of fusiform in the right hemisphere generated by parcellation of the white surface using DKT parcellation;Mean thickness of paracentral in the right hemisphere generated by parcellation of the white surface using DKT parcellation;Mean thickness of parsopercularis in the right hemisphere generated by parcellation of the white surface using DKT parcellation;Mean thickness of parsorbitalis in the right hemisphere generated by parcellation of the white surface using DKT parcellation;Mean thickness of parstriangularis in the right hemisphere generated by parcellation of the white surface using DKT parcellation;Mean thickness of rostralmiddlefrontal in the right hemisphere generated by parcellation of the white surface using DKT parcellation;Volume of lateraloccipital in the right hemisphere generated by parcellation of the white surface using DKT parcellation;Area of G+S-cingul-Mid-Ant in the left hemisphere generated by parcellation of the white surface using Destrieux (a2009s) parcellation;Area of G-front-middle in the left hemisphere generated by parcellation of the white surface using Destrieux (a2009s) parcellation;Area of G-Ins-lg+S-cent-ins in the left hemisphere generated by parcellation of the white surface using Destrieux (a2009s) parcellation;Area of G-postcentral in the left hemisphere generated by parcellation of the white surface using Destrieux (a2009s) parcellation;Area of Lat-Fis-post in the left hemisphere generated by parcellation of the white surface using Destrieux (a2009s) parcellation;Area of S-front-middle in the left hemisphere generated by parcellation of the white surface using Destrieux (a2009s) parcellation;Mean thickness of G+S-cingul-Ant in the left hemisphere generated by parcellation of the white surface using Destrieux (a2009s) parcellation;Mean thickness of G-pariet-inf-Supramar in the left hemisphere generated by parcellation of the white surface using Destrieux (a2009s) parcellation;Mean thickness of S-circular-insula-sup in the left hemisphere generated by parcellation of the white surface using Destrieux (a2009s) parcellation;Mean thickness of S-front-inf in the left hemisphere generated by parcellation of the white surface using Destrieux (a2009s) parcellation;Mean thickness of S-front-middle in the left hemisphere generated by parcellation of the white surface using Destrieux (a2009s) parcellation;Volume of G-Ins-lg+S-cent-ins in the left hemisphere generated by parcellation of the white surface using Destrieux (a2009s) parcellation;Volume of S-intrapariet+P-trans in the left hemisphere generated by parcellation of the white surface using Destrieux (a2009s) parcellation;Area of G-front-sup in the right hemisphere generated by parcellation of the white surface using Destrieux (a2009s) parcellation;Area of G-temp-sup-Lateral in the right hemisphere generated by parcellation of the white surface using Destrieux (a2009s) parcellation;Area of S-circular-insula-inf in the right hemisphere generated by parcellation of the white surface using Destrieux (a2009s) parcellation;Mean thickness of G+S-transv-frontopol in the right hemisphere generated by parcellation of the white surface using Destrieux (a2009s) parcellation;Mean thickness of G-front-inf-Opercular in the right hemisphere generated by parcellation of the white surface using Destrieux (a2009s) parcellation;Mean thickness of G-front-inf-Orbital in the right hemisphere generated by parcellation of the white surface using Destrieux (a2009s) parcellation;Mean thickness of G-front-middle in the right hemisphere generated by parcellation of the white surface using Destrieux (a2009s) parcellation;Mean thickness of G-front-sup in the right hemisphere generated by parcellation of the white surface using Destrieux (a2009s) parcellation;Mean thickness of G-pariet-inf-Supramar in the right hemisphere generated by parcellation of the white surface using Destrieux (a2009s) parcellation;Mean thickness of S-front-inf in the right hemisphere generated by parcellation of the white surface using Destrieux (a2009s) parcellation;Mean thickness of S-front-middle in the right hemisphere generated by parcellation of the white surface using Destrieux (a2009s) parcellation"
"MIR4531","Volume of grey matter in Left Superior Temporal Gyrus, posterior division;Volume of grey matter in Left Precuneous Cortex;Volume of grey matter in Left Planum Temporale;Volume of grey matter in Vermis VIIIa Cerebellum;Mean intensity of CC-Posterior in the whole brain generated by subcortical volumetric segmentation (aseg);Volume of WM-hypointensities in the whole brain generated by subcortical volumetric segmentation (aseg);Number of HolesBeforeFixing in the left hemisphere generated by subcortical volumetric segmentation (aseg);Volume of PuM in the left hemisphere generated by subcortical volumetric sub-segmentation of the Thalamic Nuclei;Area of caudalanteriorcingulate in the left hemisphere generated by parcellation of the white surface using Desikan-Killiany parcellation;Volume of superiorparietal in the left hemisphere generated by parcellation of the white surface using Desikan-Killiany parcellation;Volume of transversetemporal in the left hemisphere generated by parcellation of the white surface using Desikan-Killiany parcellation;Mean thickness of inferiortemporal in the right hemisphere generated by parcellation of the white surface using Desikan-Killiany parcellation;Area of transversetemporal in the left hemisphere generated by parcellation of the pial surface using Desikan-Killiany parcellation;Volume of perirhinal in the left hemisphere generated by parcellation of the white surface using BA_exvivo parcellation;Mean thickness of BA44 in the right hemisphere generated by parcellation of the white surface using BA_exvivo parcellation;Volume of transversetemporal in the left hemisphere generated by parcellation of the white surface using DKT parcellation;Mean thickness of fusiform in the right hemisphere generated by parcellation of the white surface using DKT parcellation;Mean thickness of inferiortemporal in the right hemisphere generated by parcellation of the white surface using DKT parcellation;Area of Lat-Fis-post in the left hemisphere generated by parcellation of the white surface using Destrieux (a2009s) parcellation;Area of S-collat-transv-post in the left hemisphere generated by parcellation of the white surface using Destrieux (a2009s) parcellation;Mean thickness of G-temporal-inf in the left hemisphere generated by parcellation of the white surface using Destrieux (a2009s) parcellation;Mean thickness of S-orbital-lateral in the left hemisphere generated by parcellation of the white surface using Destrieux (a2009s) parcellation;Mean thickness of G-temporal-inf in the right hemisphere generated by parcellation of the white surface using Destrieux (a2009s) parcellation"
"MIR8085","Volume of grey matter in Left Superior Temporal Gyrus, posterior division;Volume of grey matter in Left Precuneous Cortex;Volume of grey matter in Left Planum Temporale;Volume of grey matter in Vermis VIIIa Cerebellum;Mean intensity of CC-Posterior in the whole brain generated by subcortical volumetric segmentation (aseg);Volume of WM-hypointensities in the whole brain generated by subcortical volumetric segmentation (aseg);Number of HolesBeforeFixing in the left hemisphere generated by subcortical volumetric segmentation (aseg);Volume of PuM in the left hemisphere generated by subcortical volumetric sub-segmentation of the Thalamic Nuclei;Area of caudalanteriorcingulate in the left hemisphere generated by parcellation of the white surface using Desikan-Killiany parcellation;Volume of superiorparietal in the left hemisphere generated by parcellation of the white surface using Desikan-Killiany parcellation;Volume of transversetemporal in the left hemisphere generated by parcellation of the white surface using Desikan-Killiany parcellation;Mean thickness of inferiortemporal in the right hemisphere generated by parcellation of the white surface using Desikan-Killiany parcellation;Area of transversetemporal in the left hemisphere generated by parcellation of the pial surface using Desikan-Killiany parcellation;Volume of perirhinal in the left hemisphere generated by parcellation of the white surface using BA_exvivo parcellation;Mean thickness of BA44 in the right hemisphere generated by parcellation of the white surface using BA_exvivo parcellation;Volume of transversetemporal in the left hemisphere generated by parcellation of the white surface using DKT parcellation;Mean thickness of fusiform in the right hemisphere generated by parcellation of the white surface using DKT parcellation;Mean thickness of inferiortemporal in the right hemisphere generated by parcellation of the white surface using DKT parcellation;Area of Lat-Fis-post in the left hemisphere generated by parcellation of the white surface using Destrieux (a2009s) parcellation;Area of S-collat-transv-post in the left hemisphere generated by parcellation of the white surface using Destrieux (a2009s) parcellation;Mean thickness of G-temporal-inf in the left hemisphere generated by parcellation of the white surface using Destrieux (a2009s) parcellation;Mean thickness of S-orbital-lateral in the left hemisphere generated by parcellation of the white surface using Destrieux (a2009s) parcellation;Volume of S-intrapariet+P-trans in the left hemisphere generated by parcellation of the white surface using Destrieux (a2009s) parcellation;Mean thickness of G+S-transv-frontopol in the right hemisphere generated by parcellation of the white surface using Destrieux (a2009s) parcellation;Mean thickness of G-temporal-inf in the right hemisphere generated by parcellation of the white surface using Destrieux (a2009s) parcellation"
"NKPD1","Volume of grey matter in Left Superior Temporal Gyrus, posterior division;Volume of grey matter in Left Planum Temporale;Volume of grey matter in Vermis VIIIa Cerebellum;Mean intensity of CC-Posterior in the whole brain generated by subcortical volumetric segmentation (aseg);Volume of WM-hypointensities in the whole brain generated by subcortical volumetric segmentation (aseg);Number of HolesBeforeFixing in the left hemisphere generated by subcortical volumetric segmentation (aseg);Volume of PuM in the left hemisphere generated by subcortical volumetric sub-segmentation of the Thalamic Nuclei;Volume of Pt in the left hemisphere generated by subcortical volumetric sub-segmentation of the Thalamic Nuclei;Area of caudalanteriorcingulate in the left hemisphere generated by parcellation of the white surface using Desikan-Killiany parcellation;Area of medialorbitofrontal in the left hemisphere generated by parcellation of the white surface using Desikan-Killiany parcellation;Area of postcentral in the left hemisphere generated by parcellation of the white surface using Desikan-Killiany parcellation;Mean thickness of caudalmiddlefrontal in the left hemisphere generated by parcellation of the white surface using Desikan-Killiany parcellation;Mean thickness of supramarginal in the left hemisphere generated by parcellation of the white surface using Desikan-Killiany parcellation;Volume of superiorparietal in the left hemisphere generated by parcellation of the white surface using Desikan-Killiany parcellation;Volume of transversetemporal in the left hemisphere generated by parcellation of the white surface using Desikan-Killiany parcellation;Area of fusiform in the right hemisphere generated by parcellation of the white surface using Desikan-Killiany parcellation;Area of medialorbitofrontal in the right hemisphere generated by parcellation of the white surface using Desikan-Killiany parcellation;Area of paracentral in the right hemisphere generated by parcellation of the white surface using Desikan-Killiany parcellation;Area of superiorfrontal in the right hemisphere generated by parcellation of the white surface using Desikan-Killiany parcellation;Mean thickness of fusiform in the right hemisphere generated by parcellation of the white surface using Desikan-Killiany parcellation;Mean thickness of paracentral in the right hemisphere generated by parcellation of the white surface using Desikan-Killiany parcellation;Mean thickness of parsorbitalis in the right hemisphere generated by parcellation of the white surface using Desikan-Killiany parcellation;Mean thickness of parstriangularis in the right hemisphere generated by parcellation of the white surface using Desikan-Killiany parcellation;Mean thickness of rostralmiddlefrontal in the right hemisphere generated by parcellation of the white surface using Desikan-Killiany parcellation;Volume of lateraloccipital in the right hemisphere generated by parcellation of the white surface using Desikan-Killiany parcellation;Area of transversetemporal in the left hemisphere generated by parcellation of the pial surface using Desikan-Killiany parcellation;Area of TotalSurface in the right hemisphere generated by parcellation of the pial surface using Desikan-Killiany parcellation;Area of BA4p in the left hemisphere generated by parcellation of the white surface using BA_exvivo parcellation;Mean thickness of BA1 in the left hemisphere generated by parcellation of the white surface using BA_exvivo parcellation;Mean thickness of BA44 in the left hemisphere generated by parcellation of the white surface using BA_exvivo parcellation;Mean thickness of BA45 in the left hemisphere generated by parcellation of the white surface using BA_exvivo parcellation;Mean thickness of BA6 in the right hemisphere generated by parcellation of the white surface using BA_exvivo parcellation;Mean thickness of BA44 in the right hemisphere generated by parcellation of the white surface using BA_exvivo parcellation;Mean thickness of BA45 in the right hemisphere generated by parcellation of the white surface using BA_exvivo parcellation;Area of postcentral in the left hemisphere generated by parcellation of the white surface using DKT parcellation;Area of rostralanteriorcingulate in the left hemisphere generated by parcellation of the white surface using DKT parcellation;Area of rostralmiddlefrontal in the left hemisphere generated by parcellation of the white surface using DKT parcellation;Mean thickness of caudalmiddlefrontal in the left hemisphere generated by parcellation of the white surface using DKT parcellation;Mean thickness of supramarginal in the left hemisphere generated by parcellation of the white surface using DKT parcellation;Volume of transversetemporal in the left hemisphere generated by parcellation of the white surface using DKT parcellation;Area of medialorbitofrontal in the right hemisphere generated by parcellation of the white surface using DKT parcellation;Area of paracentral in the right hemisphere generated by parcellation of the white surface using DKT parcellation;Area of superiorfrontal in the right hemisphere generated by parcellation of the white surface using DKT parcellation;Mean thickness of fusiform in the right hemisphere generated by parcellation of the white surface using DKT parcellation;Mean thickness of paracentral in the right hemisphere generated by parcellation of the white surface using DKT parcellation;Mean thickness of parsopercularis in the right hemisphere generated by parcellation of the white surface using DKT parcellation;Mean thickness of parsorbitalis in the right hemisphere generated by parcellation of the white surface using DKT parcellation;Mean thickness of parstriangularis in the right hemisphere generated by parcellation of the white surface using DKT parcellation;Mean thickness of rostralmiddlefrontal in the right hemisphere generated by parcellation of the white surface using DKT parcellation;Volume of lateraloccipital in the right hemisphere generated by parcellation of the white surface using DKT parcellation;Area of G+S-cingul-Mid-Ant in the left hemisphere generated by parcellation of the white surface using Destrieux (a2009s) parcellation;Area of G-front-middle in the left hemisphere generated by parcellation of the white surface using Destrieux (a2009s) parcellation;Area of G-Ins-lg+S-cent-ins in the left hemisphere generated by parcellation of the white surface using Destrieux (a2009s) parcellation;Area of G-postcentral in the left hemisphere generated by parcellation of the white surface using Destrieux (a2009s) parcellation;Area of Lat-Fis-post in the left hemisphere generated by parcellation of the white surface using Destrieux (a2009s) parcellation;Area of S-front-middle in the left hemisphere generated by parcellation of the white surface using Destrieux (a2009s) parcellation;Mean thickness of G+S-cingul-Ant in the left hemisphere generated by parcellation of the white surface using Destrieux (a2009s) parcellation;Mean thickness of G-pariet-inf-Supramar in the left hemisphere generated by parcellation of the white surface using Destrieux (a2009s) parcellation;Mean thickness of S-circular-insula-sup in the left hemisphere generated by parcellation of the white surface using Destrieux (a2009s) parcellation;Mean thickness of S-front-inf in the left hemisphere generated by parcellation of the white surface using Destrieux (a2009s) parcellation;Mean thickness of S-front-middle in the left hemisphere generated by parcellation of the white surface using Destrieux (a2009s) parcellation;Volume of G-Ins-lg+S-cent-ins in the left hemisphere generated by parcellation of the white surface using Destrieux (a2009s) parcellation;Volume of S-intrapariet+P-trans in the left hemisphere generated by parcellation of the white surface using Destrieux (a2009s) parcellation;Area of G-front-sup in the right hemisphere generated by parcellation of the white surface using Destrieux (a2009s) parcellation;Area of G-temp-sup-Lateral in the right hemisphere generated by parcellation of the white surface using Destrieux (a2009s) parcellation;Area of S-circular-insula-inf in the right hemisphere generated by parcellation of the white surface using Destrieux (a2009s) parcellation;Mean thickness of G+S-transv-frontopol in the right hemisphere generated by parcellation of the white surface using Destrieux (a2009s) parcellation;Mean thickness of G-front-inf-Opercular in the right hemisphere generated by parcellation of the white surface using Destrieux (a2009s) parcellation;Mean thickness of G-front-inf-Orbital in the right hemisphere generated by parcellation of the white surface using Destrieux (a2009s) parcellation;Mean thickness of G-front-middle in the right hemisphere generated by parcellation of the white surface using Destrieux (a2009s) parcellation;Mean thickness of G-front-sup in the right hemisphere generated by parcellation of the white surface using Destrieux (a2009s) parcellation;Mean thickness of G-pariet-inf-Supramar in the right hemisphere generated by parcellation of the white surface using Destrieux (a2009s) parcellation;Mean thickness of S-front-inf in the right hemisphere generated by parcellation of the white surface using Destrieux (a2009s) parcellation;Mean thickness of S-front-middle in the right hemisphere generated by parcellation of the white surface using Destrieux (a2009s) parcellation"
"PPP1R37","Volume of grey matter in Left Superior Temporal Gyrus, posterior division;Volume of grey matter in Left Planum Temporale;Volume of grey matter in Vermis VIIIa Cerebellum;Mean intensity of CC-Posterior in the whole brain generated by subcortical volumetric segmentation (aseg);Volume of WM-hypointensities in the whole brain generated by subcortical volumetric segmentation (aseg);Number of HolesBeforeFixing in the left hemisphere generated by subcortical volumetric segmentation (aseg);Volume of PuM in the left hemisphere generated by subcortical volumetric sub-segmentation of the Thalamic Nuclei;Volume of Pt in the left hemisphere generated by subcortical volumetric sub-segmentation of the Thalamic Nuclei;Area of caudalanteriorcingulate in the left hemisphere generated by parcellation of the white surface using Desikan-Killiany parcellation;Area of medialorbitofrontal in the left hemisphere generated by parcellation of the white surface using Desikan-Killiany parcellation;Area of postcentral in the left hemisphere generated by parcellation of the white surface using Desikan-Killiany parcellation;Mean thickness of caudalmiddlefrontal in the left hemisphere generated by parcellation of the white surface using Desikan-Killiany parcellation;Mean thickness of supramarginal in the left hemisphere generated by parcellation of the white surface using Desikan-Killiany parcellation;Volume of superiorparietal in the left hemisphere generated by parcellation of the white surface using Desikan-Killiany parcellation;Volume of transversetemporal in the left hemisphere generated by parcellation of the white surface using Desikan-Killiany parcellation;Area of fusiform in the right hemisphere generated by parcellation of the white surface using Desikan-Killiany parcellation;Area of medialorbitofrontal in the right hemisphere generated by parcellation of the white surface using Desikan-Killiany parcellation;Area of paracentral in the right hemisphere generated by parcellation of the white surface using Desikan-Killiany parcellation;Area of superiorfrontal in the right hemisphere generated by parcellation of the white surface using Desikan-Killiany parcellation;Mean thickness of fusiform in the right hemisphere generated by parcellation of the white surface using Desikan-Killiany parcellation;Mean thickness of paracentral in the right hemisphere generated by parcellation of the white surface using Desikan-Killiany parcellation;Mean thickness of parsorbitalis in the right hemisphere generated by parcellation of the white surface using Desikan-Killiany parcellation;Mean thickness of parstriangularis in the right hemisphere generated by parcellation of the white surface using Desikan-Killiany parcellation;Mean thickness of rostralmiddlefrontal in the right hemisphere generated by parcellation of the white surface using Desikan-Killiany parcellation;Volume of lateraloccipital in the right hemisphere generated by parcellation of the white surface using Desikan-Killiany parcellation;Area of transversetemporal in the left hemisphere generated by parcellation of the pial surface using Desikan-Killiany parcellation;Area of TotalSurface in the right hemisphere generated by parcellation of the pial surface using Desikan-Killiany parcellation;Area of BA4p in the left hemisphere generated by parcellation of the white surface using BA_exvivo parcellation;Mean thickness of BA1 in the left hemisphere generated by parcellation of the white surface using BA_exvivo parcellation;Mean thickness of BA44 in the left hemisphere generated by parcellation of the white surface using BA_exvivo parcellation;Mean thickness of BA45 in the left hemisphere generated by parcellation of the white surface using BA_exvivo parcellation;Volume of perirhinal in the left hemisphere generated by parcellation of the white surface using BA_exvivo parcellation;Mean thickness of BA6 in the right hemisphere generated by parcellation of the white surface using BA_exvivo parcellation;Mean thickness of BA44 in the right hemisphere generated by parcellation of the white surface using BA_exvivo parcellation;Mean thickness of BA45 in the right hemisphere generated by parcellation of the white surface using BA_exvivo parcellation;Area of postcentral in the left hemisphere generated by parcellation of the white surface using DKT parcellation;Area of rostralanteriorcingulate in the left hemisphere generated by parcellation of the white surface using DKT parcellation;Area of rostralmiddlefrontal in the left hemisphere generated by parcellation of the white surface using DKT parcellation;Mean thickness of caudalmiddlefrontal in the left hemisphere generated by parcellation of the white surface using DKT parcellation;Mean thickness of supramarginal in the left hemisphere generated by parcellation of the white surface using DKT parcellation;Volume of transversetemporal in the left hemisphere generated by parcellation of the white surface using DKT parcellation;Area of medialorbitofrontal in the right hemisphere generated by parcellation of the white surface using DKT parcellation;Area of paracentral in the right hemisphere generated by parcellation of the white surface using DKT parcellation;Area of superiorfrontal in the right hemisphere generated by parcellation of the white surface using DKT parcellation;Mean thickness of fusiform in the right hemisphere generated by parcellation of the white surface using DKT parcellation;Mean thickness of paracentral in the right hemisphere generated by parcellation of the white surface using DKT parcellation;Mean thickness of parsopercularis in the right hemisphere generated by parcellation of the white surface using DKT parcellation;Mean thickness of parsorbitalis in the right hemisphere generated by parcellation of the white surface using DKT parcellation;Mean thickness of parstriangularis in the right hemisphere generated by parcellation of the white surface using DKT parcellation;Mean thickness of rostralmiddlefrontal in the right hemisphere generated by parcellation of the white surface using DKT parcellation;Volume of lateraloccipital in the right hemisphere generated by parcellation of the white surface using DKT parcellation;Area of G+S-cingul-Mid-Ant in the left hemisphere generated by parcellation of the white surface using Destrieux (a2009s) parcellation;Area of G-front-middle in the left hemisphere generated by parcellation of the white surface using Destrieux (a2009s) parcellation;Area of G-Ins-lg+S-cent-ins in the left hemisphere generated by parcellation of the white surface using Destrieux (a2009s) parcellation;Area of G-postcentral in the left hemisphere generated by parcellation of the white surface using Destrieux (a2009s) parcellation;Area of Lat-Fis-post in the left hemisphere generated by parcellation of the white surface using Destrieux (a2009s) parcellation;Area of S-front-middle in the left hemisphere generated by parcellation of the white surface using Destrieux (a2009s) parcellation;Mean thickness of G+S-cingul-Ant in the left hemisphere generated by parcellation of the white surface using Destrieux (a2009s) parcellation;Mean thickness of G-pariet-inf-Supramar in the left hemisphere generated by parcellation of the white surface using Destrieux (a2009s) parcellation;Mean thickness of G-temporal-inf in the left hemisphere generated by parcellation of the white surface using Destrieux (a2009s) parcellation;Mean thickness of S-circular-insula-sup in the left hemisphere generated by parcellation of the white surface using Destrieux (a2009s) parcellation;Mean thickness of S-front-inf in the left hemisphere generated by parcellation of the white surface using Destrieux (a2009s) parcellation;Mean thickness of S-front-middle in the left hemisphere generated by parcellation of the white surface using Destrieux (a2009s) parcellation;Volume of G-Ins-lg+S-cent-ins in the left hemisphere generated by parcellation of the white surface using Destrieux (a2009s) parcellation;Volume of S-intrapariet+P-trans in the left hemisphere generated by parcellation of the white surface using Destrieux (a2009s) parcellation;Area of G-front-sup in the right hemisphere generated by parcellation of the white surface using Destrieux (a2009s) parcellation;Area of G-temp-sup-Lateral in the right hemisphere generated by parcellation of the white surface using Destrieux (a2009s) parcellation;Area of S-circular-insula-inf in the right hemisphere generated by parcellation of the white surface using Destrieux (a2009s) parcellation;Mean thickness of G+S-transv-frontopol in the right hemisphere generated by parcellation of the white surface using Destrieux (a2009s) parcellation;Mean thickness of G-front-inf-Opercular in the right hemisphere generated by parcellation of the white surface using Destrieux (a2009s) parcellation;Mean thickness of G-front-inf-Orbital in the right hemisphere generated by parcellation of the white surface using Destrieux (a2009s) parcellation;Mean thickness of G-front-middle in the right hemisphere generated by parcellation of the white surface using Destrieux (a2009s) parcellation;Mean thickness of G-front-sup in the right hemisphere generated by parcellation of the white surface using Destrieux (a2009s) parcellation;Mean thickness of G-pariet-inf-Supramar in the right hemisphere generated by parcellation of the white surface using Destrieux (a2009s) parcellation;Mean thickness of S-front-inf in the right hemisphere generated by parcellation of the white surface using Destrieux (a2009s) parcellation;Mean thickness of S-front-middle in the right hemisphere generated by parcellation of the white surface using Destrieux (a2009s) parcellation"
"PVR","Volume of grey matter in Left Superior Temporal Gyrus, posterior division;Volume of grey matter in Left Precuneous Cortex;Volume of grey matter in Left Planum Temporale;Volume of grey matter in Vermis VIIIa Cerebellum;Mean intensity of CC-Posterior in the whole brain generated by subcortical volumetric segmentation (aseg);Volume of WM-hypointensities in the whole brain generated by subcortical volumetric segmentation (aseg);Number of HolesBeforeFixing in the left hemisphere generated by subcortical volumetric segmentation (aseg);Volume of PuM in the left hemisphere generated by subcortical volumetric sub-segmentation of the Thalamic Nuclei;Area of caudalanteriorcingulate in the left hemisphere generated by parcellation of the white surface using Desikan-Killiany parcellation;Volume of superiorparietal in the left hemisphere generated by parcellation of the white surface using Desikan-Killiany parcellation;Volume of transversetemporal in the left hemisphere generated by parcellation of the white surface using Desikan-Killiany parcellation;Mean thickness of inferiortemporal in the right hemisphere generated by parcellation of the white surface using Desikan-Killiany parcellation;Area of transversetemporal in the left hemisphere generated by parcellation of the pial surface using Desikan-Killiany parcellation;Volume of perirhinal in the left hemisphere generated by parcellation of the white surface using BA_exvivo parcellation;Mean thickness of BA44 in the right hemisphere generated by parcellation of the white surface using BA_exvivo parcellation;Volume of transversetemporal in the left hemisphere generated by parcellation of the white surface using DKT parcellation;Mean thickness of fusiform in the right hemisphere generated by parcellation of the white surface using DKT parcellation;Mean thickness of inferiortemporal in the right hemisphere generated by parcellation of the white surface using DKT parcellation;Area of Lat-Fis-post in the left hemisphere generated by parcellation of the white surface using Destrieux (a2009s) parcellation;Area of S-collat-transv-post in the left hemisphere generated by parcellation of the white surface using Destrieux (a2009s) parcellation;Mean thickness of G-temporal-inf in the left hemisphere generated by parcellation of the white surface using Destrieux (a2009s) parcellation;Mean thickness of S-orbital-lateral in the left hemisphere generated by parcellation of the white surface using Destrieux (a2009s) parcellation;Mean thickness of G-temporal-inf in the right hemisphere generated by parcellation of the white surface using Destrieux (a2009s) parcellation"
"PVRL2","Volume of grey matter in Left Superior Temporal Gyrus, posterior division;Volume of grey matter in Left Precuneous Cortex;Volume of grey matter in Left Planum Temporale;Volume of grey matter in Vermis VIIIa Cerebellum;Mean intensity of CC-Posterior in the whole brain generated by subcortical volumetric segmentation (aseg);Volume of WM-hypointensities in the whole brain generated by subcortical volumetric segmentation (aseg);Number of HolesBeforeFixing in the left hemisphere generated by subcortical volumetric segmentation (aseg);Volume of PuM in the left hemisphere generated by subcortical volumetric sub-segmentation of the Thalamic Nuclei;Area of caudalanteriorcingulate in the left hemisphere generated by parcellation of the white surface using Desikan-Killiany parcellation;Volume of superiorparietal in the left hemisphere generated by parcellation of the white surface using Desikan-Killiany parcellation;Volume of transversetemporal in the left hemisphere generated by parcellation of the white surface using Desikan-Killiany parcellation;Mean thickness of inferiortemporal in the right hemisphere generated by parcellation of the white surface using Desikan-Killiany parcellation;Volume of lateraloccipital in the right hemisphere generated by parcellation of the white surface using Desikan-Killiany parcellation;Area of transversetemporal in the left hemisphere generated by parcellation of the pial surface using Desikan-Killiany parcellation;Volume of perirhinal in the left hemisphere generated by parcellation of the white surface using BA_exvivo parcellation;Mean thickness of BA44 in the right hemisphere generated by parcellation of the white surface using BA_exvivo parcellation;Area of rostralmiddlefrontal in the left hemisphere generated by parcellation of the white surface using DKT parcellation;Volume of transversetemporal in the left hemisphere generated by parcellation of the white surface using DKT parcellation;Mean thickness of fusiform in the right hemisphere generated by parcellation of the white surface using DKT parcellation;Mean thickness of inferiortemporal in the right hemisphere generated by parcellation of the white surface using DKT parcellation;Volume of lateraloccipital in the right hemisphere generated by parcellation of the white surface using DKT parcellation;Area of G-front-middle in the left hemisphere generated by parcellation of the white surface using Destrieux (a2009s) parcellation;Area of G-Ins-lg+S-cent-ins in the left hemisphere generated by parcellation of the white surface using Destrieux (a2009s) parcellation;Area of Lat-Fis-post in the left hemisphere generated by parcellation of the white surface using Destrieux (a2009s) parcellation;Area of S-collat-transv-post in the left hemisphere generated by parcellation of the white surface using Destrieux (a2009s) parcellation;Mean thickness of G-temporal-inf in the left hemisphere generated by parcellation of the white surface using Destrieux (a2009s) parcellation;Mean thickness of S-front-middle in the left hemisphere generated by parcellation of the white surface using Destrieux (a2009s) parcellation;Mean thickness of S-orbital-lateral in the left hemisphere generated by parcellation of the white surface using Destrieux (a2009s) parcellation;Volume of G-Ins-lg+S-cent-ins in the left hemisphere generated by parcellation of the white surface using Destrieux (a2009s) parcellation;Volume of S-intrapariet+P-trans in the left hemisphere generated by parcellation of the white surface using Destrieux (a2009s) parcellation;Mean thickness of G+S-transv-frontopol in the right hemisphere generated by parcellation of the white surface using Destrieux (a2009s) parcellation;Mean thickness of G-temporal-inf in the right hemisphere generated by parcellation of the white surface using Destrieux (a2009s) parcellation"
"RELB","Volume of grey matter in Left Superior Temporal Gyrus, posterior division;Volume of grey matter in Left Planum Temporale;Volume of grey matter in Vermis VIIIa Cerebellum;Mean intensity of CC-Posterior in the whole brain generated by subcortical volumetric segmentation (aseg);Volume of WM-hypointensities in the whole brain generated by subcortical volumetric segmentation (aseg);Number of HolesBeforeFixing in the left hemisphere generated by subcortical volumetric segmentation (aseg);Volume of PuM in the left hemisphere generated by subcortical volumetric sub-segmentation of the Thalamic Nuclei;Volume of Pt in the left hemisphere generated by subcortical volumetric sub-segmentation of the Thalamic Nuclei;Area of caudalanteriorcingulate in the left hemisphere generated by parcellation of the white surface using Desikan-Killiany parcellation;Volume of superiorparietal in the left hemisphere generated by parcellation of the white surface using Desikan-Killiany parcellation;Volume of transversetemporal in the left hemisphere generated by parcellation of the white surface using Desikan-Killiany parcellation;Mean thickness of inferiortemporal in the right hemisphere generated by parcellation of the white surface using Desikan-Killiany parcellation;Volume of lateraloccipital in the right hemisphere generated by parcellation of the white surface using Desikan-Killiany parcellation;Area of transversetemporal in the left hemisphere generated by parcellation of the pial surface using Desikan-Killiany parcellation;Volume of perirhinal in the left hemisphere generated by parcellation of the white surface using BA_exvivo parcellation;Mean thickness of BA44 in the right hemisphere generated by parcellation of the white surface using BA_exvivo parcellation;Area of rostralmiddlefrontal in the left hemisphere generated by parcellation of the white surface using DKT parcellation;Volume of transversetemporal in the left hemisphere generated by parcellation of the white surface using DKT parcellation;Mean thickness of fusiform in the right hemisphere generated by parcellation of the white surface using DKT parcellation;Mean thickness of inferiortemporal in the right hemisphere generated by parcellation of the white surface using DKT parcellation;Volume of lateraloccipital in the right hemisphere generated by parcellation of the white surface using DKT parcellation;Area of G-front-middle in the left hemisphere generated by parcellation of the white surface using Destrieux (a2009s) parcellation;Area of G-Ins-lg+S-cent-ins in the left hemisphere generated by parcellation of the white surface using Destrieux (a2009s) parcellation;Area of Lat-Fis-post in the left hemisphere generated by parcellation of the white surface using Destrieux (a2009s) parcellation;Mean thickness of G-temporal-inf in the left hemisphere generated by parcellation of the white surface using Destrieux (a2009s) parcellation;Mean thickness of S-front-middle in the left hemisphere generated by parcellation of the white surface using Destrieux (a2009s) parcellation;Volume of G-Ins-lg+S-cent-ins in the left hemisphere generated by parcellation of the white surface using Destrieux (a2009s) parcellation;Volume of S-intrapariet+P-trans in the left hemisphere generated by parcellation of the white surface using Destrieux (a2009s) parcellation;Mean thickness of G+S-transv-frontopol in the right hemisphere generated by parcellation of the white surface using Destrieux (a2009s) parcellation;Mean thickness of G-temporal-inf in the right hemisphere generated by parcellation of the white surface using Destrieux (a2009s) parcellation"
"RNU6-66P","Volume of grey matter in Right Precentral Gyrus;Mean intensity of CC-Anterior in the whole brain generated by subcortical volumetric segmentation (aseg);Mean intensity of Pallidum in the right hemisphere generated by subcortical volumetric segmentation (aseg);Volume of L-Sg in the right hemisphere generated by subcortical volumetric sub-segmentation of the Thalamic Nuclei;Volume of VPL in the right hemisphere generated by subcortical volumetric sub-segmentation of the Thalamic Nuclei;Volume of Pt in the right hemisphere generated by subcortical volumetric sub-segmentation of the Thalamic Nuclei;Area of insula in the left hemisphere generated by parcellation of the white surface using Desikan-Killiany parcellation;Mean thickness of isthmuscingulate in the right hemisphere generated by parcellation of the white surface using Desikan-Killiany parcellation;Volume of fusiform in the right hemisphere generated by parcellation of the white surface using Desikan-Killiany parcellation;Volume of insula in the right hemisphere generated by parcellation of the white surface using Desikan-Killiany parcellation;Area of fusiform in the right hemisphere generated by parcellation of the pial surface using Desikan-Killiany parcellation;Grey-white contrast in inferiortemporal in the right hemisphere calculated as a percentage of the mean gray-white matter intensity from Desikan-Killiany parcellation;Grey-white contrast in transversetemporal in the right hemisphere calculated as a percentage of the mean gray-white matter intensity from Desikan-Killiany parcellation;Volume of BA4p in the left hemisphere generated by parcellation of the white surface using BA_exvivo parcellation;Area of insula in the left hemisphere generated by parcellation of the white surface using DKT parcellation;Area of transversetemporal in the right hemisphere generated by parcellation of the white surface using DKT parcellation;Volume of fusiform in the right hemisphere generated by parcellation of the white surface using DKT parcellation;Volume of insula in the right hemisphere generated by parcellation of the white surface using DKT parcellation;Mean thickness of G+S-cingul-Mid-Post in the left hemisphere generated by parcellation of the white surface using Destrieux (a2009s) parcellation"
"TOMM40","Volume of grey matter in Left Superior Temporal Gyrus, posterior division;Volume of grey matter in Left Precuneous Cortex;Volume of grey matter in Left Planum Temporale;Volume of grey matter in Vermis VIIIa Cerebellum;Mean intensity of CC-Posterior in the whole brain generated by subcortical volumetric segmentation (aseg);Volume of WM-hypointensities in the whole brain generated by subcortical volumetric segmentation (aseg);Number of HolesBeforeFixing in the left hemisphere generated by subcortical volumetric segmentation (aseg);Volume of PuM in the left hemisphere generated by subcortical volumetric sub-segmentation of the Thalamic Nuclei;Volume of Pt in the left hemisphere generated by subcortical volumetric sub-segmentation of the Thalamic Nuclei;Area of caudalanteriorcingulate in the left hemisphere generated by parcellation of the white surface using Desikan-Killiany parcellation;Volume of superiorparietal in the left hemisphere generated by parcellation of the white surface using Desikan-Killiany parcellation;Volume of transversetemporal in the left hemisphere generated by parcellation of the white surface using Desikan-Killiany parcellation;Mean thickness of inferiortemporal in the right hemisphere generated by parcellation of the white surface using Desikan-Killiany parcellation;Volume of lateraloccipital in the right hemisphere generated by parcellation of the white surface using Desikan-Killiany parcellation;Area of transversetemporal in the left hemisphere generated by parcellation of the pial surface using Desikan-Killiany parcellation;Volume of perirhinal in the left hemisphere generated by parcellation of the white surface using BA_exvivo parcellation;Mean thickness of BA44 in the right hemisphere generated by parcellation of the white surface using BA_exvivo parcellation;Area of rostralmiddlefrontal in the left hemisphere generated by parcellation of the white surface using DKT parcellation;Volume of transversetemporal in the left hemisphere generated by parcellation of the white surface using DKT parcellation;Mean thickness of fusiform in the right hemisphere generated by parcellation of the white surface using DKT parcellation;Mean thickness of inferiortemporal in the right hemisphere generated by parcellation of the white surface using DKT parcellation;Volume of lateraloccipital in the right hemisphere generated by parcellation of the white surface using DKT parcellation;Area of G-front-middle in the left hemisphere generated by parcellation of the white surface using Destrieux (a2009s) parcellation;Area of G-Ins-lg+S-cent-ins in the left hemisphere generated by parcellation of the white surface using Destrieux (a2009s) parcellation;Area of Lat-Fis-post in the left hemisphere generated by parcellation of the white surface using Destrieux (a2009s) parcellation;Mean thickness of G-temporal-inf in the left hemisphere generated by parcellation of the white surface using Destrieux (a2009s) parcellation;Mean thickness of S-front-middle in the left hemisphere generated by parcellation of the white surface using Destrieux (a2009s) parcellation;Volume of G-Ins-lg+S-cent-ins in the left hemisphere generated by parcellation of the white surface using Destrieux (a2009s) parcellation;Volume of S-intrapariet+P-trans in the left hemisphere generated by parcellation of the white surface using Destrieux (a2009s) parcellation;Mean thickness of G+S-transv-frontopol in the right hemisphere generated by parcellation of the white surface using Destrieux (a2009s) parcellation;Mean thickness of G-temporal-inf in the right hemisphere generated by parcellation of the white surface using Destrieux (a2009s) parcellation"
"TRAPPC6A","Volume of grey matter in Left Superior Temporal Gyrus, posterior division;Volume of grey matter in Left Planum Temporale;Volume of grey matter in Vermis VIIIa Cerebellum;Mean intensity of CC-Posterior in the whole brain generated by subcortical volumetric segmentation (aseg);Volume of WM-hypointensities in the whole brain generated by subcortical volumetric segmentation (aseg);Number of HolesBeforeFixing in the left hemisphere generated by subcortical volumetric segmentation (aseg);Volume of PuM in the left hemisphere generated by subcortical volumetric sub-segmentation of the Thalamic Nuclei;Volume of Pt in the left hemisphere generated by subcortical volumetric sub-segmentation of the Thalamic Nuclei;Area of caudalanteriorcingulate in the left hemisphere generated by parcellation of the white surface using Desikan-Killiany parcellation;Area of medialorbitofrontal in the left hemisphere generated by parcellation of the white surface using Desikan-Killiany parcellation;Area of postcentral in the left hemisphere generated by parcellation of the white surface using Desikan-Killiany parcellation;Mean thickness of caudalmiddlefrontal in the left hemisphere generated by parcellation of the white surface using Desikan-Killiany parcellation;Mean thickness of supramarginal in the left hemisphere generated by parcellation of the white surface using Desikan-Killiany parcellation;Volume of superiorparietal in the left hemisphere generated by parcellation of the white surface using Desikan-Killiany parcellation;Volume of transversetemporal in the left hemisphere generated by parcellation of the white surface using Desikan-Killiany parcellation;Area of fusiform in the right hemisphere generated by parcellation of the white surface using Desikan-Killiany parcellation;Area of medialorbitofrontal in the right hemisphere generated by parcellation of the white surface using Desikan-Killiany parcellation;Area of paracentral in the right hemisphere generated by parcellation of the white surface using Desikan-Killiany parcellation;Area of superiorfrontal in the right hemisphere generated by parcellation of the white surface using Desikan-Killiany parcellation;Mean thickness of fusiform in the right hemisphere generated by parcellation of the white surface using Desikan-Killiany parcellation;Mean thickness of paracentral in the right hemisphere generated by parcellation of the white surface using Desikan-Killiany parcellation;Mean thickness of parsorbitalis in the right hemisphere generated by parcellation of the white surface using Desikan-Killiany parcellation;Mean thickness of parstriangularis in the right hemisphere generated by parcellation of the white surface using Desikan-Killiany parcellation;Mean thickness of rostralmiddlefrontal in the right hemisphere generated by parcellation of the white surface using Desikan-Killiany parcellation;Volume of lateraloccipital in the right hemisphere generated by parcellation of the white surface using Desikan-Killiany parcellation;Area of transversetemporal in the left hemisphere generated by parcellation of the pial surface using Desikan-Killiany parcellation;Area of TotalSurface in the right hemisphere generated by parcellation of the pial surface using Desikan-Killiany parcellation;Area of BA4p in the left hemisphere generated by parcellation of the white surface using BA_exvivo parcellation;Mean thickness of BA1 in the left hemisphere generated by parcellation of the white surface using BA_exvivo parcellation;Mean thickness of BA44 in the left hemisphere generated by parcellation of the white surface using BA_exvivo parcellation;Mean thickness of BA45 in the left hemisphere generated by parcellation of the white surface using BA_exvivo parcellation;Mean thickness of BA6 in the right hemisphere generated by parcellation of the white surface using BA_exvivo parcellation;Mean thickness of BA44 in the right hemisphere generated by parcellation of the white surface using BA_exvivo parcellation;Mean thickness of BA45 in the right hemisphere generated by parcellation of the white surface using BA_exvivo parcellation;Area of postcentral in the left hemisphere generated by parcellation of the white surface using DKT parcellation;Area of rostralanteriorcingulate in the left hemisphere generated by parcellation of the white surface using DKT parcellation;Area of rostralmiddlefrontal in the left hemisphere generated by parcellation of the white surface using DKT parcellation;Mean thickness of caudalmiddlefrontal in the left hemisphere generated by parcellation of the white surface using DKT parcellation;Mean thickness of supramarginal in the left hemisphere generated by parcellation of the white surface using DKT parcellation;Volume of transversetemporal in the left hemisphere generated by parcellation of the white surface using DKT parcellation;Area of medialorbitofrontal in the right hemisphere generated by parcellation of the white surface using DKT parcellation;Area of paracentral in the right hemisphere generated by parcellation of the white surface using DKT parcellation;Area of superiorfrontal in the right hemisphere generated by parcellation of the white surface using DKT parcellation;Mean thickness of fusiform in the right hemisphere generated by parcellation of the white surface using DKT parcellation;Mean thickness of paracentral in the right hemisphere generated by parcellation of the white surface using DKT parcellation;Mean thickness of parsopercularis in the right hemisphere generated by parcellation of the white surface using DKT parcellation;Mean thickness of parsorbitalis in the right hemisphere generated by parcellation of the white surface using DKT parcellation;Mean thickness of parstriangularis in the right hemisphere generated by parcellation of the white surface using DKT parcellation;Mean thickness of rostralmiddlefrontal in the right hemisphere generated by parcellation of the white surface using DKT parcellation;Volume of lateraloccipital in the right hemisphere generated by parcellation of the white surface using DKT parcellation;Area of G+S-cingul-Mid-Ant in the left hemisphere generated by parcellation of the white surface using Destrieux (a2009s) parcellation;Area of G-front-middle in the left hemisphere generated by parcellation of the white surface using Destrieux (a2009s) parcellation;Area of G-Ins-lg+S-cent-ins in the left hemisphere generated by parcellation of the white surface using Destrieux (a2009s) parcellation;Area of G-postcentral in the left hemisphere generated by parcellation of the white surface using Destrieux (a2009s) parcellation;Area of Lat-Fis-post in the left hemisphere generated by parcellation of the white surface using Destrieux (a2009s) parcellation;Area of S-front-middle in the left hemisphere generated by parcellation of the white surface using Destrieux (a2009s) parcellation;Mean thickness of G+S-cingul-Ant in the left hemisphere generated by parcellation of the white surface using Destrieux (a2009s) parcellation;Mean thickness of G-pariet-inf-Supramar in the left hemisphere generated by parcellation of the white surface using Destrieux (a2009s) parcellation;Mean thickness of S-circular-insula-sup in the left hemisphere generated by parcellation of the white surface using Destrieux (a2009s) parcellation;Mean thickness of S-front-inf in the left hemisphere generated by parcellation of the white surface using Destrieux (a2009s) parcellation;Mean thickness of S-front-middle in the left hemisphere generated by parcellation of the white surface using Destrieux (a2009s) parcellation;Volume of G-Ins-lg+S-cent-ins in the left hemisphere generated by parcellation of the white surface using Destrieux (a2009s) parcellation;Volume of S-intrapariet+P-trans in the left hemisphere generated by parcellation of the white surface using Destrieux (a2009s) parcellation;Area of G-front-sup in the right hemisphere generated by parcellation of the white surface using Destrieux (a2009s) parcellation;Area of G-temp-sup-Lateral in the right hemisphere generated by parcellation of the white surface using Destrieux (a2009s) parcellation;Area of S-circular-insula-inf in the right hemisphere generated by parcellation of the white surface using Destrieux (a2009s) parcellation;Mean thickness of G+S-transv-frontopol in the right hemisphere generated by parcellation of the white surface using Destrieux (a2009s) parcellation;Mean thickness of G-front-inf-Opercular in the right hemisphere generated by parcellation of the white surface using Destrieux (a2009s) parcellation;Mean thickness of G-front-inf-Orbital in the right hemisphere generated by parcellation of the white surface using Destrieux (a2009s) parcellation;Mean thickness of G-front-middle in the right hemisphere generated by parcellation of the white surface using Destrieux (a2009s) parcellation;Mean thickness of G-front-sup in the right hemisphere generated by parcellation of the white surface using Destrieux (a2009s) parcellation;Mean thickness of G-pariet-inf-Supramar in the right hemisphere generated by parcellation of the white surface using Destrieux (a2009s) parcellation;Mean thickness of S-front-inf in the right hemisphere generated by parcellation of the white surface using Destrieux (a2009s) parcellation;Mean thickness of S-front-middle in the right hemisphere generated by parcellation of the white surface using Destrieux (a2009s) parcellation"
"ZNF112","Volume of grey matter in Left Precuneous Cortex;Mean intensity of CC-Posterior in the whole brain generated by subcortical volumetric segmentation (aseg);Volume of WM-hypointensities in the whole brain generated by subcortical volumetric segmentation (aseg);Number of HolesBeforeFixing in the left hemisphere generated by subcortical volumetric segmentation (aseg);Volume of PuI in the left hemisphere generated by subcortical volumetric sub-segmentation of the Thalamic Nuclei;Area of caudalanteriorcingulate in the left hemisphere generated by parcellation of the white surface using Desikan-Killiany parcellation;Area of posteriorcingulate in the right hemisphere generated by parcellation of the white surface using Desikan-Killiany parcellation;Mean thickness of inferiortemporal in the right hemisphere generated by parcellation of the white surface using Desikan-Killiany parcellation;Volume of perirhinal in the left hemisphere generated by parcellation of the white surface using BA_exvivo parcellation;Mean thickness of BA44 in the right hemisphere generated by parcellation of the white surface using BA_exvivo parcellation;Mean thickness of fusiform in the right hemisphere generated by parcellation of the white surface using DKT parcellation;Mean thickness of inferiortemporal in the right hemisphere generated by parcellation of the white surface using DKT parcellation;Area of S-collat-transv-post in the left hemisphere generated by parcellation of the white surface using Destrieux (a2009s) parcellation;Mean thickness of G-temporal-inf in the left hemisphere generated by parcellation of the white surface using Destrieux (a2009s) parcellation;Mean thickness of S-orbital-lateral in the left hemisphere generated by parcellation of the white surface using Destrieux (a2009s) parcellation;Mean thickness of G-temporal-inf in the right hemisphere generated by parcellation of the white surface using Destrieux (a2009s) parcellation"
"ZNF180","Volume of grey matter in Left Superior Temporal Gyrus, posterior division;Volume of grey matter in Left Precuneous Cortex;Volume of grey matter in Left Planum Temporale;Volume of grey matter in Vermis VIIIa Cerebellum;Mean intensity of CC-Posterior in the whole brain generated by subcortical volumetric segmentation (aseg);Volume of WM-hypointensities in the whole brain generated by subcortical volumetric segmentation (aseg);Number of HolesBeforeFixing in the left hemisphere generated by subcortical volumetric segmentation (aseg);Area of caudalanteriorcingulate in the left hemisphere generated by parcellation of the white surface using Desikan-Killiany parcellation;Volume of superiorparietal in the left hemisphere generated by parcellation of the white surface using Desikan-Killiany parcellation;Volume of transversetemporal in the left hemisphere generated by parcellation of the white surface using Desikan-Killiany parcellation;Mean thickness of inferiortemporal in the right hemisphere generated by parcellation of the white surface using Desikan-Killiany parcellation;Area of transversetemporal in the left hemisphere generated by parcellation of the pial surface using Desikan-Killiany parcellation;Volume of perirhinal in the left hemisphere generated by parcellation of the white surface using BA_exvivo parcellation;Mean thickness of BA44 in the right hemisphere generated by parcellation of the white surface using BA_exvivo parcellation;Volume of transversetemporal in the left hemisphere generated by parcellation of the white surface using DKT parcellation;Mean thickness of fusiform in the right hemisphere generated by parcellation of the white surface using DKT parcellation;Mean thickness of inferiortemporal in the right hemisphere generated by parcellation of the white surface using DKT parcellation;Area of Lat-Fis-post in the left hemisphere generated by parcellation of the white surface using Destrieux (a2009s) parcellation;Area of S-collat-transv-post in the left hemisphere generated by parcellation of the white surface using Destrieux (a2009s) parcellation;Mean thickness of G-temporal-inf in the left hemisphere generated by parcellation of the white surface using Destrieux (a2009s) parcellation;Mean thickness of S-orbital-lateral in the left hemisphere generated by parcellation of the white surface using Destrieux (a2009s) parcellation;Mean thickness of G-temporal-inf in the right hemisphere generated by parcellation of the white surface using Destrieux (a2009s) parcellation"
"ZNF229","Volume of grey matter in Left Superior Temporal Gyrus, posterior division;Volume of grey matter in Left Precuneous Cortex;Volume of grey matter in Left Planum Temporale;Volume of grey matter in Vermis VIIIa Cerebellum;Mean intensity of CC-Posterior in the whole brain generated by subcortical volumetric segmentation (aseg);Volume of WM-hypointensities in the whole brain generated by subcortical volumetric segmentation (aseg);Number of HolesBeforeFixing in the left hemisphere generated by subcortical volumetric segmentation (aseg);Volume of PuI in the left hemisphere generated by subcortical volumetric sub-segmentation of the Thalamic Nuclei;Area of caudalanteriorcingulate in the left hemisphere generated by parcellation of the white surface using Desikan-Killiany parcellation;Volume of superiorparietal in the left hemisphere generated by parcellation of the white surface using Desikan-Killiany parcellation;Volume of transversetemporal in the left hemisphere generated by parcellation of the white surface using Desikan-Killiany parcellation;Area of posteriorcingulate in the right hemisphere generated by parcellation of the white surface using Desikan-Killiany parcellation;Mean thickness of inferiortemporal in the right hemisphere generated by parcellation of the white surface using Desikan-Killiany parcellation;Area of transversetemporal in the left hemisphere generated by parcellation of the pial surface using Desikan-Killiany parcellation;Volume of perirhinal in the left hemisphere generated by parcellation of the white surface using BA_exvivo parcellation;Mean thickness of BA44 in the right hemisphere generated by parcellation of the white surface using BA_exvivo parcellation;Volume of transversetemporal in the left hemisphere generated by parcellation of the white surface using DKT parcellation;Mean thickness of fusiform in the right hemisphere generated by parcellation of the white surface using DKT parcellation;Mean thickness of inferiortemporal in the right hemisphere generated by parcellation of the white surface using DKT parcellation;Area of Lat-Fis-post in the left hemisphere generated by parcellation of the white surface using Destrieux (a2009s) parcellation;Area of S-collat-transv-post in the left hemisphere generated by parcellation of the white surface using Destrieux (a2009s) parcellation;Mean thickness of G-temporal-inf in the left hemisphere generated by parcellation of the white surface using Destrieux (a2009s) parcellation;Mean thickness of S-orbital-lateral in the left hemisphere generated by parcellation of the white surface using Destrieux (a2009s) parcellation;Mean thickness of G-temporal-inf in the right hemisphere generated by parcellation of the white surface using Destrieux (a2009s) parcellation"
"ZNF285","Volume of grey matter in Left Superior Temporal Gyrus, posterior division;Volume of grey matter in Left Precuneous Cortex;Volume of grey matter in Left Planum Temporale;Volume of grey matter in Vermis VIIIa Cerebellum;Mean intensity of CC-Posterior in the whole brain generated by subcortical volumetric segmentation (aseg);Volume of WM-hypointensities in the whole brain generated by subcortical volumetric segmentation (aseg);Number of HolesBeforeFixing in the left hemisphere generated by subcortical volumetric segmentation (aseg);Volume of PuI in the left hemisphere generated by subcortical volumetric sub-segmentation of the Thalamic Nuclei;Area of caudalanteriorcingulate in the left hemisphere generated by parcellation of the white surface using Desikan-Killiany parcellation;Volume of superiorparietal in the left hemisphere generated by parcellation of the white surface using Desikan-Killiany parcellation;Volume of transversetemporal in the left hemisphere generated by parcellation of the white surface using Desikan-Killiany parcellation;Area of posteriorcingulate in the right hemisphere generated by parcellation of the white surface using Desikan-Killiany parcellation;Mean thickness of inferiortemporal in the right hemisphere generated by parcellation of the white surface using Desikan-Killiany parcellation;Area of transversetemporal in the left hemisphere generated by parcellation of the pial surface using Desikan-Killiany parcellation;Volume of perirhinal in the left hemisphere generated by parcellation of the white surface using BA_exvivo parcellation;Mean thickness of BA44 in the right hemisphere generated by parcellation of the white surface using BA_exvivo parcellation;Volume of transversetemporal in the left hemisphere generated by parcellation of the white surface using DKT parcellation;Mean thickness of fusiform in the right hemisphere generated by parcellation of the white surface using DKT parcellation;Mean thickness of inferiortemporal in the right hemisphere generated by parcellation of the white surface using DKT parcellation;Area of Lat-Fis-post in the left hemisphere generated by parcellation of the white surface using Destrieux (a2009s) parcellation;Area of S-collat-transv-post in the left hemisphere generated by parcellation of the white surface using Destrieux (a2009s) parcellation;Mean thickness of G-temporal-inf in the left hemisphere generated by parcellation of the white surface using Destrieux (a2009s) parcellation;Mean thickness of S-orbital-lateral in the left hemisphere generated by parcellation of the white surface using Destrieux (a2009s) parcellation;Mean thickness of G-temporal-inf in the right hemisphere generated by parcellation of the white surface using Destrieux (a2009s) parcellation"
"ZNF296","Volume of grey matter in Left Superior Temporal Gyrus, posterior division;Volume of grey matter in Left Planum Temporale;Volume of grey matter in Vermis VIIIa Cerebellum;Mean intensity of CC-Posterior in the whole brain generated by subcortical volumetric segmentation (aseg);Volume of WM-hypointensities in the whole brain generated by subcortical volumetric segmentation (aseg);Number of HolesBeforeFixing in the left hemisphere generated by subcortical volumetric segmentation (aseg);Volume of PuM in the left hemisphere generated by subcortical volumetric sub-segmentation of the Thalamic Nuclei;Volume of Pt in the left hemisphere generated by subcortical volumetric sub-segmentation of the Thalamic Nuclei;Area of caudalanteriorcingulate in the left hemisphere generated by parcellation of the white surface using Desikan-Killiany parcellation;Volume of superiorparietal in the left hemisphere generated by parcellation of the white surface using Desikan-Killiany parcellation;Volume of transversetemporal in the left hemisphere generated by parcellation of the white surface using Desikan-Killiany parcellation;Volume of lateraloccipital in the right hemisphere generated by parcellation of the white surface using Desikan-Killiany parcellation;Area of transversetemporal in the left hemisphere generated by parcellation of the pial surface using Desikan-Killiany parcellation;Volume of perirhinal in the left hemisphere generated by parcellation of the white surface using BA_exvivo parcellation;Mean thickness of BA44 in the right hemisphere generated by parcellation of the white surface using BA_exvivo parcellation;Area of rostralmiddlefrontal in the left hemisphere generated by parcellation of the white surface using DKT parcellation;Volume of transversetemporal in the left hemisphere generated by parcellation of the white surface using DKT parcellation;Volume of lateraloccipital in the right hemisphere generated by parcellation of the white surface using DKT parcellation;Area of G-front-middle in the left hemisphere generated by parcellation of the white surface using Destrieux (a2009s) parcellation;Area of G-Ins-lg+S-cent-ins in the left hemisphere generated by parcellation of the white surface using Destrieux (a2009s) parcellation;Area of Lat-Fis-post in the left hemisphere generated by parcellation of the white surface using Destrieux (a2009s) parcellation;Mean thickness of G-temporal-inf in the left hemisphere generated by parcellation of the white surface using Destrieux (a2009s) parcellation;Mean thickness of S-front-middle in the left hemisphere generated by parcellation of the white surface using Destrieux (a2009s) parcellation;Volume of G-Ins-lg+S-cent-ins in the left hemisphere generated by parcellation of the white surface using Destrieux (a2009s) parcellation;Volume of S-intrapariet+P-trans in the left hemisphere generated by parcellation of the white surface using Destrieux (a2009s) parcellation;Mean thickness of G+S-transv-frontopol in the right hemisphere generated by parcellation of the white surface using Destrieux (a2009s) parcellation"
